price,sqft,bedrooms,baths,age,occupancy,pool,style,fireplace,waterfront,dom
66500.0,741.0,1.0,1.0,18.0,1.0,1.0,1.0,1.0,0.0,6.0
66000.0,741.0,1.0,1.0,18.0,2.0,1.0,1.0,0.0,0.0,23.0
68500.0,790.0,1.0,1.0,18.0,1.0,0.0,1.0,1.0,0.0,8.0
102000.0,2783.0,2.0,2.0,18.0,1.0,0.0,1.0,1.0,0.0,50.0
54000.0,1165.0,2.0,1.0,35.0,2.0,0.0,1.0,0.0,0.0,190.0
143000.0,2331.0,2.0,2.0,25.0,1.0,0.0,1.0,1.0,0.0,86.0
98900.0,1228.0,2.0,2.0,25.0,3.0,0.0,1.0,1.0,0.0,123.0
98350.0,1228.0,2.0,2.0,25.0,2.0,0.0,1.0,1.0,0.0,137.0
98847.0,1228.0,2.0,2.0,25.0,2.0,0.0,1.0,1.0,0.0,168.0
98900.0,1228.0,2.0,2.0,25.0,2.0,0.0,1.0,1.0,0.0,135.0
101313.0,1228.0,2.0,2.0,25.0,2.0,0.0,1.0,1.0,0.0,132.0
125000.0,1520.0,2.0,2.0,18.0,1.0,0.0,1.0,0.0,0.0,33.0
62500.0,1440.0,2.0,2.0,25.0,3.0,0.0,1.0,1.0,0.0,113.0
92000.0,1001.0,2.0,2.0,25.0,1.0,0.0,1.0,0.0,0.0,96.0
120000.0,1438.0,2.0,1.0,45.0,1.0,0.0,1.0,0.0,0.0,30.0
23000.0,956.0,2.0,1.0,35.0,2.0,0.0,1.0,0.0,0.0,51.0
22654.0,1080.0,2.0,1.0,63.0,2.0,0.0,1.0,0.0,0.0,8.0
95000.0,1745.0,2.0,1.0,45.0,1.0,0.0,1.0,0.0,0.0,41.0
64900.0,971.0,2.0,1.0,45.0,2.0,0.0,1.0,0.0,0.0,176.0
75000.0,1303.0,2.0,1.0,45.0,2.0,0.0,1.0,0.0,0.0,329.0
68000.0,1590.0,2.0,1.0,35.0,2.0,0.0,1.0,0.0,0.0,65.0
23000.0,933.0,2.0,1.0,45.0,2.0,0.0,1.0,0.0,0.0,3.0
40101.0,850.0,2.0,1.0,63.0,2.0,0.0,1.0,0.0,0.0,4.0
93000.0,2332.0,2.0,2.0,25.0,1.0,0.0,1.0,0.0,0.0,66.0
58500.0,1562.0,2.0,1.0,35.0,2.0,0.0,1.0,0.0,0.0,83.0
103500.0,1452.0,3.0,2.0,18.0,2.0,0.0,1.0,0.0,0.0,14.0
102565.0,2890.0,3.0,2.0,25.0,1.0,1.0,1.0,1.0,0.0,15.0
97900.0,2419.0,3.0,2.0,18.0,2.0,0.0,1.0,0.0,0.0,46.0
99000.0,1808.0,3.0,2.0,18.0,1.0,0.0,1.0,0.0,0.0,7.0
82000.0,1396.0,3.0,2.0,35.0,1.0,0.0,1.0,0.0,0.0,27.0
171500.0,2216.0,3.0,2.0,5.0,1.0,0.0,1.0,1.0,0.0,11.0
135900.0,1425.0,3.0,2.0,18.0,2.0,0.0,1.0,1.0,0.0,0.0
80001.0,2291.0,3.0,2.0,25.0,2.0,0.0,1.0,1.0,0.0,7.0
136000.0,2024.0,3.0,2.0,5.0,2.0,0.0,1.0,1.0,1.0,10.0
167500.0,2560.0,3.0,2.0,2.0,1.0,0.0,1.0,1.0,0.0,149.0
134000.0,2246.0,3.0,2.0,5.0,2.0,0.0,1.0,1.0,0.0,97.0
270000.0,5814.0,3.0,3.0,63.0,1.0,0.0,1.0,1.0,1.0,3.0
315000.0,3835.0,3.0,2.0,63.0,2.0,0.0,1.0,1.0,0.0,48.0
207000.0,2870.0,3.0,2.0,13.0,1.0,0.0,1.0,1.0,0.0,32.0
197500.0,3128.0,3.0,2.0,63.0,1.0,0.0,1.0,1.0,0.0,37.0
335000.0,3060.0,3.0,2.0,45.0,1.0,0.0,1.0,0.0,0.0,7.0
219000.0,2918.0,3.0,3.0,63.0,2.0,0.0,1.0,1.0,0.0,263.0
189900.0,1936.0,3.0,2.0,45.0,1.0,0.0,1.0,1.0,0.0,11.0
79900.0,2610.0,3.0,1.0,45.0,1.0,0.0,1.0,0.0,0.0,77.0
123400.0,2446.0,3.0,2.0,45.0,1.0,0.0,1.0,0.0,0.0,70.0
123000.0,2590.0,3.0,2.0,45.0,2.0,0.0,1.0,0.0,0.0,21.0
130500.0,2910.0,3.0,2.0,45.0,2.0,0.0,1.0,0.0,0.0,45.0
128000.0,1304.0,3.0,2.0,45.0,2.0,0.0,1.0,0.0,0.0,22.0
68000.0,1342.0,3.0,1.0,35.0,2.0,0.0,1.0,0.0,0.0,380.0
62000.0,1090.0,3.0,1.0,35.0,2.0,0.0,1.0,0.0,0.0,168.0
124000.0,2989.0,3.0,2.0,45.0,1.0,0.0,1.0,0.0,0.0,50.0
50000.0,2191.0,3.0,1.0,45.0,2.0,0.0,1.0,0.0,0.0,32.0
89900.0,1393.0,3.0,1.0,45.0,1.0,0.0,1.0,0.0,0.0,43.0
125000.0,1912.0,3.0,2.0,45.0,1.0,0.0,1.0,0.0,0.0,8.0
147000.0,2126.0,3.0,2.0,45.0,1.0,0.0,1.0,1.0,0.0,66.0
246000.0,2666.0,3.0,2.0,45.0,1.0,0.0,1.0,1.0,0.0,10.0
76000.0,1286.0,3.0,1.0,35.0,2.0,0.0,1.0,0.0,0.0,25.0
135000.0,2135.0,3.0,2.0,25.0,2.0,0.0,1.0,1.0,0.0,46.0
85000.0,1400.0,3.0,2.0,35.0,1.0,0.0,1.0,0.0,0.0,26.0
124900.0,2272.0,3.0,2.0,35.0,2.0,0.0,1.0,1.0,0.0,34.0
98900.0,1956.0,3.0,1.0,35.0,1.0,0.0,1.0,1.0,0.0,34.0
120000.0,1644.0,3.0,2.0,35.0,1.0,0.0,1.0,0.0,0.0,24.0
134000.0,2692.0,3.0,2.0,35.0,1.0,1.0,1.0,0.0,0.0,57.0
115495.0,2707.0,3.0,2.0,25.0,1.0,0.0,1.0,0.0,0.0,21.0
81900.0,1404.0,3.0,2.0,45.0,1.0,0.0,1.0,0.0,0.0,32.0
34000.0,1111.0,3.0,1.0,35.0,1.0,0.0,1.0,0.0,0.0,1.0
91500.0,1519.0,3.0,1.0,35.0,1.0,0.0,1.0,1.0,0.0,20.0
109200.0,2100.0,3.0,2.0,25.0,2.0,0.0,1.0,0.0,0.0,17.0
42000.0,1370.0,3.0,1.0,35.0,2.0,0.0,1.0,0.0,0.0,49.0
110000.0,1819.0,3.0,2.0,35.0,2.0,0.0,1.0,0.0,0.0,5.0
142000.0,2545.0,3.0,2.0,35.0,1.0,0.0,1.0,0.0,0.0,92.0
79900.0,1511.0,3.0,1.0,25.0,1.0,0.0,1.0,0.0,0.0,6.0
134900.0,2403.0,3.0,2.0,25.0,1.0,0.0,1.0,1.0,0.0,80.0
130000.0,2468.0,3.0,2.0,25.0,1.0,0.0,1.0,1.0,0.0,30.0
125000.0,2367.0,3.0,2.0,25.0,2.0,0.0,1.0,1.0,0.0,85.0
108000.0,2461.0,3.0,3.0,25.0,1.0,1.0,1.0,0.0,0.0,51.0
133000.0,2496.0,3.0,2.0,25.0,1.0,0.0,1.0,1.0,0.0,9.0
126000.0,2301.0,3.0,2.0,25.0,1.0,0.0,1.0,1.0,0.0,15.0
121900.0,2200.0,3.0,2.0,25.0,1.0,0.0,1.0,1.0,0.0,26.0
116000.0,2453.0,3.0,2.0,25.0,1.0,0.0,1.0,1.0,0.0,52.0
135000.0,2876.0,3.0,2.0,25.0,1.0,0.0,1.0,1.0,0.0,44.0
150000.0,2523.0,3.0,2.0,25.0,1.0,0.0,1.0,1.0,0.0,31.0
136400.0,2534.0,3.0,2.0,25.0,1.0,0.0,1.0,1.0,0.0,130.0
97500.0,1790.0,3.0,2.0,25.0,1.0,0.0,1.0,1.0,0.0,11.0
141000.0,2703.0,3.0,2.0,25.0,1.0,0.0,1.0,1.0,0.0,39.0
185000.0,2495.0,3.0,2.0,18.0,1.0,0.0,1.0,1.0,0.0,68.0
127000.0,2009.0,3.0,2.0,35.0,1.0,0.0,1.0,1.0,0.0,112.0
290000.0,2824.0,3.0,2.0,25.0,1.0,0.0,1.0,1.0,0.0,73.0
95700.0,1485.0,3.0,2.0,25.0,2.0,0.0,1.0,1.0,0.0,89.0
139900.0,3266.0,3.0,2.0,25.0,2.0,0.0,1.0,1.0,0.0,8.0
97500.0,1358.0,3.0,2.0,25.0,1.0,0.0,1.0,1.0,0.0,35.0
90900.0,1337.0,3.0,1.0,25.0,1.0,0.0,1.0,1.0,0.0,121.0
72500.0,1411.0,3.0,1.0,25.0,2.0,0.0,1.0,1.0,0.0,13.0
137500.0,1965.0,3.0,2.0,25.0,1.0,0.0,1.0,1.0,0.0,11.0
116000.0,1843.0,3.0,2.0,18.0,1.0,0.0,1.0,0.0,0.0,5.0
121500.0,1897.0,3.0,2.0,13.0,2.0,0.0,1.0,1.0,0.0,140.0
149900.0,2486.0,3.0,2.0,18.0,1.0,0.0,1.0,0.0,0.0,7.0
99000.0,1467.0,3.0,2.0,18.0,1.0,0.0,1.0,1.0,0.0,78.0
100000.0,1453.0,3.0,2.0,18.0,1.0,0.0,1.0,0.0,0.0,8.0
208000.0,3157.0,3.0,2.0,18.0,1.0,0.0,1.0,1.0,0.0,21.0
130000.0,1296.0,3.0,2.0,18.0,3.0,0.0,1.0,1.0,0.0,60.0
102500.0,1800.0,3.0,2.0,25.0,2.0,0.0,1.0,0.0,0.0,35.0
190000.0,3264.0,3.0,2.0,18.0,1.0,1.0,1.0,1.0,0.0,5.0
119400.0,1996.0,3.0,2.0,18.0,1.0,0.0,1.0,1.0,0.0,17.0
212500.0,3453.0,3.0,2.0,13.0,1.0,0.0,1.0,1.0,0.0,2.0
263000.0,3682.0,3.0,2.0,13.0,1.0,0.0,1.0,1.0,0.0,8.0
125000.0,1879.0,3.0,2.0,13.0,1.0,0.0,1.0,1.0,0.0,72.0
125000.0,2071.0,3.0,2.0,13.0,1.0,0.0,1.0,1.0,0.0,16.0
206500.0,2132.0,3.0,2.0,13.0,1.0,0.0,1.0,1.0,0.0,60.0
117500.0,1979.0,3.0,2.0,8.0,1.0,0.0,1.0,1.0,0.0,22.0
175000.0,2469.0,3.0,2.0,8.0,2.0,0.0,1.0,1.0,0.0,19.0
192500.0,2681.0,3.0,2.0,8.0,1.0,0.0,1.0,1.0,1.0,56.0
111900.0,1615.0,3.0,2.0,8.0,2.0,0.0,1.0,0.0,0.0,192.0
260000.0,3052.0,3.0,2.0,8.0,1.0,0.0,1.0,1.0,1.0,33.0
95000.0,2332.0,3.0,2.0,8.0,2.0,0.0,1.0,0.0,0.0,37.0
188000.0,3125.0,3.0,2.0,8.0,1.0,0.0,1.0,1.0,0.0,10.0
138900.0,2083.0,3.0,2.0,8.0,1.0,0.0,1.0,1.0,0.0,61.0
163000.0,2207.0,3.0,2.0,8.0,1.0,0.0,1.0,1.0,0.0,76.0
115000.0,2007.0,3.0,2.0,8.0,2.0,0.0,1.0,1.0,0.0,6.0
142900.0,1995.0,3.0,2.0,8.0,1.0,1.0,1.0,1.0,0.0,49.0
168500.0,2201.0,3.0,2.0,8.0,1.0,0.0,1.0,1.0,0.0,30.0
146000.0,2128.0,3.0,2.0,8.0,1.0,0.0,1.0,1.0,0.0,32.0
106000.0,1843.0,3.0,2.0,8.0,2.0,0.0,1.0,1.0,0.0,5.0
124400.0,1848.0,3.0,2.0,8.0,1.0,0.0,1.0,1.0,0.0,176.0
124000.0,1372.0,3.0,2.0,8.0,1.0,0.0,1.0,1.0,0.0,7.0
177500.0,2636.0,3.0,2.0,8.0,1.0,0.0,1.0,1.0,0.0,8.0
149900.0,2228.0,3.0,2.0,1.0,2.0,0.0,1.0,1.0,0.0,77.0
161500.0,2302.0,3.0,2.0,8.0,1.0,0.0,1.0,1.0,0.0,28.0
142900.0,1992.0,3.0,2.0,8.0,1.0,0.0,1.0,1.0,0.0,70.0
161900.0,2415.0,3.0,2.0,5.0,1.0,0.0,1.0,1.0,0.0,30.0
100900.0,1514.0,3.0,2.0,8.0,1.0,0.0,1.0,0.0,0.0,11.0
146400.0,2444.0,3.0,2.0,8.0,1.0,0.0,1.0,1.0,0.0,42.0
113700.0,2016.0,3.0,2.0,5.0,1.0,0.0,1.0,0.0,0.0,5.0
171000.0,1588.0,3.0,2.0,5.0,3.0,0.0,1.0,0.0,0.0,51.0
168000.0,2325.0,3.0,2.0,5.0,1.0,1.0,1.0,1.0,0.0,24.0
149000.0,2135.0,3.0,2.0,5.0,1.0,0.0,1.0,1.0,0.0,37.0
125000.0,1882.0,3.0,2.0,5.0,2.0,0.0,1.0,1.0,0.0,77.0
75000.0,1617.0,3.0,2.0,5.0,2.0,0.0,1.0,0.0,0.0,40.0
125000.0,2127.0,3.0,2.0,2.0,2.0,0.0,1.0,0.0,0.0,59.0
130900.0,2062.0,3.0,2.0,5.0,1.0,1.0,1.0,1.0,1.0,18.0
109500.0,1970.0,3.0,2.0,5.0,1.0,0.0,1.0,0.0,0.0,11.0
103900.0,1716.0,3.0,2.0,5.0,1.0,0.0,1.0,0.0,0.0,8.0
127800.0,2131.0,3.0,2.0,5.0,1.0,0.0,1.0,1.0,0.0,11.0
219000.0,2200.0,3.0,2.0,2.0,1.0,0.0,1.0,1.0,0.0,122.0
110050.0,2084.0,3.0,2.0,2.0,2.0,0.0,1.0,1.0,0.0,12.0
206000.0,2342.0,3.0,2.0,2.0,2.0,0.0,1.0,1.0,0.0,27.0
95000.0,1741.0,3.0,2.0,2.0,2.0,0.0,1.0,0.0,0.0,175.0
122000.0,2044.0,3.0,2.0,2.0,1.0,0.0,1.0,1.0,0.0,147.0
214000.0,3041.0,3.0,2.0,2.0,1.0,0.0,1.0,1.0,0.0,70.0
115900.0,1700.0,3.0,2.0,2.0,1.0,0.0,1.0,1.0,1.0,4.0
122900.0,2312.0,3.0,2.0,2.0,1.0,0.0,1.0,0.0,0.0,7.0
129900.0,2072.0,3.0,2.0,2.0,1.0,0.0,1.0,1.0,0.0,20.0
155536.0,2348.0,3.0,2.0,2.0,1.0,0.0,1.0,1.0,0.0,44.0
169900.0,2342.0,3.0,2.0,2.0,1.0,0.0,1.0,1.0,0.0,50.0
153900.0,2522.0,3.0,2.0,1.0,2.0,0.0,1.0,1.0,0.0,133.0
107900.0,1707.0,3.0,2.0,2.0,1.0,0.0,1.0,1.0,0.0,6.0
131000.0,2122.0,3.0,2.0,2.0,2.0,0.0,1.0,0.0,0.0,21.0
114500.0,2103.0,3.0,2.0,2.0,2.0,0.0,1.0,1.0,0.0,18.0
114900.0,1805.0,3.0,2.0,2.0,1.0,0.0,1.0,0.0,0.0,57.0
130000.0,1980.0,3.0,2.0,2.0,2.0,0.0,1.0,0.0,0.0,460.0
135500.0,2122.0,3.0,2.0,1.0,2.0,0.0,1.0,0.0,0.0,390.0
157900.0,2462.0,3.0,2.0,1.0,2.0,0.0,1.0,1.0,0.0,221.0
161000.0,2420.0,3.0,2.0,1.0,2.0,0.0,1.0,1.0,1.0,447.0
124900.0,1840.0,3.0,2.0,1.0,2.0,0.0,1.0,1.0,0.0,7.0
120000.0,1864.0,3.0,2.0,1.0,2.0,0.0,1.0,1.0,0.0,84.0
124175.0,1864.0,3.0,2.0,1.0,2.0,0.0,1.0,1.0,0.0,57.0
165900.0,2174.0,3.0,2.0,1.0,2.0,0.0,1.0,1.0,0.0,154.0
207255.0,2135.0,3.0,2.0,1.0,1.0,0.0,1.0,0.0,0.0,36.0
252900.0,2977.0,3.0,2.0,1.0,2.0,0.0,1.0,1.0,0.0,276.0
226900.0,2879.0,3.0,2.0,1.0,2.0,0.0,1.0,1.0,0.0,88.0
132000.0,1873.0,3.0,2.0,1.0,2.0,0.0,1.0,1.0,0.0,163.0
124900.0,1921.0,3.0,2.0,1.0,2.0,0.0,1.0,1.0,0.0,155.0
135900.0,1405.0,3.0,2.0,1.0,2.0,0.0,1.0,0.0,0.0,51.0
158000.0,2376.0,3.0,2.0,1.0,2.0,0.0,1.0,1.0,0.0,34.0
154650.0,2211.0,3.0,2.0,1.0,2.0,0.0,1.0,1.0,0.0,1.0
188900.0,2813.0,3.0,2.0,13.0,2.0,0.0,1.0,1.0,0.0,10.0
175000.0,2076.0,3.0,2.0,5.0,2.0,0.0,1.0,0.0,0.0,17.0
162900.0,2010.0,3.0,2.0,1.0,2.0,0.0,1.0,0.0,0.0,2.0
115900.0,2554.0,3.0,2.0,45.0,1.0,0.0,1.0,1.0,0.0,162.0
109000.0,2145.0,3.0,2.0,25.0,1.0,0.0,1.0,1.0,0.0,40.0
110000.0,1806.0,3.0,2.0,18.0,1.0,0.0,1.0,1.0,0.0,36.0
100300.0,1745.0,3.0,1.0,35.0,1.0,0.0,1.0,0.0,0.0,11.0
126900.0,2623.0,3.0,2.0,25.0,1.0,0.0,1.0,0.0,0.0,22.0
92000.0,1401.0,3.0,1.0,35.0,1.0,0.0,1.0,0.0,0.0,4.0
98400.0,2037.0,3.0,2.0,25.0,1.0,0.0,1.0,0.0,0.0,26.0
66000.0,1589.0,3.0,2.0,25.0,2.0,0.0,1.0,0.0,0.0,11.0
93300.0,1501.0,3.0,1.0,35.0,2.0,0.0,1.0,0.0,0.0,10.0
89000.0,1588.0,3.0,2.0,25.0,2.0,0.0,1.0,0.0,0.0,101.0
97500.0,1584.0,3.0,2.0,25.0,1.0,0.0,1.0,1.0,0.0,34.0
110000.0,1945.0,3.0,2.0,25.0,1.0,0.0,1.0,1.0,0.0,44.0
113000.0,2166.0,3.0,2.0,25.0,1.0,0.0,1.0,1.0,0.0,30.0
99900.0,1495.0,3.0,2.0,25.0,1.0,0.0,1.0,0.0,0.0,10.0
98500.0,2296.0,3.0,2.0,35.0,3.0,0.0,1.0,0.0,0.0,60.0
105000.0,1927.0,3.0,2.0,25.0,2.0,0.0,1.0,0.0,0.0,93.0
112000.0,1964.0,3.0,2.0,25.0,1.0,0.0,1.0,1.0,0.0,96.0
116300.0,2773.0,3.0,2.0,25.0,1.0,0.0,1.0,1.0,0.0,24.0
119000.0,2113.0,3.0,2.0,25.0,1.0,1.0,1.0,1.0,0.0,16.0
143000.0,2452.0,3.0,2.0,18.0,1.0,0.0,1.0,1.0,0.0,7.0
116000.0,2303.0,3.0,2.0,25.0,1.0,0.0,1.0,1.0,0.0,44.0
186000.0,2940.0,3.0,2.0,35.0,1.0,0.0,1.0,1.0,0.0,36.0
142500.0,2247.0,3.0,2.0,8.0,1.0,0.0,1.0,1.0,0.0,49.0
138500.0,1541.0,3.0,2.0,13.0,1.0,0.0,1.0,0.0,0.0,9.0
149500.0,2712.0,3.0,2.0,25.0,2.0,0.0,1.0,1.0,0.0,22.0
106000.0,1510.0,3.0,2.0,18.0,2.0,0.0,1.0,1.0,0.0,21.0
111500.0,2212.0,3.0,2.0,18.0,2.0,0.0,1.0,1.0,0.0,47.0
144500.0,1548.0,3.0,2.0,8.0,2.0,0.0,1.0,1.0,0.0,18.0
120500.0,2055.0,3.0,2.0,25.0,2.0,0.0,1.0,0.0,0.0,38.0
109900.0,1860.0,3.0,2.0,35.0,1.0,0.0,1.0,0.0,0.0,0.0
109500.0,1989.0,3.0,2.0,18.0,2.0,0.0,1.0,1.0,0.0,83.0
119000.0,1350.0,3.0,2.0,8.0,2.0,0.0,1.0,1.0,0.0,47.0
103000.0,2447.0,3.0,2.0,35.0,2.0,0.0,1.0,1.0,0.0,92.0
139900.0,2800.0,3.0,2.0,25.0,2.0,1.0,1.0,1.0,0.0,6.0
144000.0,2389.0,3.0,2.0,13.0,2.0,0.0,1.0,1.0,0.0,35.0
151900.0,3624.0,3.0,2.0,25.0,1.0,0.0,1.0,1.0,0.0,322.0
112400.0,2388.0,3.0,2.0,45.0,1.0,0.0,1.0,0.0,0.0,58.0
119900.0,2490.0,3.0,2.0,35.0,1.0,0.0,1.0,0.0,0.0,135.0
138000.0,2481.0,3.0,2.0,35.0,1.0,0.0,1.0,0.0,0.0,55.0
137000.0,2681.0,3.0,2.0,35.0,2.0,0.0,1.0,1.0,0.0,100.0
127000.0,2412.0,3.0,2.0,25.0,2.0,0.0,1.0,1.0,0.0,27.0
118830.0,2130.0,3.0,2.0,35.0,2.0,0.0,1.0,0.0,0.0,12.0
75000.0,2294.0,3.0,3.0,35.0,2.0,0.0,1.0,0.0,0.0,19.0
82300.0,1231.0,3.0,1.0,35.0,2.0,0.0,1.0,0.0,0.0,44.0
115000.0,2205.0,3.0,2.0,35.0,2.0,0.0,1.0,0.0,0.0,38.0
129000.0,2701.0,3.0,2.0,35.0,2.0,0.0,1.0,0.0,0.0,6.0
98300.0,1887.0,3.0,2.0,45.0,2.0,0.0,1.0,0.0,0.0,35.0
60000.0,876.0,3.0,1.0,45.0,2.0,0.0,1.0,0.0,0.0,46.0
119900.0,2645.0,3.0,1.0,35.0,1.0,0.0,1.0,1.0,0.0,7.0
119500.0,2482.0,3.0,2.0,25.0,1.0,0.0,1.0,1.0,0.0,124.0
127000.0,2011.0,3.0,2.0,25.0,1.0,0.0,1.0,1.0,0.0,18.0
85000.0,1421.0,3.0,1.0,25.0,1.0,0.0,1.0,0.0,0.0,42.0
98500.0,1460.0,3.0,2.0,25.0,1.0,0.0,1.0,0.0,0.0,8.0
89000.0,1591.0,3.0,2.0,35.0,1.0,0.0,1.0,0.0,0.0,51.0
103000.0,2827.0,3.0,2.0,35.0,1.0,0.0,1.0,0.0,0.0,67.0
110000.0,2005.0,3.0,2.0,25.0,1.0,0.0,1.0,0.0,0.0,71.0
103000.0,3153.0,3.0,2.0,35.0,2.0,0.0,1.0,1.0,0.0,46.0
119900.0,2282.0,3.0,2.0,25.0,2.0,0.0,1.0,1.0,0.0,25.0
134000.0,2086.0,3.0,2.0,1.0,2.0,0.0,1.0,1.0,0.0,3.0
80000.0,2120.0,3.0,2.0,45.0,2.0,0.0,1.0,0.0,0.0,10.0
41500.0,1015.0,3.0,1.0,45.0,2.0,0.0,1.0,0.0,0.0,11.0
67500.0,1321.0,3.0,2.0,45.0,2.0,0.0,1.0,0.0,0.0,4.0
77500.0,1330.0,3.0,1.0,25.0,2.0,0.0,1.0,0.0,0.0,28.0
70500.0,1376.0,3.0,1.0,35.0,2.0,0.0,1.0,0.0,0.0,139.0
87000.0,1974.0,3.0,1.0,35.0,2.0,0.0,1.0,0.0,0.0,387.0
59895.0,1865.0,3.0,2.0,25.0,2.0,0.0,1.0,0.0,0.0,65.0
42000.0,1489.0,3.0,1.0,35.0,2.0,0.0,1.0,0.0,0.0,12.0
124900.0,2917.0,3.0,2.0,25.0,1.0,0.0,1.0,1.0,0.0,5.0
85000.0,1562.0,3.0,2.0,25.0,1.0,0.0,1.0,0.0,0.0,7.0
57000.0,1393.0,3.0,1.0,35.0,2.0,0.0,1.0,0.0,0.0,90.0
93000.0,1963.0,3.0,1.0,45.0,2.0,0.0,1.0,0.0,0.0,40.0
186900.0,2678.0,3.0,2.0,8.0,1.0,0.0,1.0,1.0,0.0,44.0
122000.0,1889.0,3.0,2.0,25.0,1.0,0.0,1.0,1.0,0.0,42.0
132000.0,2156.0,3.0,2.0,25.0,1.0,0.0,1.0,1.0,0.0,19.0
135000.0,3029.0,3.0,2.0,25.0,1.0,0.0,1.0,1.0,0.0,56.0
103500.0,1483.0,3.0,2.0,18.0,1.0,0.0,1.0,0.0,0.0,71.0
102500.0,2196.0,3.0,2.0,25.0,1.0,0.0,1.0,0.0,0.0,8.0
125000.0,2430.0,3.0,2.0,25.0,1.0,0.0,1.0,0.0,0.0,19.0
130000.0,2051.0,3.0,2.0,25.0,1.0,0.0,1.0,0.0,0.0,31.0
137900.0,1595.0,3.0,2.0,25.0,1.0,0.0,1.0,0.0,0.0,31.0
72500.0,1203.0,3.0,1.0,35.0,1.0,0.0,1.0,0.0,0.0,6.0
138900.0,2360.0,3.0,2.0,18.0,2.0,0.0,1.0,1.0,0.0,89.0
109900.0,1858.0,3.0,2.0,25.0,2.0,0.0,1.0,1.0,0.0,349.0
224900.0,3555.0,3.0,2.0,25.0,2.0,0.0,1.0,1.0,0.0,16.0
114000.0,1896.0,3.0,2.0,1.0,2.0,0.0,1.0,1.0,0.0,99.0
152500.0,1765.0,3.0,2.0,25.0,2.0,0.0,1.0,0.0,0.0,15.0
148500.0,2135.0,3.0,2.0,25.0,1.0,0.0,1.0,1.0,0.0,48.0
119000.0,1389.0,3.0,2.0,25.0,1.0,0.0,1.0,1.0,0.0,20.0
132500.0,1296.0,3.0,2.0,18.0,2.0,0.0,1.0,0.0,0.0,1.0
287500.0,2087.0,3.0,2.0,63.0,1.0,0.0,1.0,1.0,0.0,4.0
190000.0,2628.0,3.0,3.0,45.0,1.0,0.0,1.0,1.0,0.0,7.0
172500.0,3310.0,3.0,2.0,45.0,1.0,0.0,1.0,1.0,0.0,155.0
105000.0,2200.0,3.0,2.0,25.0,1.0,0.0,1.0,1.0,0.0,186.0
61500.0,1763.0,3.0,1.0,35.0,2.0,0.0,1.0,0.0,1.0,95.0
148000.0,3027.0,3.0,2.0,45.0,1.0,0.0,1.0,1.0,0.0,79.0
94900.0,2466.0,3.0,2.0,35.0,1.0,0.0,1.0,0.0,0.0,21.0
63000.0,2292.0,3.0,2.0,45.0,1.0,0.0,1.0,0.0,0.0,240.0
65500.0,1277.0,3.0,2.0,5.0,2.0,0.0,1.0,0.0,0.0,21.0
87000.0,1377.0,3.0,2.0,63.0,2.0,0.0,1.0,0.0,0.0,15.0
149000.0,2876.0,3.0,2.0,45.0,1.0,0.0,1.0,1.0,0.0,2.0
120000.0,3329.0,3.0,2.0,35.0,1.0,0.0,1.0,0.0,0.0,9.0
60000.0,1131.0,3.0,1.0,63.0,3.0,0.0,1.0,0.0,0.0,0.0
57500.0,1847.0,3.0,2.0,35.0,2.0,0.0,1.0,0.0,0.0,11.0
66000.0,1236.0,3.0,1.0,35.0,2.0,0.0,1.0,0.0,0.0,43.0
69900.0,1837.0,3.0,1.0,63.0,2.0,0.0,1.0,0.0,0.0,126.0
82900.0,1400.0,3.0,2.0,35.0,2.0,0.0,1.0,0.0,0.0,0.0
45900.0,1801.0,3.0,1.0,35.0,2.0,0.0,1.0,0.0,0.0,72.0
55500.0,810.0,3.0,1.0,35.0,2.0,0.0,1.0,0.0,0.0,27.0
33000.0,1579.0,3.0,1.0,45.0,2.0,0.0,1.0,0.0,0.0,32.0
52900.0,1482.0,3.0,1.0,45.0,2.0,0.0,1.0,0.0,0.0,21.0
31000.0,1590.0,3.0,1.0,45.0,3.0,0.0,1.0,1.0,0.0,171.0
95000.0,2041.0,3.0,2.0,45.0,3.0,0.0,1.0,0.0,0.0,42.0
140000.0,2238.0,3.0,2.0,18.0,1.0,0.0,1.0,1.0,0.0,3.0
120459.0,1590.0,3.0,2.0,35.0,1.0,0.0,1.0,1.0,0.0,27.0
70300.0,1380.0,3.0,2.0,8.0,1.0,0.0,1.0,0.0,0.0,10.0
142900.0,1668.0,3.0,2.0,18.0,2.0,0.0,1.0,1.0,0.0,6.0
35000.0,1714.0,3.0,1.0,35.0,2.0,0.0,1.0,1.0,0.0,33.0
165000.0,1965.0,3.0,2.0,63.0,2.0,1.0,1.0,0.0,0.0,210.0
78000.0,1916.0,3.0,2.0,25.0,1.0,0.0,1.0,0.0,0.0,121.0
128000.0,1958.0,3.0,2.0,2.0,1.0,0.0,1.0,1.0,0.0,49.0
60000.0,1383.0,3.0,2.0,25.0,2.0,0.0,1.0,1.0,0.0,14.0
144500.0,2026.0,3.0,2.0,5.0,1.0,0.0,1.0,0.0,0.0,0.0
169900.0,2595.0,3.0,2.0,8.0,1.0,0.0,1.0,1.0,1.0,4.0
127000.0,1862.0,3.0,2.0,8.0,1.0,0.0,1.0,1.0,1.0,29.0
143000.0,1613.0,3.0,2.0,8.0,1.0,0.0,1.0,1.0,0.0,31.0
153000.0,1668.0,3.0,2.0,8.0,1.0,0.0,1.0,1.0,0.0,74.0
170000.0,2477.0,3.0,2.0,8.0,1.0,0.0,1.0,1.0,0.0,1.0
172000.0,2268.0,3.0,2.0,8.0,1.0,0.0,1.0,0.0,0.0,11.0
112900.0,2090.0,3.0,2.0,13.0,2.0,0.0,1.0,1.0,0.0,14.0
176900.0,2374.0,3.0,2.0,1.0,2.0,0.0,1.0,1.0,0.0,203.0
130000.0,2353.0,3.0,2.0,13.0,2.0,0.0,1.0,1.0,0.0,77.0
64000.0,1811.0,3.0,2.0,8.0,2.0,0.0,1.0,0.0,0.0,15.0
63000.0,1386.0,3.0,1.0,25.0,2.0,0.0,1.0,0.0,0.0,70.0
36000.0,900.0,3.0,1.0,35.0,3.0,0.0,1.0,0.0,0.0,40.0
62500.0,1763.0,3.0,1.0,45.0,2.0,0.0,1.0,0.0,0.0,17.0
63000.0,1800.0,3.0,2.0,63.0,2.0,0.0,1.0,0.0,0.0,38.0
146000.0,1810.0,3.0,2.0,35.0,1.0,0.0,1.0,1.0,0.0,255.0
95000.0,1801.0,3.0,2.0,45.0,1.0,0.0,1.0,1.0,0.0,97.0
93900.0,1500.0,3.0,2.0,25.0,2.0,0.0,1.0,0.0,0.0,27.0
22000.0,1414.0,3.0,1.0,35.0,2.0,0.0,1.0,0.0,0.0,279.0
114000.0,3299.0,3.0,2.0,25.0,1.0,0.0,1.0,1.0,0.0,13.0
143000.0,2136.0,3.0,2.0,8.0,1.0,0.0,1.0,1.0,0.0,103.0
113000.0,1696.0,3.0,2.0,2.0,1.0,0.0,1.0,1.0,0.0,20.0
155000.0,1757.0,3.0,2.0,8.0,1.0,1.0,1.0,1.0,0.0,219.0
135000.0,1914.0,3.0,2.0,2.0,1.0,0.0,1.0,0.0,0.0,35.0
128000.0,2134.0,3.0,2.0,1.0,2.0,0.0,1.0,1.0,0.0,73.0
128900.0,1851.0,3.0,2.0,8.0,2.0,0.0,1.0,1.0,0.0,13.0
103000.0,2246.0,3.0,2.0,25.0,2.0,0.0,1.0,1.0,0.0,9.0
168000.0,1601.0,3.0,2.0,1.0,2.0,0.0,1.0,1.0,0.0,168.0
109275.0,1150.0,3.0,2.0,1.0,2.0,0.0,1.0,0.0,0.0,3.0
92000.0,1346.0,3.0,2.0,18.0,2.0,0.0,1.0,0.0,0.0,31.0
117000.0,2320.0,3.0,2.0,25.0,2.0,0.0,1.0,0.0,0.0,84.0
146715.0,2467.0,3.0,2.0,1.0,2.0,0.0,1.0,0.0,0.0,0.0
150900.0,2458.0,3.0,2.0,1.0,2.0,0.0,1.0,0.0,0.0,239.0
154650.0,2459.0,3.0,2.0,1.0,2.0,0.0,1.0,0.0,0.0,271.0
157500.0,2458.0,3.0,2.0,1.0,2.0,0.0,1.0,0.0,0.0,290.0
165330.0,2459.0,3.0,2.0,1.0,2.0,0.0,1.0,0.0,0.0,0.0
62241.0,1615.0,3.0,2.0,25.0,2.0,0.0,1.0,0.0,0.0,2.0
129000.0,2379.0,3.0,2.0,1.0,2.0,0.0,1.0,0.0,0.0,233.0
287500.0,4033.0,3.0,4.0,25.0,1.0,1.0,1.0,1.0,0.0,22.0
84500.0,1162.0,3.0,1.0,25.0,1.0,0.0,1.0,0.0,0.0,43.0
118000.0,2798.0,3.0,2.0,25.0,1.0,0.0,1.0,1.0,0.0,188.0
131900.0,2226.0,3.0,2.0,8.0,1.0,0.0,1.0,1.0,0.0,151.0
120500.0,1977.0,3.0,2.0,2.0,1.0,0.0,1.0,1.0,0.0,43.0
137500.0,1937.0,3.0,2.0,2.0,1.0,0.0,1.0,1.0,0.0,25.0
79900.0,1009.0,3.0,1.0,35.0,1.0,1.0,1.0,0.0,0.0,10.0
114000.0,1937.0,3.0,2.0,2.0,1.0,0.0,1.0,0.0,0.0,88.0
118000.0,1933.0,3.0,2.0,2.0,1.0,0.0,1.0,0.0,0.0,15.0
91500.0,1341.0,3.0,1.0,18.0,1.0,0.0,1.0,0.0,0.0,6.0
75000.0,1594.0,3.0,1.0,35.0,1.0,0.0,1.0,0.0,0.0,177.0
80000.0,1183.0,3.0,2.0,18.0,2.0,0.0,1.0,0.0,0.0,11.0
103100.0,1772.0,3.0,2.0,1.0,2.0,0.0,1.0,0.0,0.0,0.0
113400.0,1960.0,3.0,2.0,1.0,2.0,0.0,1.0,0.0,0.0,218.0
122700.0,2087.0,3.0,2.0,1.0,2.0,0.0,1.0,0.0,0.0,1.0
126600.0,2348.0,3.0,2.0,1.0,2.0,0.0,1.0,0.0,0.0,0.0
126600.0,2348.0,3.0,2.0,1.0,2.0,0.0,1.0,0.0,0.0,0.0
102800.0,1670.0,3.0,2.0,1.0,2.0,0.0,1.0,0.0,0.0,0.0
111800.0,1937.0,3.0,2.0,1.0,2.0,0.0,1.0,0.0,0.0,30.0
111900.0,1933.0,3.0,2.0,1.0,2.0,0.0,1.0,0.0,0.0,0.0
113500.0,1960.0,3.0,2.0,1.0,2.0,0.0,1.0,0.0,0.0,103.0
114500.0,1933.0,3.0,2.0,1.0,2.0,0.0,1.0,0.0,0.0,21.0
121300.0,1977.0,3.0,2.0,1.0,2.0,0.0,1.0,0.0,0.0,133.0
123200.0,2087.0,3.0,2.0,1.0,2.0,0.0,1.0,0.0,0.0,0.0
123800.0,2105.0,3.0,2.0,1.0,2.0,0.0,1.0,0.0,0.0,212.0
128600.0,2182.0,3.0,2.0,1.0,2.0,0.0,1.0,0.0,0.0,64.0
129800.0,2348.0,3.0,2.0,1.0,2.0,0.0,1.0,0.0,0.0,0.0
129800.0,2348.0,3.0,2.0,1.0,2.0,0.0,1.0,0.0,0.0,0.0
129900.0,2348.0,3.0,2.0,1.0,2.0,0.0,1.0,0.0,0.0,3.0
131800.0,2379.0,3.0,2.0,1.0,2.0,0.0,1.0,0.0,0.0,51.0
132600.0,2348.0,3.0,2.0,1.0,2.0,0.0,1.0,0.0,0.0,75.0
133400.0,2348.0,3.0,2.0,1.0,2.0,0.0,1.0,0.0,0.0,39.0
157900.0,2827.0,3.0,2.0,1.0,2.0,0.0,1.0,0.0,0.0,122.0
115000.0,2447.0,3.0,2.0,35.0,2.0,1.0,1.0,0.0,0.0,7.0
67500.0,2419.0,3.0,2.0,25.0,2.0,0.0,1.0,0.0,0.0,0.0
100000.0,1556.0,3.0,1.0,1.0,2.0,0.0,1.0,0.0,0.0,36.0
109300.0,1886.0,3.0,2.0,1.0,2.0,0.0,1.0,0.0,0.0,143.0
128200.0,2379.0,3.0,2.0,1.0,2.0,0.0,1.0,0.0,0.0,149.0
122100.0,2087.0,3.0,2.0,1.0,2.0,0.0,1.0,0.0,0.0,0.0
110800.0,1937.0,3.0,2.0,1.0,2.0,0.0,1.0,0.0,0.0,184.0
111900.0,1933.0,3.0,2.0,1.0,2.0,0.0,1.0,0.0,0.0,191.0
113100.0,1933.0,3.0,2.0,1.0,2.0,0.0,1.0,0.0,0.0,119.0
129400.0,2182.0,3.0,2.0,1.0,2.0,0.0,1.0,0.0,0.0,209.0
104000.0,2095.0,3.0,2.0,25.0,1.0,0.0,1.0,1.0,0.0,3.0
80000.0,1486.0,3.0,1.0,35.0,1.0,0.0,1.0,1.0,0.0,163.0
103500.0,2565.0,3.0,2.0,18.0,1.0,0.0,1.0,0.0,0.0,134.0
72190.0,1349.0,3.0,2.0,35.0,1.0,0.0,1.0,0.0,0.0,25.0
98000.0,1680.0,3.0,1.0,35.0,1.0,0.0,1.0,0.0,0.0,70.0
85000.0,1300.0,3.0,1.0,25.0,1.0,0.0,1.0,0.0,0.0,199.0
86000.0,2037.0,3.0,2.0,35.0,1.0,0.0,1.0,0.0,0.0,26.0
210000.0,4046.0,3.0,3.0,35.0,1.0,0.0,1.0,0.0,0.0,185.0
86000.0,1418.0,3.0,1.0,25.0,1.0,0.0,1.0,0.0,0.0,10.0
102000.0,2376.0,3.0,1.0,45.0,2.0,0.0,1.0,1.0,0.0,91.0
45000.0,1130.0,3.0,1.0,35.0,2.0,0.0,1.0,1.0,0.0,74.0
89100.0,1917.0,3.0,2.0,18.0,2.0,0.0,1.0,1.0,0.0,52.0
60000.0,1336.0,3.0,1.0,35.0,2.0,0.0,1.0,0.0,0.0,42.0
72000.0,1394.0,3.0,1.0,18.0,2.0,0.0,1.0,0.0,0.0,21.0
89000.0,1358.0,3.0,2.0,18.0,2.0,0.0,1.0,0.0,0.0,39.0
51500.0,1700.0,3.0,2.0,35.0,2.0,0.0,1.0,0.0,0.0,13.0
76000.0,1433.0,3.0,1.0,35.0,2.0,0.0,1.0,0.0,0.0,220.0
76000.0,1178.0,3.0,1.0,35.0,2.0,0.0,1.0,0.0,0.0,44.0
73500.0,1266.0,3.0,1.0,35.0,2.0,0.0,1.0,0.0,0.0,25.0
112900.0,1215.0,3.0,2.0,8.0,1.0,0.0,1.0,1.0,0.0,86.0
116900.0,1910.0,3.0,2.0,8.0,1.0,0.0,1.0,1.0,0.0,58.0
121000.0,1952.0,3.0,2.0,8.0,1.0,0.0,1.0,1.0,0.0,68.0
122000.0,1308.0,3.0,2.0,8.0,1.0,0.0,1.0,1.0,0.0,7.0
114000.0,1744.0,3.0,2.0,8.0,1.0,0.0,1.0,1.0,0.0,72.0
118750.0,2215.0,3.0,2.0,13.0,2.0,0.0,1.0,1.0,0.0,10.0
98500.0,1152.0,3.0,2.0,5.0,2.0,0.0,1.0,0.0,0.0,11.0
69000.0,1236.0,3.0,2.0,35.0,2.0,0.0,1.0,0.0,0.0,301.0
45000.0,1300.0,3.0,1.0,35.0,2.0,0.0,1.0,1.0,0.0,177.0
131000.0,2170.0,3.0,2.0,13.0,2.0,0.0,1.0,0.0,0.0,21.0
184300.0,3013.0,4.0,2.0,25.0,1.0,0.0,1.0,1.0,0.0,122.0
137500.0,2905.0,4.0,2.0,35.0,1.0,0.0,1.0,0.0,0.0,26.0
265000.0,4688.0,4.0,3.0,63.0,2.0,0.0,1.0,1.0,0.0,139.0
114000.0,2193.0,4.0,2.0,45.0,2.0,0.0,1.0,1.0,0.0,26.0
153000.0,2789.0,4.0,2.0,63.0,2.0,0.0,1.0,0.0,0.0,261.0
144000.0,2669.0,4.0,2.0,35.0,1.0,0.0,1.0,1.0,0.0,71.0
118500.0,2550.0,4.0,2.0,35.0,1.0,0.0,1.0,0.0,0.0,124.0
135000.0,2573.0,4.0,2.0,35.0,2.0,0.0,1.0,0.0,0.0,45.0
159900.0,3657.0,4.0,2.0,35.0,1.0,1.0,1.0,1.0,0.0,116.0
183500.0,3810.0,4.0,3.0,35.0,1.0,0.0,1.0,0.0,0.0,3.0
142900.0,2936.0,4.0,2.0,35.0,1.0,0.0,1.0,1.0,0.0,16.0
197000.0,3123.0,4.0,2.0,35.0,1.0,0.0,1.0,1.0,0.0,78.0
182500.0,3078.0,4.0,2.0,35.0,1.0,0.0,1.0,1.0,0.0,7.0
119900.0,2457.0,4.0,2.0,25.0,1.0,0.0,1.0,0.0,0.0,8.0
150000.0,2800.0,4.0,2.0,25.0,1.0,0.0,1.0,1.0,0.0,13.0
126000.0,1931.0,4.0,2.0,25.0,2.0,0.0,1.0,0.0,0.0,33.0
237000.0,4244.0,4.0,3.0,25.0,1.0,1.0,1.0,0.0,0.0,29.0
175000.0,2267.0,4.0,2.0,25.0,1.0,0.0,1.0,1.0,0.0,71.0
617000.0,5673.0,4.0,4.0,25.0,1.0,1.0,1.0,1.0,1.0,46.0
163000.0,2605.0,4.0,2.0,25.0,1.0,0.0,1.0,0.0,0.0,7.0
162000.0,3280.0,4.0,2.0,25.0,2.0,0.0,1.0,1.0,0.0,46.0
230000.0,5216.0,4.0,3.0,25.0,1.0,1.0,1.0,1.0,1.0,365.0
118000.0,2978.0,4.0,2.0,25.0,2.0,0.0,1.0,1.0,0.0,55.0
419900.0,5736.0,4.0,3.0,25.0,1.0,1.0,1.0,1.0,1.0,133.0
178000.0,2432.0,4.0,2.0,25.0,1.0,0.0,1.0,1.0,0.0,45.0
200000.0,3088.0,4.0,2.0,25.0,1.0,0.0,1.0,1.0,0.0,37.0
154000.0,3179.0,4.0,3.0,25.0,2.0,0.0,1.0,0.0,0.0,123.0
184700.0,3279.0,4.0,2.0,25.0,1.0,1.0,1.0,1.0,0.0,40.0
275000.0,4681.0,4.0,4.0,25.0,1.0,1.0,1.0,1.0,0.0,53.0
116500.0,2518.0,4.0,2.0,25.0,2.0,0.0,1.0,1.0,0.0,8.0
170000.0,3323.0,4.0,2.0,18.0,2.0,1.0,1.0,1.0,0.0,4.0
184000.0,3594.0,4.0,2.0,18.0,1.0,0.0,1.0,1.0,0.0,68.0
177000.0,2353.0,4.0,2.0,18.0,2.0,1.0,1.0,1.0,0.0,49.0
258000.0,4020.0,4.0,3.0,13.0,1.0,0.0,1.0,1.0,0.0,114.0
214000.0,3122.0,4.0,2.0,13.0,1.0,0.0,1.0,1.0,0.0,34.0
285500.0,3670.0,4.0,3.0,13.0,1.0,1.0,1.0,1.0,0.0,13.0
325000.0,3812.0,4.0,3.0,13.0,1.0,0.0,1.0,1.0,0.0,3.0
170000.0,2076.0,4.0,3.0,13.0,1.0,0.0,1.0,0.0,0.0,107.0
193500.0,3438.0,4.0,2.0,13.0,2.0,0.0,1.0,1.0,0.0,318.0
195500.0,2923.0,4.0,2.0,13.0,1.0,0.0,1.0,1.0,0.0,12.0
336000.0,4133.0,4.0,3.0,13.0,1.0,0.0,1.0,1.0,1.0,57.0
254000.0,3122.0,4.0,3.0,8.0,1.0,0.0,1.0,1.0,0.0,33.0
204000.0,3222.0,4.0,2.0,8.0,2.0,0.0,1.0,1.0,0.0,74.0
196900.0,2642.0,4.0,2.0,8.0,1.0,0.0,1.0,1.0,0.0,80.0
168000.0,2760.0,4.0,2.0,8.0,2.0,1.0,1.0,1.0,0.0,1.0
290000.0,4215.0,4.0,3.0,8.0,1.0,0.0,1.0,1.0,0.0,58.0
163500.0,2517.0,4.0,2.0,8.0,1.0,0.0,1.0,1.0,0.0,15.0
128000.0,2083.0,4.0,2.0,8.0,1.0,1.0,1.0,0.0,0.0,34.0
154000.0,2235.0,4.0,2.0,5.0,1.0,0.0,1.0,1.0,0.0,18.0
255000.0,3251.0,4.0,3.0,5.0,1.0,0.0,1.0,1.0,0.0,125.0
344900.0,3972.0,4.0,2.0,5.0,1.0,0.0,1.0,1.0,0.0,128.0
302000.0,4255.0,4.0,3.0,5.0,1.0,1.0,1.0,1.0,0.0,49.0
280000.0,3983.0,4.0,3.0,5.0,1.0,0.0,1.0,1.0,1.0,89.0
355000.0,4325.0,4.0,3.0,5.0,1.0,0.0,1.0,1.0,0.0,9.0
143900.0,2948.0,4.0,3.0,5.0,1.0,0.0,1.0,1.0,0.0,6.0
187400.0,2226.0,4.0,2.0,2.0,1.0,0.0,1.0,1.0,0.0,67.0
142000.0,2532.0,4.0,2.0,2.0,1.0,0.0,1.0,1.0,1.0,227.0
392250.0,3535.0,4.0,3.0,2.0,1.0,0.0,1.0,1.0,0.0,147.0
440000.0,4411.0,4.0,3.0,2.0,1.0,1.0,1.0,1.0,0.0,20.0
229900.0,3060.0,4.0,3.0,2.0,1.0,0.0,1.0,1.0,0.0,199.0
144500.0,2122.0,4.0,2.0,2.0,1.0,0.0,1.0,0.0,0.0,110.0
142000.0,2280.0,4.0,2.0,1.0,2.0,0.0,1.0,1.0,0.0,420.0
242900.0,2866.0,4.0,3.0,1.0,2.0,0.0,1.0,1.0,0.0,301.0
221000.0,3039.0,4.0,2.0,1.0,2.0,0.0,1.0,1.0,0.0,223.0
147000.0,2280.0,4.0,2.0,1.0,2.0,0.0,1.0,1.0,0.0,406.0
318600.0,3600.0,4.0,3.0,1.0,2.0,0.0,1.0,1.0,1.0,118.0
126900.0,1886.0,4.0,2.0,1.0,2.0,0.0,1.0,1.0,0.0,44.0
286000.0,3010.0,4.0,2.0,1.0,2.0,0.0,1.0,1.0,0.0,51.0
168075.0,2624.0,4.0,2.0,1.0,2.0,0.0,1.0,1.0,0.0,66.0
268900.0,3557.0,4.0,3.0,1.0,2.0,0.0,1.0,1.0,0.0,76.0
159850.0,2376.0,4.0,2.0,1.0,2.0,0.0,1.0,1.0,1.0,241.0
126500.0,1954.0,4.0,2.0,1.0,2.0,0.0,1.0,0.0,1.0,139.0
180000.0,3993.0,4.0,2.0,25.0,1.0,0.0,1.0,1.0,0.0,114.0
175000.0,3234.0,4.0,2.0,25.0,1.0,1.0,1.0,1.0,0.0,15.0
295000.0,3731.0,4.0,3.0,18.0,1.0,0.0,1.0,1.0,1.0,77.0
675000.0,5858.0,4.0,3.0,8.0,2.0,0.0,1.0,1.0,1.0,157.0
164900.0,2669.0,4.0,2.0,25.0,1.0,0.0,1.0,1.0,0.0,9.0
227500.0,3094.0,4.0,2.0,8.0,1.0,0.0,1.0,1.0,0.0,1.0
118900.0,1872.0,4.0,2.0,25.0,1.0,0.0,1.0,0.0,0.0,8.0
137800.0,2373.0,4.0,2.0,25.0,1.0,0.0,1.0,0.0,0.0,86.0
158000.0,3593.0,4.0,2.0,25.0,1.0,1.0,1.0,1.0,0.0,516.0
248900.0,3206.0,4.0,2.0,13.0,1.0,0.0,1.0,1.0,0.0,101.0
137900.0,3150.0,4.0,2.0,25.0,1.0,0.0,1.0,1.0,0.0,33.0
227500.0,3262.0,4.0,2.0,8.0,1.0,0.0,1.0,1.0,0.0,53.0
175000.0,2948.0,4.0,2.0,25.0,1.0,0.0,1.0,1.0,0.0,94.0
182500.0,3171.0,4.0,2.0,18.0,1.0,0.0,1.0,1.0,0.0,216.0
219900.0,3333.0,4.0,3.0,25.0,2.0,0.0,1.0,1.0,0.0,144.0
119637.0,2830.0,4.0,2.0,35.0,2.0,0.0,1.0,0.0,0.0,36.0
175000.0,3756.0,4.0,2.0,35.0,1.0,0.0,1.0,0.0,0.0,118.0
148900.0,2171.0,4.0,2.0,35.0,2.0,0.0,1.0,1.0,0.0,49.0
136000.0,2210.0,4.0,3.0,25.0,2.0,0.0,1.0,0.0,0.0,196.0
139900.0,4130.0,4.0,2.0,45.0,2.0,0.0,1.0,0.0,0.0,15.0
150000.0,3425.0,4.0,2.0,35.0,1.0,0.0,1.0,1.0,1.0,7.0
128900.0,2770.0,4.0,2.0,45.0,2.0,0.0,1.0,0.0,0.0,26.0
64900.0,1970.0,4.0,1.0,35.0,2.0,0.0,1.0,1.0,0.0,70.0
243900.0,2457.0,4.0,2.0,13.0,1.0,1.0,1.0,1.0,0.0,9.0
400000.0,3133.0,4.0,3.0,8.0,1.0,0.0,1.0,1.0,0.0,51.0
315000.0,2802.0,4.0,4.0,35.0,1.0,0.0,1.0,1.0,0.0,41.0
360000.0,6213.0,4.0,5.0,25.0,1.0,1.0,1.0,1.0,0.0,418.0
230000.0,3168.0,4.0,2.0,8.0,1.0,0.0,1.0,0.0,0.0,30.0
210000.0,4315.0,4.0,2.0,25.0,2.0,0.0,1.0,1.0,0.0,60.0
600000.0,6119.0,4.0,4.0,63.0,1.0,0.0,1.0,1.0,0.0,256.0
173000.0,2532.0,4.0,2.0,63.0,2.0,0.0,1.0,0.0,0.0,1.0
80000.0,2176.0,4.0,2.0,63.0,1.0,0.0,1.0,0.0,0.0,19.0
71000.0,1949.0,4.0,2.0,45.0,2.0,0.0,1.0,1.0,0.0,95.0
199000.0,2027.0,4.0,2.0,8.0,1.0,0.0,1.0,1.0,0.0,14.0
226000.0,3368.0,4.0,2.0,1.0,1.0,0.0,1.0,1.0,0.0,135.0
133000.0,1976.0,4.0,2.0,35.0,2.0,0.0,1.0,0.0,0.0,29.0
85000.0,2072.0,4.0,2.0,25.0,2.0,0.0,1.0,1.0,0.0,11.0
240000.0,2848.0,4.0,3.0,13.0,1.0,1.0,1.0,1.0,1.0,133.0
225000.0,3137.0,4.0,2.0,5.0,1.0,0.0,1.0,1.0,0.0,169.0
239900.0,3172.0,4.0,3.0,5.0,1.0,0.0,1.0,1.0,0.0,27.0
178950.0,2350.0,4.0,2.0,2.0,1.0,0.0,1.0,1.0,0.0,16.0
207249.0,3390.0,4.0,2.0,1.0,2.0,0.0,1.0,1.0,0.0,223.0
167000.0,2696.0,4.0,2.0,13.0,1.0,0.0,1.0,0.0,0.0,174.0
246000.0,3370.0,4.0,3.0,2.0,1.0,0.0,1.0,1.0,0.0,117.0
90000.0,2411.0,4.0,2.0,25.0,1.0,0.0,1.0,0.0,0.0,75.0
87500.0,1463.0,4.0,2.0,25.0,3.0,0.0,1.0,1.0,0.0,25.0
158900.0,2523.0,4.0,2.0,1.0,2.0,0.0,1.0,0.0,0.0,11.0
159691.0,2502.0,4.0,2.0,1.0,2.0,0.0,1.0,0.0,0.0,77.0
180221.0,2816.0,4.0,3.0,1.0,2.0,0.0,1.0,0.0,0.0,0.0
181900.0,2985.0,4.0,2.0,1.0,2.0,0.0,1.0,0.0,0.0,0.0
106500.0,2019.0,4.0,1.0,25.0,3.0,0.0,1.0,0.0,0.0,21.0
136900.0,2240.0,4.0,2.0,5.0,1.0,0.0,1.0,1.0,0.0,91.0
174000.0,2768.0,4.0,2.0,2.0,1.0,0.0,1.0,1.0,0.0,16.0
133400.0,2418.0,4.0,2.0,1.0,2.0,0.0,1.0,0.0,0.0,0.0
134600.0,2418.0,4.0,2.0,1.0,2.0,0.0,1.0,0.0,0.0,0.0
146000.0,2536.0,4.0,2.0,1.0,2.0,0.0,1.0,0.0,0.0,111.0
152400.0,2842.0,4.0,2.0,1.0,2.0,0.0,1.0,0.0,0.0,97.0
134300.0,2418.0,4.0,2.0,1.0,2.0,0.0,1.0,0.0,0.0,144.0
120000.0,2222.0,4.0,2.0,35.0,2.0,0.0,1.0,0.0,0.0,150.0
134200.0,2418.0,4.0,2.0,1.0,2.0,0.0,1.0,0.0,0.0,0.0
134600.0,2418.0,4.0,2.0,1.0,2.0,0.0,1.0,0.0,0.0,0.0
135700.0,2418.0,4.0,2.0,1.0,2.0,0.0,1.0,0.0,0.0,47.0
136200.0,2418.0,4.0,2.0,1.0,2.0,0.0,1.0,0.0,0.0,0.0
136900.0,2418.0,4.0,2.0,1.0,2.0,0.0,1.0,0.0,0.0,36.0
154600.0,2932.0,4.0,2.0,1.0,2.0,0.0,1.0,0.0,0.0,221.0
154600.0,2932.0,4.0,2.0,1.0,2.0,0.0,1.0,0.0,0.0,0.0
155615.0,2842.0,4.0,2.0,1.0,2.0,0.0,1.0,0.0,0.0,80.0
164300.0,2980.0,4.0,2.0,1.0,2.0,0.0,1.0,0.0,0.0,134.0
165800.0,2980.0,4.0,2.0,1.0,2.0,0.0,1.0,0.0,0.0,126.0
189801.0,3382.0,4.0,3.0,1.0,2.0,0.0,1.0,0.0,0.0,41.0
94900.0,1485.0,4.0,2.0,1.0,2.0,0.0,1.0,0.0,0.0,26.0
133000.0,2418.0,4.0,2.0,1.0,2.0,0.0,1.0,0.0,0.0,0.0
133800.0,2418.0,4.0,2.0,1.0,2.0,0.0,1.0,0.0,0.0,2.0
133800.0,2418.0,4.0,2.0,1.0,2.0,0.0,1.0,0.0,0.0,0.0
133800.0,2418.0,4.0,2.0,1.0,2.0,0.0,1.0,0.0,0.0,0.0
133800.0,2418.0,4.0,2.0,1.0,2.0,0.0,1.0,0.0,0.0,0.0
134900.0,2418.0,4.0,2.0,1.0,2.0,0.0,1.0,0.0,0.0,0.0
139300.0,2536.0,4.0,2.0,1.0,2.0,0.0,1.0,0.0,0.0,0.0
149100.0,2842.0,4.0,2.0,1.0,2.0,0.0,1.0,0.0,0.0,0.0
149900.0,2842.0,4.0,2.0,1.0,2.0,0.0,1.0,0.0,0.0,297.0
134900.0,2418.0,4.0,2.0,1.0,2.0,0.0,1.0,0.0,0.0,14.0
138900.0,2536.0,4.0,2.0,1.0,2.0,0.0,1.0,0.0,0.0,242.0
158900.0,2932.0,4.0,2.0,1.0,2.0,0.0,1.0,0.0,0.0,42.0
160500.0,3040.0,4.0,2.0,1.0,2.0,0.0,1.0,0.0,0.0,142.0
93000.0,1602.0,4.0,2.0,45.0,2.0,0.0,1.0,0.0,0.0,248.0
196900.0,2779.0,4.0,2.0,1.0,2.0,0.0,1.0,0.0,0.0,427.0
138800.0,2536.0,4.0,2.0,1.0,2.0,0.0,1.0,0.0,0.0,32.0
194900.0,3010.0,4.0,2.0,1.0,2.0,0.0,1.0,0.0,0.0,114.0
196900.0,2779.0,4.0,2.0,1.0,2.0,0.0,1.0,0.0,0.0,71.0
72500.0,1500.0,4.0,1.0,45.0,2.0,0.0,1.0,0.0,0.0,30.0
163600.0,2717.0,4.0,2.0,1.0,2.0,0.0,1.0,0.0,0.0,0.0
209100.0,3456.0,4.0,3.0,1.0,2.0,0.0,1.0,0.0,0.0,173.0
176700.0,3031.0,5.0,3.0,45.0,1.0,0.0,1.0,0.0,0.0,101.0
360000.0,5811.0,5.0,3.0,35.0,1.0,1.0,1.0,1.0,0.0,46.0
110000.0,2739.0,5.0,3.0,35.0,1.0,0.0,1.0,0.0,0.0,15.0
330000.0,4249.0,5.0,3.0,8.0,2.0,1.0,1.0,1.0,0.0,41.0
422900.0,4601.0,5.0,3.0,8.0,1.0,1.0,1.0,1.0,0.0,29.0
1007000.0,7099.0,5.0,5.0,2.0,1.0,0.0,1.0,1.0,0.0,192.0
175900.0,3116.0,5.0,3.0,1.0,2.0,0.0,1.0,0.0,0.0,0.0
425000.0,6194.0,6.0,5.0,8.0,1.0,0.0,1.0,1.0,1.0,14.0
125000.0,5803.0,8.0,1.0,63.0,1.0,0.0,1.0,0.0,0.0,673.0
101500.0,1910.0,2.0,2.0,25.0,2.0,0.0,2.0,0.0,0.0,77.0
56000.0,1495.0,2.0,2.0,25.0,2.0,0.0,2.0,1.0,0.0,14.0
60150.0,1210.0,2.0,2.0,18.0,2.0,0.0,2.0,1.0,0.0,216.0
127000.0,1291.0,2.0,2.0,8.0,2.0,1.0,2.0,1.0,0.0,26.0
149900.0,1310.0,2.0,2.0,1.0,3.0,1.0,2.0,0.0,0.0,0.0
149900.0,1408.0,2.0,2.0,2.0,2.0,1.0,2.0,0.0,0.0,0.0
94900.0,1088.0,2.0,1.0,18.0,3.0,0.0,2.0,0.0,0.0,14.0
94900.0,1088.0,2.0,1.0,18.0,3.0,0.0,2.0,0.0,0.0,29.0
94900.0,1088.0,2.0,1.0,18.0,3.0,0.0,2.0,0.0,0.0,10.0
94900.0,1088.0,2.0,1.0,18.0,3.0,0.0,2.0,0.0,0.0,17.0
94900.0,1088.0,2.0,1.0,18.0,3.0,0.0,2.0,0.0,0.0,15.0
95900.0,1088.0,2.0,1.0,18.0,3.0,0.0,2.0,0.0,0.0,6.0
95900.0,1088.0,2.0,1.0,18.0,3.0,0.0,2.0,0.0,0.0,2.0
95900.0,1088.0,2.0,1.0,18.0,3.0,0.0,2.0,0.0,0.0,79.0
95900.0,1088.0,2.0,1.0,18.0,3.0,0.0,2.0,0.0,0.0,26.0
95900.0,1088.0,2.0,1.0,18.0,3.0,0.0,2.0,0.0,0.0,18.0
95900.0,1088.0,2.0,1.0,18.0,3.0,0.0,2.0,0.0,0.0,30.0
95900.0,1088.0,2.0,1.0,18.0,3.0,0.0,2.0,0.0,0.0,47.0
95900.0,1088.0,2.0,1.0,18.0,3.0,0.0,2.0,0.0,0.0,13.0
95900.0,1088.0,2.0,1.0,18.0,3.0,0.0,2.0,0.0,0.0,45.0
95900.0,1088.0,2.0,1.0,18.0,3.0,0.0,2.0,0.0,0.0,51.0
95900.0,1088.0,2.0,1.0,18.0,3.0,0.0,2.0,0.0,0.0,6.0
95900.0,1088.0,2.0,1.0,18.0,3.0,0.0,2.0,0.0,0.0,34.0
95900.0,1088.0,2.0,1.0,18.0,3.0,0.0,2.0,0.0,0.0,22.0
95900.0,1088.0,2.0,1.0,18.0,3.0,0.0,2.0,0.0,0.0,20.0
95900.0,1088.0,2.0,1.0,18.0,3.0,0.0,2.0,0.0,0.0,19.0
95900.0,1088.0,2.0,1.0,18.0,3.0,0.0,2.0,0.0,0.0,53.0
95900.0,1088.0,2.0,1.0,18.0,3.0,0.0,2.0,0.0,0.0,79.0
95900.0,1088.0,2.0,1.0,18.0,3.0,0.0,2.0,0.0,0.0,19.0
95900.0,1088.0,2.0,1.0,18.0,3.0,0.0,2.0,0.0,0.0,22.0
95900.0,1088.0,2.0,1.0,18.0,3.0,0.0,2.0,0.0,0.0,45.0
95900.0,1088.0,2.0,1.0,18.0,3.0,0.0,2.0,0.0,0.0,3.0
95900.0,1088.0,2.0,1.0,18.0,3.0,0.0,2.0,0.0,0.0,43.0
95900.0,1088.0,2.0,1.0,18.0,3.0,0.0,2.0,0.0,0.0,6.0
95900.0,1088.0,2.0,1.0,18.0,3.0,0.0,2.0,0.0,0.0,1.0
97900.0,1088.0,2.0,1.0,18.0,3.0,0.0,2.0,0.0,0.0,17.0
109900.0,1875.0,2.0,2.0,25.0,2.0,0.0,2.0,1.0,0.0,12.0
94900.0,1088.0,2.0,1.0,18.0,2.0,0.0,2.0,0.0,0.0,11.0
94900.0,1088.0,2.0,1.0,18.0,2.0,0.0,2.0,0.0,0.0,34.0
94900.0,1088.0,2.0,1.0,18.0,2.0,0.0,2.0,0.0,0.0,24.0
94900.0,1088.0,2.0,1.0,18.0,2.0,0.0,2.0,0.0,0.0,14.0
94900.0,1088.0,2.0,1.0,18.0,2.0,0.0,2.0,0.0,0.0,32.0
95900.0,1088.0,2.0,1.0,18.0,2.0,0.0,2.0,0.0,0.0,481.0
95900.0,1088.0,2.0,1.0,18.0,2.0,0.0,2.0,0.0,0.0,1.0
95900.0,1088.0,2.0,1.0,18.0,2.0,0.0,2.0,0.0,0.0,17.0
95900.0,1088.0,2.0,1.0,18.0,2.0,0.0,2.0,0.0,0.0,32.0
95900.0,1088.0,2.0,1.0,18.0,2.0,0.0,2.0,0.0,0.0,31.0
82500.0,1656.0,2.0,2.0,25.0,1.0,0.0,2.0,1.0,0.0,6.0
140000.0,1976.0,2.0,2.0,2.0,2.0,0.0,2.0,1.0,1.0,27.0
74900.0,1734.0,2.0,2.0,18.0,1.0,0.0,2.0,1.0,0.0,10.0
55000.0,1130.0,2.0,2.0,25.0,1.0,0.0,2.0,0.0,0.0,34.0
59500.0,1160.0,2.0,2.0,18.0,2.0,0.0,2.0,1.0,0.0,345.0
80500.0,1618.0,2.0,2.0,18.0,2.0,0.0,2.0,1.0,0.0,74.0
64500.0,1243.0,2.0,2.0,25.0,2.0,0.0,2.0,1.0,0.0,20.0
86000.0,1759.0,2.0,2.0,18.0,1.0,0.0,2.0,1.0,0.0,43.0
100000.0,1241.0,2.0,2.0,25.0,2.0,0.0,2.0,1.0,0.0,94.0
96300.0,1558.0,2.0,1.0,18.0,1.0,0.0,2.0,1.0,0.0,148.0
90000.0,1628.0,2.0,1.0,25.0,1.0,0.0,2.0,0.0,0.0,149.0
87000.0,1059.0,2.0,2.0,18.0,3.0,1.0,2.0,1.0,0.0,20.0
92000.0,1565.0,2.0,1.0,13.0,2.0,0.0,2.0,1.0,0.0,44.0
110000.0,1120.0,2.0,1.0,18.0,2.0,0.0,2.0,0.0,1.0,7.0
102000.0,1172.0,2.0,2.0,18.0,3.0,0.0,2.0,1.0,0.0,28.0
164900.0,1600.0,3.0,3.0,2.0,3.0,1.0,2.0,0.0,0.0,5.0
139900.0,2000.0,3.0,2.0,1.0,2.0,0.0,2.0,1.0,1.0,333.0
147000.0,2040.0,3.0,2.0,25.0,1.0,0.0,2.0,0.0,0.0,19.0
150000.0,1900.0,3.0,2.0,25.0,2.0,1.0,2.0,1.0,0.0,31.0
210000.0,2437.0,3.0,2.0,8.0,1.0,1.0,2.0,1.0,0.0,10.0
130000.0,1980.0,3.0,2.0,18.0,2.0,0.0,2.0,1.0,0.0,11.0
142000.0,2060.0,3.0,2.0,18.0,1.0,0.0,2.0,1.0,0.0,56.0
249900.0,2788.0,3.0,2.0,1.0,2.0,0.0,2.0,1.0,0.0,0.0
89000.0,1612.0,2.0,2.0,63.0,1.0,0.0,3.0,0.0,0.0,70.0
105000.0,2070.0,2.0,1.0,13.0,2.0,0.0,3.0,0.0,0.0,36.0
69000.0,1457.0,3.0,1.0,2.0,2.0,0.0,3.0,0.0,0.0,37.0
99000.0,2278.0,3.0,1.0,45.0,1.0,0.0,3.0,0.0,0.0,8.0
73000.0,1790.0,3.0,1.0,45.0,2.0,0.0,3.0,0.0,0.0,57.0
140000.0,1561.0,3.0,2.0,45.0,2.0,0.0,3.0,0.0,0.0,29.0
129500.0,2146.0,3.0,1.0,45.0,2.0,0.0,3.0,1.0,0.0,168.0
172900.0,2348.0,3.0,2.0,45.0,1.0,0.0,3.0,1.0,0.0,0.0
138500.0,1500.0,3.0,2.0,35.0,2.0,0.0,3.0,0.0,0.0,10.0
105000.0,2311.0,3.0,2.0,35.0,1.0,0.0,3.0,0.0,0.0,89.0
140000.0,2779.0,3.0,2.0,35.0,2.0,0.0,3.0,1.0,0.0,256.0
132000.0,2588.0,3.0,2.0,35.0,2.0,0.0,3.0,0.0,0.0,49.0
65000.0,1450.0,3.0,1.0,35.0,1.0,0.0,3.0,0.0,0.0,13.0
135000.0,3372.0,3.0,2.0,35.0,1.0,0.0,3.0,1.0,0.0,230.0
95000.0,1605.0,3.0,2.0,35.0,2.0,0.0,3.0,0.0,0.0,115.0
114000.0,2879.0,3.0,2.0,25.0,1.0,1.0,3.0,0.0,0.0,25.0
51000.0,1400.0,3.0,2.0,25.0,2.0,0.0,3.0,0.0,0.0,11.0
110500.0,1964.0,3.0,1.0,25.0,1.0,0.0,3.0,1.0,0.0,257.0
118000.0,2454.0,3.0,2.0,18.0,1.0,0.0,3.0,1.0,0.0,12.0
153500.0,2441.0,3.0,2.0,8.0,2.0,0.0,3.0,1.0,0.0,118.0
182000.0,1751.0,3.0,2.0,5.0,1.0,0.0,3.0,1.0,1.0,79.0
165500.0,2181.0,3.0,2.0,2.0,1.0,0.0,3.0,1.0,0.0,4.0
72200.0,1419.0,3.0,2.0,35.0,1.0,0.0,3.0,0.0,0.0,4.0
180000.0,2570.0,3.0,2.0,25.0,2.0,0.0,3.0,1.0,0.0,8.0
95000.0,2506.0,3.0,2.0,35.0,2.0,0.0,3.0,1.0,0.0,3.0
125000.0,1606.0,3.0,2.0,25.0,1.0,0.0,3.0,1.0,0.0,56.0
156900.0,2815.0,3.0,2.0,35.0,1.0,1.0,3.0,0.0,0.0,18.0
119900.0,2152.0,3.0,2.0,35.0,1.0,0.0,3.0,0.0,0.0,3.0
110000.0,2378.0,3.0,2.0,25.0,2.0,1.0,3.0,0.0,0.0,70.0
74900.0,1603.0,3.0,1.0,45.0,2.0,0.0,3.0,1.0,0.0,10.0
182500.0,3353.0,3.0,2.0,35.0,2.0,1.0,3.0,1.0,0.0,9.0
122000.0,3750.0,3.0,2.0,45.0,1.0,0.0,3.0,1.0,0.0,87.0
97000.0,2838.0,3.0,1.0,25.0,1.0,0.0,3.0,0.0,0.0,8.0
118000.0,2206.0,3.0,2.0,25.0,1.0,0.0,3.0,1.0,0.0,330.0
22000.0,1092.0,3.0,1.0,35.0,2.0,0.0,3.0,0.0,0.0,366.0
59900.0,2090.0,3.0,2.0,35.0,2.0,0.0,3.0,0.0,0.0,115.0
100000.0,1713.0,3.0,2.0,18.0,2.0,1.0,3.0,0.0,0.0,4.0
100200.0,1352.0,3.0,2.0,13.0,1.0,0.0,3.0,1.0,0.0,7.0
104600.0,2535.0,3.0,2.0,45.0,1.0,1.0,3.0,1.0,0.0,17.0
126000.0,1367.0,3.0,2.0,5.0,1.0,0.0,3.0,1.0,0.0,148.0
82551.0,2561.0,4.0,2.0,63.0,2.0,0.0,3.0,0.0,0.0,14.0
121000.0,1517.0,4.0,2.0,63.0,1.0,1.0,3.0,0.0,0.0,1.0
78000.0,1396.0,4.0,1.0,45.0,2.0,0.0,3.0,0.0,0.0,114.0
158500.0,3242.0,4.0,2.0,35.0,1.0,0.0,3.0,1.0,0.0,14.0
101850.0,2255.0,4.0,3.0,35.0,2.0,0.0,3.0,1.0,0.0,105.0
169900.0,3212.0,4.0,2.0,25.0,1.0,0.0,3.0,1.0,0.0,35.0
148000.0,1901.0,4.0,2.0,8.0,1.0,0.0,3.0,1.0,0.0,58.0
107900.0,2796.0,4.0,2.0,25.0,1.0,0.0,3.0,1.0,0.0,93.0
149900.0,3040.0,4.0,2.0,35.0,2.0,0.0,3.0,1.0,0.0,138.0
157000.0,3550.0,4.0,3.0,35.0,2.0,0.0,3.0,0.0,0.0,67.0
154000.0,2663.0,4.0,2.0,45.0,2.0,1.0,3.0,0.0,0.0,61.0
150000.0,3182.0,4.0,2.0,45.0,1.0,1.0,3.0,1.0,0.0,374.0
40000.0,1494.0,4.0,1.0,18.0,2.0,0.0,3.0,0.0,0.0,26.0
82500.0,2277.0,4.0,2.0,35.0,2.0,0.0,3.0,1.0,0.0,22.0
160000.0,3303.0,5.0,3.0,25.0,1.0,0.0,3.0,1.0,0.0,65.0
169900.0,1943.0,2.0,2.0,1.0,2.0,0.0,4.0,1.0,0.0,402.0
160000.0,2480.0,3.0,2.0,13.0,1.0,0.0,4.0,1.0,0.0,40.0
610000.0,4935.0,3.0,3.0,8.0,1.0,1.0,4.0,1.0,1.0,99.0
73000.0,915.0,3.0,1.0,25.0,2.0,1.0,4.0,0.0,0.0,120.0
75000.0,915.0,3.0,1.0,25.0,2.0,1.0,4.0,0.0,0.0,291.0
75000.0,915.0,3.0,1.0,25.0,2.0,1.0,4.0,0.0,0.0,134.0
99000.0,1200.0,3.0,2.0,25.0,2.0,0.0,4.0,0.0,0.0,280.0
99000.0,1200.0,3.0,2.0,25.0,2.0,0.0,4.0,0.0,0.0,107.0
369900.0,4834.0,4.0,4.0,1.0,2.0,0.0,4.0,1.0,0.0,400.0
442500.0,4925.0,4.0,2.0,25.0,1.0,1.0,4.0,1.0,0.0,15.0
205900.0,3577.0,4.0,2.0,25.0,1.0,1.0,4.0,1.0,0.0,21.0
540000.0,5138.0,4.0,3.0,8.0,1.0,1.0,4.0,1.0,0.0,12.0
735000.0,5582.0,4.0,3.0,13.0,1.0,0.0,4.0,1.0,0.0,187.0
74000.0,1200.0,2.0,2.0,18.0,1.0,0.0,6.0,1.0,0.0,95.0
94000.0,1913.0,2.0,2.0,25.0,1.0,0.0,6.0,1.0,0.0,165.0
116000.0,1395.0,2.0,2.0,18.0,2.0,0.0,6.0,1.0,0.0,41.0
113000.0,2076.0,2.0,2.0,25.0,1.0,1.0,6.0,1.0,1.0,28.0
75200.0,975.0,2.0,2.0,18.0,2.0,0.0,6.0,1.0,0.0,115.0
75400.0,1088.0,2.0,1.0,18.0,2.0,0.0,6.0,1.0,0.0,108.0
77400.0,1088.0,2.0,1.0,18.0,2.0,0.0,6.0,1.0,0.0,106.0
78900.0,1088.0,2.0,1.0,18.0,2.0,0.0,6.0,1.0,0.0,107.0
79900.0,1088.0,2.0,1.0,18.0,2.0,0.0,6.0,1.0,0.0,102.0
132670.0,1855.0,2.0,2.0,1.0,2.0,0.0,6.0,0.0,0.0,0.0
207100.0,1817.0,2.0,2.0,1.0,2.0,0.0,6.0,0.0,0.0,423.0
75200.0,975.0,2.0,2.0,18.0,2.0,0.0,6.0,0.0,0.0,106.0
77900.0,1108.0,2.0,1.0,18.0,2.0,0.0,6.0,0.0,0.0,144.0
77900.0,1108.0,2.0,1.0,18.0,2.0,0.0,6.0,0.0,0.0,115.0
77900.0,1108.0,2.0,1.0,18.0,2.0,0.0,6.0,0.0,0.0,144.0
175000.0,2725.0,3.0,2.0,5.0,2.0,0.0,6.0,1.0,1.0,628.0
136000.0,2265.0,3.0,2.0,25.0,1.0,0.0,6.0,1.0,0.0,15.0
105900.0,1446.0,3.0,2.0,25.0,1.0,0.0,6.0,1.0,0.0,17.0
106000.0,2163.0,3.0,2.0,25.0,3.0,0.0,6.0,0.0,0.0,12.0
121000.0,1714.0,3.0,2.0,13.0,1.0,0.0,6.0,1.0,0.0,9.0
112000.0,1811.0,3.0,2.0,13.0,1.0,0.0,6.0,1.0,0.0,49.0
225000.0,2591.0,3.0,3.0,13.0,2.0,1.0,6.0,1.0,0.0,30.0
138000.0,2298.0,3.0,2.0,8.0,2.0,0.0,6.0,0.0,0.0,27.0
141900.0,2082.0,3.0,2.0,1.0,2.0,0.0,6.0,0.0,0.0,237.0
152500.0,2010.0,3.0,2.0,1.0,2.0,0.0,6.0,1.0,1.0,35.0
107000.0,1705.0,3.0,2.0,1.0,2.0,0.0,6.0,0.0,0.0,33.0
127500.0,1478.0,3.0,2.0,25.0,2.0,0.0,6.0,1.0,0.0,35.0
159900.0,2182.0,3.0,2.0,1.0,2.0,0.0,6.0,0.0,1.0,575.0
340000.0,3631.0,3.0,3.0,18.0,1.0,0.0,6.0,1.0,0.0,386.0
170000.0,2244.0,3.0,2.0,8.0,1.0,0.0,6.0,1.0,0.0,23.0
245500.0,3953.0,4.0,2.0,2.0,1.0,0.0,6.0,1.0,0.0,127.0
330000.0,3648.0,3.0,3.0,13.0,1.0,0.0,7.0,1.0,0.0,164.0
225000.0,2450.0,3.0,2.0,8.0,1.0,0.0,7.0,1.0,0.0,80.0
140000.0,2099.0,3.0,2.0,8.0,1.0,0.0,7.0,1.0,0.0,31.0
168750.0,2298.0,3.0,2.0,5.0,1.0,0.0,7.0,1.0,0.0,16.0
213500.0,2815.0,3.0,2.0,5.0,2.0,0.0,7.0,1.0,0.0,66.0
182500.0,2500.0,3.0,2.0,5.0,1.0,0.0,7.0,1.0,0.0,52.0
206900.0,2694.0,3.0,2.0,2.0,1.0,0.0,7.0,1.0,0.0,115.0
229900.0,2706.0,3.0,2.0,2.0,1.0,0.0,7.0,1.0,0.0,82.0
236000.0,2537.0,3.0,2.0,2.0,1.0,0.0,7.0,1.0,1.0,161.0
214000.0,1923.0,3.0,2.0,2.0,1.0,0.0,7.0,1.0,0.0,25.0
212000.0,2109.0,3.0,2.0,2.0,1.0,0.0,7.0,1.0,0.0,55.0
196900.0,3018.0,3.0,2.0,2.0,1.0,0.0,7.0,1.0,0.0,186.0
147000.0,2124.0,3.0,2.0,2.0,1.0,0.0,7.0,1.0,0.0,30.0
226900.0,3498.0,3.0,2.0,2.0,1.0,0.0,7.0,1.0,0.0,157.0
155000.0,2290.0,3.0,2.0,2.0,1.0,0.0,7.0,1.0,0.0,76.0
134000.0,2428.0,3.0,2.0,2.0,1.0,0.0,7.0,1.0,0.0,117.0
146280.0,2370.0,3.0,2.0,2.0,2.0,0.0,7.0,1.0,0.0,70.0
204200.0,2505.0,3.0,2.0,1.0,2.0,0.0,7.0,1.0,0.0,187.0
176900.0,1833.0,3.0,2.0,1.0,2.0,0.0,7.0,0.0,1.0,319.0
152000.0,2304.0,3.0,2.0,1.0,2.0,0.0,7.0,1.0,0.0,274.0
142500.0,2171.0,3.0,2.0,2.0,1.0,0.0,7.0,1.0,0.0,33.0
167900.0,2370.0,3.0,2.0,1.0,2.0,0.0,7.0,1.0,0.0,257.0
135900.0,2137.0,3.0,2.0,1.0,2.0,0.0,7.0,1.0,0.0,129.0
169500.0,2482.0,3.0,2.0,1.0,1.0,0.0,7.0,1.0,0.0,0.0
140700.0,2205.0,3.0,2.0,1.0,2.0,0.0,7.0,1.0,0.0,257.0
143100.0,2214.0,3.0,2.0,1.0,2.0,0.0,7.0,1.0,0.0,224.0
154950.0,2579.0,3.0,2.0,1.0,2.0,0.0,7.0,1.0,0.0,223.0
170000.0,2482.0,3.0,2.0,1.0,2.0,0.0,7.0,1.0,0.0,235.0
169900.0,2667.0,3.0,2.0,1.0,2.0,0.0,7.0,1.0,1.0,108.0
170650.0,2536.0,3.0,2.0,1.0,2.0,0.0,7.0,1.0,1.0,137.0
182700.0,2527.0,3.0,2.0,1.0,2.0,0.0,7.0,1.0,0.0,90.0
130700.0,1924.0,3.0,2.0,1.0,2.0,0.0,7.0,1.0,0.0,159.0
160000.0,2081.0,3.0,2.0,8.0,1.0,0.0,7.0,1.0,1.0,66.0
106000.0,1557.0,3.0,2.0,8.0,2.0,0.0,7.0,1.0,0.0,61.0
203900.0,2887.0,3.0,2.0,8.0,2.0,0.0,7.0,1.0,0.0,137.0
299900.0,2982.0,3.0,3.0,2.0,1.0,0.0,7.0,1.0,0.0,7.0
124000.0,1870.0,3.0,2.0,5.0,1.0,0.0,7.0,1.0,0.0,125.0
161900.0,1643.0,3.0,2.0,1.0,2.0,0.0,7.0,1.0,1.0,7.0
215000.0,1947.0,3.0,2.0,1.0,2.0,0.0,7.0,1.0,0.0,667.0
130000.0,1894.0,3.0,2.0,2.0,1.0,0.0,7.0,1.0,0.0,70.0
307000.0,4341.0,4.0,3.0,13.0,1.0,1.0,7.0,1.0,0.0,9.0
239900.0,3400.0,4.0,2.0,8.0,2.0,0.0,7.0,1.0,0.0,64.0
236500.0,3465.0,4.0,3.0,8.0,1.0,0.0,7.0,1.0,0.0,15.0
128800.0,1498.0,4.0,2.0,8.0,2.0,1.0,7.0,1.0,0.0,51.0
375500.0,3841.0,4.0,3.0,2.0,1.0,0.0,7.0,1.0,1.0,119.0
249900.0,2949.0,4.0,3.0,2.0,1.0,0.0,7.0,1.0,1.0,27.0
228000.0,3005.0,4.0,3.0,2.0,1.0,0.0,7.0,1.0,1.0,156.0
257000.0,3415.0,4.0,3.0,2.0,1.0,0.0,7.0,1.0,0.0,16.0
268600.0,3327.0,4.0,3.0,2.0,1.0,0.0,7.0,1.0,0.0,122.0
167000.0,2329.0,4.0,2.0,2.0,1.0,0.0,7.0,1.0,0.0,23.0
220000.0,2564.0,4.0,2.0,2.0,1.0,0.0,7.0,1.0,0.0,62.0
875000.0,5390.0,4.0,4.0,2.0,1.0,0.0,7.0,1.0,0.0,155.0
198000.0,2932.0,4.0,3.0,2.0,1.0,0.0,7.0,1.0,0.0,63.0
160500.0,2305.0,4.0,2.0,2.0,1.0,0.0,7.0,1.0,0.0,124.0
209900.0,2879.0,4.0,2.0,1.0,2.0,0.0,7.0,1.0,0.0,121.0
315000.0,3200.0,4.0,4.0,2.0,1.0,0.0,7.0,1.0,0.0,52.0
284000.0,3558.0,4.0,3.0,2.0,1.0,0.0,7.0,1.0,0.0,2.0
1575000.0,7897.0,4.0,4.0,1.0,1.0,1.0,7.0,1.0,1.0,7.0
205500.0,2947.0,4.0,3.0,1.0,1.0,0.0,7.0,0.0,1.0,60.0
181000.0,2616.0,4.0,2.0,1.0,1.0,0.0,7.0,1.0,0.0,42.0
239900.0,2825.0,4.0,3.0,2.0,1.0,0.0,7.0,1.0,0.0,116.0
267300.0,3481.0,4.0,2.0,2.0,1.0,0.0,7.0,1.0,0.0,60.0
182000.0,2777.0,4.0,2.0,1.0,2.0,0.0,7.0,1.0,0.0,221.0
187900.0,2768.0,4.0,2.0,1.0,2.0,0.0,7.0,1.0,0.0,221.0
198000.0,2579.0,4.0,2.0,2.0,1.0,0.0,7.0,1.0,0.0,20.0
201700.0,2856.0,4.0,3.0,1.0,2.0,0.0,7.0,1.0,1.0,316.0
216000.0,2847.0,4.0,3.0,1.0,2.0,0.0,7.0,1.0,0.0,123.0
197800.0,2926.0,4.0,2.0,1.0,2.0,0.0,7.0,1.0,0.0,52.0
369250.0,4075.0,4.0,3.0,1.0,2.0,0.0,7.0,1.0,1.0,137.0
338500.0,3777.0,4.0,3.0,1.0,2.0,0.0,7.0,1.0,0.0,95.0
272000.0,3366.0,4.0,3.0,1.0,2.0,0.0,7.0,1.0,0.0,26.0
235500.0,2970.0,4.0,2.0,13.0,1.0,0.0,7.0,1.0,0.0,21.0
260000.0,3321.0,4.0,2.0,2.0,1.0,0.0,7.0,1.0,0.0,28.0
445500.0,4559.0,4.0,4.0,1.0,2.0,0.0,7.0,1.0,1.0,38.0
479900.0,4281.0,4.0,3.0,1.0,2.0,0.0,7.0,1.0,0.0,121.0
286000.0,3159.0,4.0,3.0,1.0,2.0,0.0,7.0,1.0,0.0,30.0
291000.0,3304.0,4.0,2.0,1.0,2.0,0.0,7.0,1.0,0.0,109.0
290000.0,3125.0,4.0,2.0,8.0,2.0,0.0,7.0,1.0,0.0,153.0
244500.0,2937.0,4.0,3.0,2.0,1.0,0.0,7.0,1.0,1.0,108.0
360000.0,4605.0,4.0,3.0,5.0,1.0,0.0,7.0,1.0,0.0,78.0
245900.0,2540.0,4.0,2.0,5.0,1.0,0.0,7.0,1.0,0.0,50.0
195000.0,2851.0,4.0,2.0,8.0,2.0,0.0,7.0,1.0,0.0,112.0
250000.0,3057.0,4.0,3.0,5.0,1.0,0.0,7.0,1.0,1.0,0.0
239900.0,3538.0,4.0,3.0,8.0,1.0,0.0,7.0,1.0,0.0,115.0
277900.0,3840.0,4.0,2.0,1.0,2.0,0.0,7.0,1.0,0.0,11.0
222198.0,2394.0,4.0,2.0,1.0,2.0,0.0,7.0,1.0,0.0,324.0
248840.0,2820.0,4.0,3.0,1.0,2.0,0.0,7.0,1.0,0.0,365.0
270000.0,4561.0,4.0,3.0,8.0,2.0,0.0,7.0,1.0,0.0,442.0
418880.0,4146.0,4.0,3.0,1.0,2.0,0.0,7.0,0.0,0.0,0.0
228900.0,4062.0,4.0,3.0,1.0,2.0,0.0,7.0,0.0,0.0,113.0
1580000.0,7640.0,5.0,4.0,13.0,1.0,0.0,7.0,1.0,1.0,20.0
380000.0,4327.0,5.0,3.0,5.0,2.0,0.0,7.0,1.0,0.0,71.0
430000.0,4625.0,5.0,3.0,5.0,1.0,0.0,7.0,1.0,0.0,11.0
382000.0,3942.0,5.0,4.0,5.0,2.0,0.0,7.0,1.0,1.0,50.0
228500.0,2737.0,5.0,3.0,2.0,1.0,0.0,7.0,1.0,0.0,133.0
300000.0,3611.0,5.0,3.0,1.0,2.0,0.0,7.0,1.0,0.0,294.0
280544.0,3405.0,5.0,3.0,1.0,2.0,0.0,7.0,0.0,0.0,131.0
135000.0,1277.0,1.0,1.0,63.0,1.0,0.0,8.0,0.0,0.0,140.0
119600.0,1239.0,2.0,1.0,45.0,2.0,0.0,8.0,0.0,0.0,540.0
128500.0,1267.0,2.0,2.0,63.0,1.0,0.0,8.0,0.0,0.0,47.0
100000.0,1500.0,2.0,1.0,63.0,3.0,0.0,8.0,0.0,0.0,3.0
57000.0,825.0,2.0,1.0,45.0,1.0,0.0,8.0,0.0,0.0,41.0
40001.0,2334.0,2.0,1.0,35.0,2.0,0.0,8.0,0.0,0.0,92.0
116500.0,1742.0,2.0,1.0,63.0,3.0,0.0,8.0,1.0,0.0,17.0
230777.0,2400.0,2.0,1.0,45.0,1.0,0.0,8.0,1.0,0.0,10.0
120000.0,1955.0,2.0,1.0,63.0,1.0,0.0,8.0,1.0,0.0,9.0
114000.0,1297.0,2.0,1.0,80.0,1.0,0.0,8.0,0.0,0.0,26.0
119900.0,1152.0,2.0,1.0,45.0,2.0,0.0,8.0,0.0,0.0,17.0
135000.0,1189.0,2.0,1.0,63.0,2.0,0.0,8.0,0.0,0.0,26.0
51900.0,1268.0,2.0,1.0,45.0,1.0,0.0,8.0,0.0,0.0,8.0
53000.0,1139.0,2.0,1.0,45.0,2.0,0.0,8.0,0.0,0.0,31.0
27000.0,1008.0,2.0,1.0,63.0,2.0,0.0,8.0,0.0,0.0,8.0
43500.0,1363.0,2.0,1.0,63.0,2.0,0.0,8.0,0.0,0.0,161.0
50000.0,735.0,2.0,1.0,35.0,2.0,0.0,8.0,0.0,0.0,79.0
32500.0,1618.0,2.0,2.0,63.0,2.0,0.0,8.0,0.0,0.0,244.0
52500.0,1425.0,2.0,1.0,35.0,1.0,0.0,8.0,0.0,0.0,28.0
61000.0,1392.0,2.0,1.0,35.0,1.0,0.0,8.0,0.0,0.0,5.0
60000.0,1163.0,2.0,1.0,25.0,1.0,0.0,8.0,0.0,0.0,6.0
24000.0,838.0,2.0,1.0,45.0,2.0,0.0,8.0,0.0,0.0,8.0
125000.0,2451.0,3.0,2.0,63.0,2.0,0.0,8.0,0.0,0.0,1.0
159000.0,1918.0,3.0,2.0,80.0,2.0,0.0,8.0,0.0,0.0,0.0
120000.0,2056.0,3.0,1.0,63.0,1.0,0.0,8.0,1.0,0.0,100.0
30000.0,1305.0,3.0,1.0,35.0,2.0,0.0,8.0,0.0,0.0,209.0
93700.0,2069.0,3.0,2.0,25.0,1.0,0.0,8.0,1.0,0.0,77.0
63500.0,1488.0,3.0,2.0,25.0,3.0,0.0,8.0,0.0,0.0,330.0
127000.0,1931.0,3.0,2.0,13.0,2.0,0.0,8.0,1.0,0.0,151.0
131000.0,2330.0,3.0,2.0,8.0,1.0,0.0,8.0,1.0,0.0,262.0
119900.0,1587.0,3.0,2.0,8.0,1.0,0.0,8.0,1.0,0.0,52.0
83500.0,1442.0,3.0,2.0,8.0,2.0,0.0,8.0,0.0,0.0,26.0
101500.0,1615.0,3.0,2.0,5.0,1.0,0.0,8.0,1.0,0.0,125.0
84000.0,1040.0,3.0,2.0,5.0,1.0,0.0,8.0,0.0,0.0,87.0
159900.0,1722.0,3.0,2.0,1.0,2.0,0.0,8.0,0.0,1.0,1.0
156700.0,1722.0,3.0,2.0,1.0,2.0,0.0,8.0,0.0,1.0,22.0
124000.0,2195.0,3.0,2.0,45.0,1.0,0.0,8.0,1.0,0.0,20.0
72500.0,1582.0,3.0,1.0,35.0,1.0,0.0,8.0,0.0,0.0,34.0
85000.0,1379.0,3.0,1.0,45.0,3.0,0.0,8.0,0.0,0.0,91.0
237000.0,2629.0,3.0,2.0,63.0,1.0,0.0,8.0,1.0,0.0,413.0
236500.0,2751.0,3.0,2.0,63.0,2.0,0.0,8.0,1.0,0.0,28.0
180000.0,1537.0,3.0,2.0,45.0,2.0,0.0,8.0,1.0,0.0,23.0
175000.0,2445.0,3.0,2.0,63.0,1.0,0.0,8.0,1.0,0.0,9.0
135000.0,2379.0,3.0,2.0,63.0,1.0,0.0,8.0,0.0,0.0,219.0
149000.0,2107.0,3.0,2.0,63.0,1.0,0.0,8.0,0.0,0.0,4.0
150000.0,2000.0,3.0,1.0,80.0,3.0,0.0,8.0,0.0,0.0,0.0
161000.0,1380.0,3.0,2.0,80.0,2.0,0.0,8.0,1.0,0.0,10.0
172500.0,1472.0,3.0,2.0,63.0,2.0,0.0,8.0,1.0,0.0,16.0
71500.0,1765.0,3.0,2.0,45.0,2.0,0.0,8.0,0.0,0.0,154.0
69000.0,1364.0,3.0,1.0,45.0,2.0,0.0,8.0,0.0,0.0,7.0
130400.0,1688.0,3.0,2.0,45.0,2.0,0.0,8.0,0.0,0.0,10.0
150000.0,2248.0,3.0,2.0,80.0,1.0,0.0,8.0,0.0,0.0,247.0
255000.0,3074.0,3.0,2.0,8.0,1.0,0.0,8.0,0.0,1.0,14.0
169000.0,2314.0,3.0,2.0,25.0,1.0,0.0,8.0,1.0,1.0,191.0
124000.0,2136.0,3.0,2.0,80.0,1.0,0.0,8.0,1.0,0.0,154.0
30000.0,1241.0,3.0,1.0,45.0,2.0,0.0,8.0,0.0,0.0,28.0
74900.0,1710.0,3.0,3.0,45.0,2.0,0.0,8.0,0.0,0.0,7.0
94900.0,1420.0,3.0,2.0,1.0,2.0,0.0,8.0,0.0,0.0,9.0
72000.0,1175.0,3.0,1.0,25.0,1.0,0.0,8.0,0.0,0.0,68.0
81500.0,1119.0,3.0,1.0,35.0,1.0,0.0,8.0,1.0,0.0,49.0
35500.0,1385.0,3.0,1.0,35.0,2.0,0.0,8.0,0.0,0.0,25.0
84000.0,1631.0,4.0,2.0,5.0,2.0,0.0,8.0,0.0,0.0,36.0
129000.0,3128.0,4.0,2.0,45.0,1.0,0.0,8.0,1.0,0.0,6.0
401000.0,5017.0,4.0,4.0,45.0,2.0,0.0,8.0,1.0,0.0,3.0
125000.0,3096.0,4.0,2.0,18.0,2.0,0.0,8.0,1.0,0.0,28.0
290000.0,1844.0,4.0,2.0,35.0,1.0,0.0,8.0,0.0,1.0,728.0
38300.0,1488.0,4.0,2.0,63.0,2.0,0.0,8.0,0.0,0.0,29.0
59000.0,1744.0,4.0,2.0,25.0,3.0,0.0,8.0,0.0,0.0,28.0
145000.0,1196.0,2.0,2.0,1.0,2.0,0.0,9.0,1.0,1.0,106.0
140000.0,1400.0,2.0,2.0,1.0,2.0,0.0,9.0,0.0,1.0,106.0
155000.0,1196.0,2.0,2.0,1.0,2.0,0.0,9.0,0.0,1.0,106.0
155000.0,1400.0,2.0,2.0,1.0,2.0,0.0,9.0,0.0,1.0,106.0
155000.0,1196.0,2.0,2.0,1.0,2.0,0.0,9.0,0.0,1.0,106.0
160000.0,1400.0,2.0,2.0,1.0,2.0,0.0,9.0,0.0,1.0,106.0
160000.0,1196.0,2.0,2.0,1.0,2.0,0.0,9.0,0.0,1.0,106.0
332000.0,3670.0,3.0,2.0,45.0,1.0,0.0,9.0,1.0,1.0,35.0
129900.0,2870.0,3.0,2.0,45.0,3.0,0.0,9.0,1.0,0.0,73.0
120000.0,2433.0,3.0,2.0,35.0,1.0,0.0,9.0,1.0,0.0,1.0
119900.0,2363.0,3.0,2.0,25.0,1.0,0.0,9.0,0.0,0.0,19.0
154000.0,3250.0,3.0,2.0,25.0,2.0,0.0,9.0,1.0,0.0,34.0
132000.0,1907.0,3.0,2.0,25.0,1.0,0.0,9.0,1.0,0.0,3.0
145000.0,2529.0,3.0,2.0,25.0,1.0,0.0,9.0,1.0,0.0,19.0
156000.0,2495.0,3.0,2.0,25.0,1.0,1.0,9.0,1.0,0.0,3.0
96000.0,1582.0,3.0,2.0,8.0,2.0,0.0,9.0,1.0,0.0,31.0
99000.0,1491.0,3.0,2.0,2.0,1.0,0.0,9.0,0.0,0.0,34.0
132000.0,2013.0,3.0,2.0,2.0,1.0,0.0,9.0,1.0,0.0,6.0
118900.0,1719.0,3.0,2.0,2.0,1.0,0.0,9.0,1.0,0.0,43.0
182000.0,2911.0,3.0,2.0,2.0,1.0,0.0,9.0,1.0,0.0,157.0
150900.0,1949.0,3.0,2.0,1.0,2.0,0.0,9.0,1.0,0.0,0.0
147000.0,2236.0,3.0,2.0,1.0,1.0,0.0,9.0,1.0,0.0,9.0
158000.0,2205.0,3.0,2.0,1.0,1.0,0.0,9.0,1.0,0.0,112.0
174900.0,2312.0,3.0,2.0,1.0,2.0,0.0,9.0,1.0,0.0,166.0
233500.0,3166.0,3.0,2.0,25.0,3.0,1.0,9.0,1.0,1.0,71.0
220000.0,3380.0,3.0,3.0,13.0,1.0,1.0,9.0,1.0,0.0,14.0
133000.0,2886.0,3.0,2.0,45.0,2.0,0.0,9.0,1.0,0.0,68.0
105800.0,2786.0,3.0,2.0,25.0,1.0,0.0,9.0,0.0,0.0,23.0
109000.0,1608.0,3.0,1.0,45.0,2.0,0.0,9.0,0.0,0.0,110.0
185000.0,2097.0,3.0,2.0,13.0,1.0,0.0,9.0,1.0,1.0,44.0
31000.0,1293.0,3.0,1.0,35.0,2.0,0.0,9.0,1.0,0.0,80.0
103000.0,1960.0,3.0,2.0,35.0,1.0,0.0,9.0,1.0,0.0,21.0
90500.0,1628.0,3.0,2.0,35.0,2.0,0.0,9.0,1.0,0.0,28.0
133000.0,1934.0,3.0,2.0,1.0,2.0,0.0,9.0,1.0,0.0,463.0
101900.0,1892.0,3.0,2.0,35.0,2.0,0.0,9.0,1.0,0.0,124.0
82725.0,1062.0,3.0,2.0,1.0,2.0,0.0,9.0,0.0,0.0,115.0
181600.0,3309.0,4.0,2.0,8.0,1.0,0.0,9.0,1.0,0.0,38.0
115500.0,2903.0,4.0,2.0,35.0,2.0,0.0,9.0,0.0,0.0,44.0
177500.0,3070.0,4.0,3.0,25.0,1.0,1.0,9.0,1.0,0.0,91.0
179900.0,3430.0,4.0,3.0,25.0,2.0,0.0,9.0,1.0,0.0,15.0
48000.0,720.0,1.0,1.0,35.0,2.0,0.0,10.0,0.0,0.0,15.0
152500.0,1320.0,2.0,2.0,2.0,1.0,0.0,10.0,0.0,0.0,11.0
64900.0,1033.0,2.0,1.0,63.0,1.0,0.0,10.0,0.0,0.0,8.0
113857.0,2057.0,3.0,2.0,25.0,1.0,0.0,10.0,1.0,0.0,104.0
161000.0,2704.0,3.0,2.0,8.0,1.0,0.0,10.0,1.0,0.0,86.0
129500.0,2246.0,3.0,2.0,2.0,1.0,0.0,10.0,1.0,0.0,150.0
228000.0,3737.0,3.0,2.0,2.0,1.0,0.0,10.0,1.0,0.0,77.0
113000.0,2800.0,3.0,2.0,25.0,1.0,0.0,10.0,1.0,0.0,0.0
141000.0,2276.0,3.0,2.0,8.0,1.0,0.0,10.0,1.0,0.0,8.0
132000.0,2616.0,3.0,2.0,45.0,1.0,0.0,10.0,0.0,0.0,97.0
95000.0,1826.0,3.0,2.0,25.0,1.0,0.0,10.0,1.0,0.0,174.0
25000.0,1579.0,3.0,1.0,35.0,3.0,0.0,10.0,0.0,0.0,3.0
205900.0,3460.0,4.0,3.0,8.0,1.0,0.0,10.0,1.0,0.0,40.0
240000.0,2505.0,4.0,2.0,8.0,1.0,0.0,10.0,1.0,0.0,15.0
66000.0,3580.0,4.0,2.0,80.0,1.0,0.0,10.0,1.0,0.0,0.0
1260000.0,7249.0,5.0,5.0,35.0,1.0,0.0,10.0,1.0,0.0,107.0
295000.0,7790.0,5.0,3.0,18.0,1.0,0.0,10.0,1.0,0.0,119.0
575000.0,5956.0,5.0,4.0,8.0,1.0,1.0,10.0,1.0,1.0,5.0
1400000.0,6397.0,5.0,5.0,8.0,1.0,0.0,10.0,1.0,1.0,245.0
89900.0,1712.0,2.0,2.0,18.0,1.0,0.0,11.0,1.0,0.0,44.0
41000.0,1296.0,2.0,1.0,45.0,1.0,0.0,11.0,0.0,0.0,23.0
34000.0,662.0,2.0,1.0,25.0,2.0,0.0,11.0,0.0,1.0,323.0
112500.0,1836.0,3.0,2.0,25.0,1.0,0.0,11.0,0.0,0.0,45.0
124600.0,1956.0,3.0,2.0,25.0,1.0,0.0,11.0,0.0,0.0,59.0
116500.0,2297.0,3.0,2.0,25.0,1.0,0.0,11.0,1.0,0.0,12.0
136000.0,2791.0,3.0,2.0,18.0,1.0,1.0,11.0,1.0,0.0,39.0
117000.0,1994.0,3.0,2.0,25.0,1.0,0.0,11.0,1.0,0.0,13.0
150000.0,2562.0,3.0,2.0,18.0,3.0,0.0,11.0,1.0,0.0,123.0
118000.0,2492.0,3.0,2.0,18.0,1.0,0.0,11.0,1.0,0.0,17.0
124000.0,1912.0,3.0,2.0,18.0,1.0,0.0,11.0,1.0,0.0,7.0
130000.0,2172.0,3.0,2.0,18.0,1.0,0.0,11.0,1.0,0.0,25.0
120000.0,1684.0,3.0,2.0,18.0,1.0,0.0,11.0,1.0,0.0,10.0
311000.0,3955.0,3.0,2.0,18.0,1.0,0.0,11.0,0.0,0.0,32.0
124500.0,2255.0,3.0,2.0,18.0,1.0,0.0,11.0,1.0,0.0,180.0
125000.0,2238.0,3.0,2.0,18.0,1.0,0.0,11.0,1.0,1.0,27.0
108000.0,2418.0,3.0,2.0,13.0,1.0,0.0,11.0,1.0,0.0,7.0
122000.0,2315.0,3.0,2.0,13.0,2.0,0.0,11.0,1.0,0.0,21.0
177500.0,3020.0,3.0,2.0,13.0,1.0,0.0,11.0,1.0,0.0,48.0
142500.0,2693.0,3.0,2.0,8.0,2.0,0.0,11.0,1.0,0.0,9.0
168000.0,2985.0,3.0,2.0,8.0,1.0,0.0,11.0,1.0,0.0,128.0
266900.0,5140.0,3.0,3.0,8.0,1.0,0.0,11.0,1.0,0.0,89.0
235000.0,3964.0,3.0,2.0,8.0,1.0,0.0,11.0,1.0,0.0,15.0
108900.0,1755.0,3.0,2.0,8.0,1.0,0.0,11.0,1.0,0.0,5.0
114500.0,1874.0,3.0,2.0,8.0,1.0,0.0,11.0,1.0,0.0,48.0
115000.0,1998.0,3.0,2.0,5.0,2.0,0.0,11.0,1.0,0.0,14.0
105000.0,1724.0,3.0,2.0,5.0,1.0,0.0,11.0,1.0,0.0,2.0
108000.0,1681.0,3.0,2.0,5.0,1.0,0.0,11.0,1.0,1.0,4.0
125000.0,2092.0,3.0,2.0,2.0,1.0,0.0,11.0,1.0,0.0,2.0
104000.0,1514.0,3.0,2.0,5.0,3.0,0.0,11.0,0.0,0.0,49.0
105900.0,1655.0,3.0,2.0,5.0,1.0,0.0,11.0,0.0,0.0,7.0
112900.0,1272.0,3.0,2.0,5.0,1.0,0.0,11.0,0.0,0.0,9.0
96000.0,1640.0,3.0,2.0,2.0,1.0,0.0,11.0,0.0,0.0,49.0
165000.0,3251.0,3.0,2.0,2.0,1.0,0.0,11.0,0.0,0.0,5.0
114900.0,1918.0,3.0,2.0,2.0,1.0,0.0,11.0,0.0,0.0,49.0
160000.0,2410.0,3.0,2.0,2.0,3.0,0.0,11.0,0.0,0.0,72.0
195000.0,3348.0,3.0,2.0,2.0,1.0,0.0,11.0,1.0,1.0,126.0
105000.0,1962.0,3.0,2.0,18.0,2.0,0.0,11.0,1.0,0.0,16.0
122900.0,2570.0,3.0,2.0,13.0,1.0,1.0,11.0,0.0,0.0,7.0
123000.0,1484.0,3.0,2.0,18.0,1.0,0.0,11.0,1.0,0.0,20.0
119000.0,2095.0,3.0,2.0,25.0,1.0,0.0,11.0,1.0,0.0,32.0
150000.0,2680.0,3.0,2.0,25.0,1.0,1.0,11.0,1.0,0.0,9.0
129000.0,1907.0,3.0,2.0,25.0,1.0,0.0,11.0,1.0,0.0,28.0
177000.0,2875.0,3.0,2.0,25.0,2.0,0.0,11.0,1.0,0.0,14.0
143500.0,2168.0,3.0,2.0,18.0,2.0,0.0,11.0,1.0,0.0,0.0
288500.0,2660.0,3.0,2.0,35.0,1.0,0.0,11.0,0.0,0.0,6.0
104000.0,1488.0,3.0,1.0,63.0,1.0,0.0,11.0,0.0,0.0,93.0
160000.0,2766.0,3.0,2.0,63.0,1.0,0.0,11.0,0.0,0.0,89.0
162000.0,1949.0,3.0,2.0,63.0,1.0,0.0,11.0,0.0,0.0,25.0
31900.0,1993.0,3.0,2.0,80.0,2.0,0.0,11.0,0.0,0.0,18.0
114900.0,3195.0,3.0,2.0,25.0,2.0,1.0,11.0,1.0,0.0,63.0
126000.0,1404.0,3.0,2.0,2.0,1.0,0.0,11.0,1.0,0.0,96.0
142500.0,2212.0,3.0,2.0,5.0,1.0,0.0,11.0,1.0,0.0,56.0
52000.0,960.0,3.0,1.0,35.0,2.0,0.0,11.0,0.0,0.0,19.0
184000.0,2028.0,3.0,2.0,8.0,1.0,0.0,11.0,1.0,0.0,21.0
105000.0,1368.0,3.0,2.0,5.0,1.0,0.0,11.0,1.0,0.0,35.0
111000.0,1487.0,3.0,2.0,13.0,2.0,0.0,11.0,1.0,0.0,55.0
88500.0,1317.0,3.0,1.0,8.0,2.0,0.0,11.0,1.0,0.0,63.0
172000.0,2603.0,3.0,2.0,8.0,1.0,0.0,11.0,1.0,0.0,126.0
127820.0,2019.0,3.0,2.0,2.0,1.0,0.0,11.0,1.0,0.0,83.0
82000.0,1256.0,3.0,2.0,8.0,1.0,0.0,11.0,0.0,0.0,4.0
118650.0,1666.0,3.0,2.0,13.0,2.0,0.0,11.0,1.0,0.0,50.0
130000.0,2905.0,3.0,2.0,25.0,2.0,0.0,11.0,0.0,0.0,17.0
80500.0,1334.0,3.0,1.0,35.0,2.0,0.0,11.0,0.0,0.0,11.0
170000.0,3112.0,3.0,2.0,13.0,1.0,0.0,11.0,1.0,0.0,41.0
92000.0,1350.0,3.0,2.0,8.0,2.0,0.0,11.0,1.0,0.0,74.0
118000.0,2042.0,3.0,2.0,5.0,2.0,0.0,11.0,1.0,0.0,45.0
179900.0,3476.0,4.0,2.0,25.0,1.0,0.0,11.0,1.0,0.0,14.0
152400.0,2534.0,4.0,2.0,25.0,2.0,0.0,11.0,1.0,0.0,9.0
161500.0,2936.0,4.0,2.0,25.0,1.0,0.0,11.0,1.0,0.0,60.0
332694.0,4988.0,4.0,2.0,18.0,1.0,1.0,11.0,1.0,0.0,9.0
435000.0,3046.0,4.0,4.0,13.0,1.0,1.0,11.0,1.0,0.0,87.0
138000.0,2630.0,4.0,2.0,13.0,2.0,0.0,11.0,0.0,0.0,126.0
193000.0,3086.0,4.0,2.0,8.0,2.0,0.0,11.0,1.0,0.0,19.0
162750.0,3657.0,4.0,2.0,8.0,2.0,0.0,11.0,1.0,0.0,7.0
210000.0,3069.0,4.0,2.0,8.0,1.0,0.0,11.0,1.0,0.0,50.0
227500.0,3147.0,4.0,2.0,8.0,2.0,0.0,11.0,1.0,1.0,3.0
190000.0,2635.0,4.0,2.0,8.0,1.0,0.0,11.0,1.0,1.0,70.0
323000.0,4497.0,4.0,2.0,8.0,1.0,1.0,11.0,1.0,0.0,114.0
320000.0,4411.0,4.0,3.0,5.0,1.0,0.0,11.0,1.0,1.0,12.0
245000.0,3002.0,4.0,4.0,5.0,1.0,0.0,11.0,1.0,0.0,109.0
215000.0,4919.0,4.0,3.0,1.0,2.0,0.0,11.0,0.0,0.0,74.0
219000.0,4805.0,4.0,2.0,25.0,1.0,1.0,11.0,1.0,1.0,59.0
158500.0,3213.0,4.0,2.0,35.0,1.0,0.0,11.0,1.0,0.0,49.0
146000.0,3947.0,4.0,2.0,25.0,1.0,1.0,11.0,1.0,0.0,105.0
254250.0,4222.0,4.0,3.0,25.0,1.0,0.0,11.0,1.0,0.0,20.0
185000.0,3479.0,4.0,2.0,35.0,1.0,0.0,11.0,1.0,0.0,76.0
139900.0,3573.0,4.0,2.0,13.0,2.0,0.0,11.0,0.0,0.0,30.0
344900.0,3990.0,4.0,2.0,13.0,1.0,0.0,11.0,1.0,0.0,3.0
51000.0,1744.0,4.0,1.0,45.0,2.0,0.0,11.0,0.0,0.0,9.0
320000.0,4500.0,4.0,2.0,18.0,1.0,0.0,11.0,1.0,0.0,57.0
164000.0,2456.0,4.0,2.0,8.0,1.0,0.0,11.0,1.0,0.0,42.0
295000.0,3729.0,4.0,3.0,8.0,1.0,0.0,11.0,1.0,0.0,47.0
152000.0,1588.0,4.0,2.0,5.0,2.0,0.0,11.0,0.0,0.0,0.0
195900.0,4000.0,4.0,3.0,8.0,2.0,1.0,11.0,1.0,1.0,77.0
202500.0,2650.0,4.0,3.0,8.0,1.0,1.0,11.0,0.0,0.0,72.0
152000.0,3143.0,4.0,2.0,25.0,1.0,0.0,11.0,1.0,0.0,78.0
149000.0,2967.0,4.0,3.0,13.0,1.0,1.0,11.0,1.0,0.0,62.0
195000.0,4110.0,4.0,2.0,25.0,1.0,0.0,11.0,0.0,0.0,32.0
172600.0,3594.0,4.0,3.0,13.0,2.0,0.0,11.0,1.0,0.0,48.0
122570.0,2853.0,5.0,3.0,25.0,1.0,0.0,11.0,1.0,0.0,34.0
185000.0,4599.0,5.0,3.0,13.0,2.0,1.0,11.0,1.0,0.0,293.0
1280000.0,7086.0,5.0,3.0,13.0,2.0,1.0,11.0,1.0,1.0,4.0
123808.0,3148.0,5.0,2.0,25.0,1.0,0.0,11.0,0.0,0.0,13.0
374000.0,6203.0,7.0,4.0,25.0,1.0,1.0,11.0,1.0,0.0,28.0
