year,firm,lsales,lcapital,llabor,sk_labor,lmaterials,foreign,export,intangibles,ownership
2004,1,10.42139,9.848661,5.308268,0.2673267,9.964441,0.25,1,1,0
2005,1,10.87933,10.06505,5.438079,0.2673267,10.45363,0.25,1,1,0
2006,1,11.28274,10.0939,5.493062,0.2673267,10.83685,0.25,1,1,0
2004,2,9.355739,8.774158,4.025352,0.0,8.940368,0.0,0,0,0
2005,2,9.313799,8.874867,4.025352,0.0,9.021598,0.0,0,0,0
2006,2,9.574984,8.874867,4.043051,0.0,9.229359,0.0,0,0,0
2004,3,10.26879,10.81717,5.56452,0.5823755,9.180706,0.0,0,1,0
2005,3,10.06233,10.76403,5.537334,0.5823755,7.701653,0.0,0,1,0
2006,3,8.765303,11.04652,4.762174,0.5823755,9.179469,0.0,0,1,0
2004,4,9.302464,10.48988,5.351858,0.1374408,7.74846,0.0,0,1,0
2005,4,9.337766,10.45938,5.57973,0.1374408,8.993676,0.0,0,1,0
2006,4,9.21004,10.4615,5.505332,0.1374408,8.767797,0.0,0,1,0
2004,5,9.050172,7.307873,3.555348,0.2,7.022868,0.0,0,0,1
2005,5,8.993054,8.083328,3.871201,0.2,7.881938,0.0,0,0,1
2006,5,9.08421,7.628518,3.871201,0.2,7.072422,0.0,0,0,1
2004,6,10.81681,8.75005,5.398163,0.321267,9.443593,0.0,0,0,1
2005,6,10.54207,8.743372,5.32301,0.321267,9.203718,0.0,0,0,1
2006,6,9.945684,8.956866,5.236442,0.321267,8.657303,0.0,0,0,1
2004,7,9.445966,8.719971,3.526361,0.1470588,9.175956,0.0,0,0,1
2005,7,9.7029,8.875846,3.555348,0.1470588,9.496947,0.0,0,0,1
2006,7,9.775143,8.991936,3.931826,0.1470588,9.550947,0.0,0,0,1
2004,8,8.863333,9.642642,4.454347,0.1046512,6.701961,0.0,0,0,1
2005,8,8.545392,7.237059,4.488636,0.1046512,7.053586,0.0,0,0,1
2006,8,7.821643,9.228376,4.442651,0.1046512,6.638568,0.0,0,0,1
2004,9,7.756196,6.559615,3.951244,0.1923077,6.1717,0.0,0,0,1
2005,9,7.47817,6.496775,4.204693,0.1923077,6.104793,0.0,0,0,1
2006,9,7.399398,7.783224,3.970292,0.1923077,6.234411,0.0,0,0,1
2004,10,8.739697,8.687948,3.610918,0.4324324,6.295266,0.0,0,1,0
2005,10,8.790269,9.184407,4.584968,0.4324324,5.849325,0.0,0,1,0
2006,10,8.99293,8.249576,4.382027,0.4324324,5.393628,0.0,0,1,0
2004,11,10.34801,10.07761,4.934474,0.4892086,8.92572,0.0,1,0,1
2005,11,10.55717,10.12134,4.997212,0.4892086,9.321166,0.0,1,0,1
2006,11,10.60314,9.805324,5.068904,0.4892086,9.468465,0.0,1,0,1
2004,12,9.935906,7.118826,3.295837,0.037037,9.734832,0.0,0,0,0
2005,12,9.813946,7.186144,3.555348,0.037037,9.526464,0.0,0,1,0
2006,12,10.19947,7.627544,3.496508,0.037037,10.18316,0.0,0,1,0
2004,13,11.54579,10.81013,5.805135,0.1626506,10.25696,0.0,1,1,0
2005,13,11.56747,10.67151,5.231109,0.1626506,9.298534,0.0,1,1,0
2006,13,11.65363,11.28345,5.509388,0.1626506,9.644976,0.0,0,1,0
2004,14,9.138092,8.328692,3.951244,0.2692308,9.06184,0.0,0,0,1
2005,14,8.889859,8.295798,3.912023,0.2692308,7.346655,0.0,0,0,1
2006,14,8.925188,8.297295,3.871201,0.2692308,7.440146,0.0,0,0,1
2004,15,9.081939,9.339437,3.555348,0.3428572,7.82764,0.0,0,1,0
2005,15,9.675457,9.343472,3.688879,0.3428572,8.227108,0.0,0,1,0
2006,15,9.409191,9.607572,4.143135,0.3428572,8.174139,0.0,0,0,0
2004,16,10.28783,9.397981,5.945421,0.1701571,9.400961,0.0,0,1,0
2005,16,10.2956,9.016634,5.693732,0.1701571,9.289151,0.0,0,1,0
2006,16,10.05612,9.204121,5.525453,0.1701571,9.161466,0.0,0,1,0
2004,17,10.23738,9.194922,5.111988,0.1144578,9.509556,0.0,0,1,0
2005,17,10.2027,9.095827,5.075174,0.1144578,9.575747,0.0,0,1,0
2006,17,10.32967,9.111293,5.049856,0.1144578,9.466842,0.0,0,1,0
2004,18,9.092682,8.036573,4.025352,0.0714286,8.863192,1.0,0,1,0
2005,18,9.028099,8.081475,4.077538,0.0714286,8.813141,0.2473684,0,1,0
2006,18,9.040856,8.083637,3.912023,0.0714286,8.934851,0.2439282,0,1,0
2004,19,8.527143,6.263398,2.397895,0.5454546,8.38229,0.0,0,0,0
2005,19,8.831274,6.885509,2.772589,0.5454546,8.227108,0.0,0,0,0
2006,19,8.567125,7.385851,2.995732,0.5454546,8.39231,0.0,0,0,0
2004,20,10.67556,8.672829,4.465908,0.4022988,10.52519,0.0,0,1,0
2005,20,10.60896,8.741137,4.532599,0.4022988,10.27118,0.0,0,1,0
2006,20,10.43793,9.015541,4.867535,0.4022988,10.30075,0.0,0,1,0
2004,21,9.979291,9.658162,5.308268,0.0940594,9.071652,0.0,0,1,0
2005,21,9.914625,9.779963,5.375278,0.0940594,9.21124,0.0,0,1,0
2006,21,10.06182,9.803944,5.463832,0.0940594,9.671618,0.0,0,1,0
2004,22,8.900549,8.263332,3.433987,0.3548387,7.981733,0.0,0,1,0
2005,22,9.202812,8.421123,3.78419,0.3548387,8.661813,0.0,0,1,0
2006,22,9.103089,5.438079,3.806663,0.3548387,8.607582,0.0,0,1,0
2004,23,10.28671,9.716977,5.53339,0.3043478,8.721276,0.0,0,0,0
2005,23,10.71188,9.682155,5.627621,0.3043478,8.757941,0.0,0,1,0
2006,23,11.10712,9.875397,5.802118,0.3043478,8.596004,0.0,0,1,0
2004,24,9.340404,8.659387,4.770685,0.0677966,9.1442,0.0,0,0,0
2005,24,9.366404,8.672144,4.189655,0.0677966,9.099855,0.0,0,0,0
2006,24,9.484861,8.642415,4.304065,0.0677966,9.437237,0.0,0,0,0
2004,25,10.97577,10.97442,5.726848,0.1726384,10.24491,0.0,0,1,0
2005,25,11.06714,11.11764,5.717028,0.1726384,10.35806,0.0,0,1,0
2006,25,10.62901,9.828225,5.70711,0.1726384,9.772068,0.0,0,1,0
2004,26,6.906755,7.999343,2.944439,0.5263158,5.513429,0.0,0,0,1
2005,26,6.972606,7.999343,2.995732,0.5263158,5.493062,0.0,0,0,1
2006,26,6.579251,8.005701,2.944439,0.5263158,5.429346,0.0,0,0,1
2004,27,8.648747,6.928538,3.688879,0.325,7.968666,0.0,0,0,0
2005,27,8.894258,6.951772,3.688879,0.325,8.255829,0.0,0,0,0
2006,27,9.158942,6.80017,3.178054,0.325,8.334231,0.0,0,0,0
2004,28,9.416866,8.489205,3.688879,0.225,9.198369,0.0,0,0,0
2005,28,9.463741,8.489205,3.663562,0.225,9.158731,0.0,0,0,0
2006,28,9.339964,8.425516,3.526361,0.225,8.976262,0.0,0,0,0
2004,29,8.943637,7.186901,4.369448,0.113924,8.071843,0.0,0,1,0
2005,29,8.949884,7.810758,4.65396,0.113924,8.150757,0.4,0,1,0
2006,29,9.849137,8.729882,4.65396,0.113924,8.093768,0.49,0,1,0
2004,30,9.383789,7.74327,3.218876,0.16,8.815964,1.0,0,0,0
2005,30,9.711176,6.39693,3.367296,0.16,9.224539,1.0,0,0,0
2006,30,10.11816,6.842683,3.89182,0.16,9.686512,1.0,0,0,0
2004,31,10.65815,9.868326,2.197225,0.5555556,10.684,0.0,0,0,0
2005,31,10.70052,9.941024,1.94591,0.5555556,10.59711,0.0,0,0,0
2006,31,10.62758,9.952849,2.079442,0.5555556,10.54576,0.0,0,0,0
2004,32,9.584314,7.600903,4.867535,0.5846154,8.157657,0.0,0,0,0
2005,32,9.182969,6.684612,4.718499,0.5846154,8.313852,0.0,0,0,0
2006,32,8.793157,6.131227,4.174387,0.5846154,7.766417,0.0,0,0,0
2004,33,8.850661,10.4257,4.276666,0.2777778,8.645234,0.0,0,0,0
2005,33,9.334327,10.37349,4.369448,0.2777778,9.146441,0.0,0,1,0
2006,33,9.464207,9.50465,4.672829,0.2777778,9.23708,0.0,0,1,0
2004,34,8.615589,7.311218,3.135494,0.173913,8.204946,0.0,0,0,0
2005,34,8.689465,7.334982,3.401197,0.173913,8.15191,0.0,0,0,0
2006,34,8.843038,7.3518,3.401197,0.173913,8.525954,0.0,0,0,0
2004,35,11.16514,9.259226,5.187386,0.5642458,10.00007,0.0,0,0,1
2005,35,11.28866,9.895455,5.347107,0.5642458,10.10394,0.0,0,0,1
2006,35,11.35924,10.82126,5.420535,0.5642458,10.08239,0.0,1,0,1
2004,36,9.55549,7.600903,3.713572,0.5121951,8.337588,0.0,0,0,0
2005,36,10.11152,8.383433,3.871201,0.5121951,9.312175,0.0,0,0,0
2006,36,10.11561,8.152198,4.394449,0.5121951,9.664849,0.0,0,0,0
2004,37,7.117206,5.225747,3.713572,0.2195122,6.828712,0.0,0,1,1
2005,37,6.918695,5.32301,2.890372,0.2195122,6.872128,0.0,0,0,1
2006,37,6.96508,5.351858,3.258096,0.2195122,6.882438,0.0,0,0,1
2004,38,10.10528,8.89371,4.553877,0.4210526,9.571226,0.0,0,0,0
2005,38,10.14187,9.048174,4.49981,0.4210526,9.851247,0.0,0,1,0
2006,38,10.33417,9.047939,4.532599,0.4210526,9.964865,0.0,0,1,0
2004,39,8.733433,7.571989,3.465736,0.28125,7.754481,0.0,0,0,0
2005,39,8.993551,7.567863,3.401197,0.28125,8.183397,0.0,0,0,0
2006,39,8.794067,7.570959,3.332205,0.28125,8.030735,0.0,0,0,0
2004,40,6.96508,6.542472,2.890372,0.7222222,6.363028,0.0,1,0,1
2005,40,7.097549,6.708084,2.890372,0.7222222,6.710523,0.0,1,0,1
2006,40,7.414573,6.708084,2.772589,0.7222222,7.045776,0.0,0,0,1
2004,41,9.41768,5.010635,3.663562,0.2564103,8.363809,0.0,0,0,0
2005,41,9.540794,5.556828,3.78419,0.2564103,9.217316,0.0,0,0,0
2006,41,9.471242,5.313206,4.077538,0.2564103,9.170247,0.0,0,0,0
2004,42,8.542276,6.806829,3.465736,0.25,8.270013,0.0,0,0,0
2005,42,8.841014,6.489205,3.367296,0.25,8.600799,0.0,1,0,0
2006,42,9.102309,7.090077,3.258096,0.25,8.613412,0.0,0,0,0
2004,43,10.02127,9.807362,6.075346,0.0137931,9.509556,0.0,1,0,1
2005,43,10.76754,9.807362,6.146329,0.0137931,10.43943,0.0,1,0,1
2006,43,11.22049,10.16235,6.122493,0.0137931,10.96306,0.0,1,0,1
2004,44,8.192294,5.267858,3.912023,0.3,6.028278,0.0,0,0,1
2005,44,7.955074,5.393628,4.025352,0.3,6.309918,0.0,0,0,1
2006,44,8.164511,5.455321,3.951244,0.3,5.97381,0.0,0,0,1
2004,45,8.833171,7.640123,3.912023,0.24,7.617268,0.0,0,0,0
2005,45,8.907477,7.790696,3.912023,0.24,8.320205,0.0,0,0,0
2006,45,8.979291,7.790696,3.850147,0.24,8.219057,0.0,0,0,0
2004,46,9.320539,7.522941,4.41884,0.0722892,8.987822,0.0,0,0,0
2005,46,8.901366,6.851185,4.454347,0.0722892,8.659907,0.0,0,0,0
2006,46,9.275847,5.659482,4.077538,0.0722892,7.389564,0.0,0,0,0
2004,47,9.058703,5.983936,3.78419,0.3181818,8.364741,0.0,1,0,0
2005,47,9.327679,5.983936,3.988984,0.3181818,8.216358,0.0,0,0,0
2006,47,9.208639,5.983936,3.850147,0.3181818,8.78554,0.0,1,0,0
2004,48,10.34769,9.63835,4.905275,0.5851852,9.254453,0.0,0,0,0
2005,48,10.40602,8.14119,5.09375,0.5851852,9.528285,0.0,0,0,0
2006,48,10.70956,8.761864,5.153292,0.5851852,9.964724,0.0,1,1,0
2004,49,9.970678,9.978363,4.317488,0.4,9.70082,0.0,0,1,0
2005,49,10.02225,10.09456,4.158883,0.4,9.712206,0.0,0,1,0
2006,49,10.03736,10.09456,3.871201,0.4,9.953182,0.0,0,1,0
2004,50,9.836921,9.004668,5.680172,0.0750853,8.739536,0.0,0,1,1
2005,50,9.952659,9.735483,5.855072,0.0750853,8.807023,0.0,0,1,1
2006,50,10.01489,9.839003,5.910797,0.0750853,8.701512,0.0,0,1,1
2004,51,11.4409,11.15728,5.153292,0.6300578,9.911654,0.0,0,1,0
2005,51,11.68355,11.30704,5.463832,0.6300578,10.54424,0.0,1,1,0
2006,51,11.87712,11.35899,5.587249,0.6300578,10.61142,0.0,1,1,0
2004,52,9.481283,8.34759,4.317488,0.0666667,9.061725,0.0,0,0,0
2005,52,9.581903,8.335671,4.248495,0.0666667,9.392662,0.0,0,0,0
2006,52,9.728718,8.381602,4.174387,0.0666667,9.528648,0.0,0,1,0
2004,53,10.20729,6.44572,3.912023,0.06,10.02712,0.0,0,0,0
2005,53,10.26917,6.49224,3.828641,0.06,10.19092,0.0,0,0,0
2006,53,10.42851,7.600903,4.174387,0.06,10.34817,0.0,0,0,0
2004,54,8.788136,7.937375,3.258096,0.1153846,7.112328,0.0,0,0,0
2005,54,9.073604,8.205218,3.218876,0.1153846,8.456381,0.0,0,0,0
2006,54,9.324561,8.708474,3.218876,0.1153846,9.100637,0.0,0,0,0
2004,55,8.901911,5.497168,2.302585,0.0,8.612503,0.0,0,0,0
2005,55,9.278279,5.768321,2.302585,0.0,9.038365,0.0,0,0,0
2006,55,9.572341,6.572282,2.302585,0.0,9.321971,0.0,0,0,0
2004,56,12.37223,13.42667,6.261492,0.1603053,11.82985,0.0,1,1,0
2005,56,12.89672,13.56836,6.261492,0.1603053,12.47914,0.0,1,1,0
2006,56,12.64826,13.5768,6.33328,0.1603053,12.32514,0.0,1,1,0
2004,57,9.72687,4.905275,2.302585,0.0,9.795847,0.0,0,0,0
2005,57,10.30675,4.976734,2.302585,0.0,10.19242,0.0,0,0,0
2006,57,10.65261,4.976734,2.302585,0.0,10.59591,0.0,0,0,0
2004,58,9.392662,6.670766,4.41884,0.4216867,8.471777,0.0,0,0,0
2005,58,8.594154,7.590852,4.317488,0.4216867,8.333751,0.0,0,0,0
2006,58,8.630522,6.889591,4.025352,0.4216867,7.908387,0.0,0,0,0
2004,59,10.21957,7.549609,3.806663,0.3111111,9.771726,0.0,0,0,0
2005,59,10.82275,8.199739,3.931826,0.3111111,10.58759,0.0,0,0,0
2006,59,11.02164,8.68626,4.219508,0.3111111,10.8945,0.0,0,0,0
2004,60,10.02331,7.155396,4.248495,0.2428571,9.38505,0.0,0,0,0
2005,60,9.975808,8.414939,4.382027,0.2428571,9.459931,0.0,0,0,0
2006,60,9.853247,9.139059,4.382027,0.2428571,9.681218,0.0,0,0,0
2004,61,9.694062,4.60517,2.397895,0.0,9.333,0.0,0,0,0
2005,61,9.563107,6.361302,2.397895,0.0,9.202309,0.0,0,0,0
2006,61,9.729135,6.363028,2.079442,0.0,9.394161,0.0,0,0,0
2004,62,9.14024,7.340836,3.688879,0.1,8.724695,0.0,0,0,0
2005,62,9.398147,5.758902,3.988984,0.1,9.351319,0.0,0,0,0
2006,62,9.642642,5.70711,4.025352,0.1,8.876125,0.0,0,0,0
2004,63,8.805375,8.523573,5.187386,0.0446927,8.003029,0.0,0,0,0
2005,63,8.994172,6.708084,5.099866,0.0446927,8.505728,0.0,0,0,0
2006,63,9.16503,7.309212,4.812184,0.0446927,9.176991,0.0,0,0,0
2004,64,9.671556,5.47227,4.077538,0.0338983,9.267098,0.0,0,0,0
2005,64,10.14388,6.558198,3.806663,0.0338983,9.900985,0.0,0,0,0
2006,64,10.19877,7.698483,3.526361,0.0338983,10.08117,0.0,0,0,0
2004,65,11.78446,9.243775,4.779123,0.4117647,11.6519,0.0,0,1,0
2005,65,11.6053,9.091444,5.099866,0.4117647,11.45469,0.0,0,1,0
2006,65,11.78307,9.55393,5.332719,0.4117647,11.58586,0.0,0,1,0
2004,66,9.257796,6.047372,2.397895,0.4545455,9.159678,0.0,0,0,0
2005,66,9.493789,5.497168,2.890372,0.4545455,9.438272,0.0,0,0,0
2006,66,9.226312,6.056784,2.833213,0.4545455,9.054037,0.0,0,0,0
2004,67,9.039315,9.287487,3.555348,0.0857143,7.341484,0.5999679,0,0,0
2005,67,9.364348,9.344784,3.688879,0.0857143,7.481556,0.5999679,0,0,0
2006,67,9.064042,9.357121,3.688879,0.0857143,7.372118,0.5999679,0,0,0
2004,68,9.144307,5.857933,2.995732,0.15,9.090994,0.0,0,0,0
2005,68,9.46599,6.075346,3.044523,0.15,9.330432,0.0,0,0,0
2006,68,9.229751,6.593045,3.218876,0.15,9.086476,0.0,0,0,0
2004,69,9.312897,7.489412,3.688879,0.0,8.874168,0.0,0,0,0
2005,69,9.23922,7.489412,3.637586,0.0,8.988945,0.0,0,0,0
2006,69,8.619027,7.659643,3.555348,0.0,8.436634,0.0,0,0,0
2004,70,10.15952,10.38631,4.49981,0.2666667,8.947416,0.0,0,1,0
2005,70,10.15144,10.3749,5.111988,0.2666667,8.953898,0.0,0,1,0
2006,70,10.55537,10.68794,5.231109,0.2666667,9.366404,0.0,0,1,0
2004,71,9.541441,9.103423,4.26268,0.0422535,9.325364,0.0,0,0,0
2005,71,9.4572,9.100749,4.234107,0.0422535,9.146655,0.0,0,0,0
2006,71,9.483797,9.066355,4.174387,0.0422535,9.315961,0.0,0,0,0
2004,72,9.680219,6.594413,4.110874,0.2295082,9.634627,0.0,0,0,0
2005,72,10.1496,5.616771,4.248495,0.2295082,9.933241,0.0,0,0,0
2006,72,10.38,5.416101,4.26268,0.2295082,10.12787,0.0,0,1,0
2004,73,11.74804,8.317278,5.062595,0.278481,11.34596,0.0,0,0,0
2005,73,12.07932,8.580731,5.541264,0.278481,12.24524,0.0,0,0,0
2006,73,12.09797,8.880586,5.7301,0.278481,11.90783,0.0,0,0,0
2004,74,12.70951,11.00421,4.465908,0.3908046,11.66124,0.6,1,1,0
2005,74,12.53337,10.55745,4.477337,0.3908046,12.02909,0.6,1,1,0
2006,74,12.20852,11.22358,4.369448,0.3908046,11.9742,0.6,1,1,0
2004,75,9.617337,8.699514,3.850147,0.0638298,9.136694,0.0,0,1,1
2005,75,9.545383,8.783703,3.850147,0.0638298,8.950144,0.0,0,1,1
2006,75,9.556055,8.416489,3.850147,0.0638298,8.943114,0.0,0,1,1
2004,76,9.792221,8.052933,3.713572,0.0,9.570808,0.0,0,0,0
2005,76,9.640238,8.36637,3.663562,0.0,9.430119,0.0,0,0,0
2006,76,9.033364,8.370779,3.828641,0.0,8.528331,0.0,0,0,0
2004,77,9.942035,8.982812,4.65396,0.2380952,9.050758,0.0,0,0,0
2005,77,9.927692,8.533067,4.787492,0.2380952,9.957644,0.0,0,0,0
2006,77,10.12955,8.60886,4.564348,0.2380952,9.792276,0.0,0,0,0
2004,78,9.012499,8.109826,4.41884,0.0481928,8.222822,0.5999369,0,1,1
2005,78,8.721276,7.838737,4.29046,0.0481928,8.364508,0.5999369,0,1,1
2006,78,9.008101,7.838737,4.219508,0.0481928,8.502282,0.5999369,0,1,1
2004,79,10.66616,10.62133,5.726848,0.1270358,9.80615,0.0,0,0,0
2005,79,10.75831,10.62133,6.39693,0.1270358,10.32876,0.0,0,0,0
2006,79,10.92651,10.57132,6.214608,0.1270358,10.37689,0.0,0,1,0
2004,80,10.43696,9.849771,5.273,0.1589744,9.451403,0.0,0,1,0
2005,80,10.51813,10.02486,4.955827,0.1589744,10.19017,0.25,0,1,0
2006,80,10.28,8.886962,4.85203,0.1589744,10.20792,0.25,0,1,0
2004,81,10.07369,6.665684,2.197225,0.5555556,8.972464,0.0,0,0,0
2005,81,10.08818,6.665684,3.7612,0.5555556,9.505469,0.0,0,0,0
2006,81,10.06207,6.665684,2.197225,0.5555556,9.990537,0.0,0,0,0
2004,82,9.196038,6.025866,2.890372,0.1111111,9.035987,0.0,0,0,0
2005,82,9.224145,5.768321,3.091043,0.1111111,9.059052,0.0,0,0,0
2006,82,9.428994,5.843544,3.091043,0.1111111,9.184715,0.0,0,0,0
2004,83,9.672815,9.867861,5.634789,0.3928571,9.038484,0.0,0,1,1
2005,83,9.464362,10.28657,5.545177,0.3928571,8.380457,0.0,0,0,1
2006,83,9.3879,9.925249,5.420535,0.3928571,7.990577,0.0,0,0,1
2004,84,8.943376,5.723585,2.995732,0.1,8.816112,0.0,0,0,0
2005,84,9.713295,5.57973,3.295837,0.1,9.345221,0.0,0,0,0
2006,84,9.804551,5.7301,3.332205,0.1,9.533438,0.0,0,0,0
2004,85,8.88461,7.402452,4.65396,0.0761905,8.565602,0.0,0,0,0
2005,85,9.398479,6.835185,4.941642,0.0761905,8.895219,0.0,0,0,0
2006,85,9.352708,6.745236,4.795791,0.0761905,9.108308,0.0,0,1,0
2004,86,9.359105,8.410275,4.59512,0.2323232,8.626944,0.0,0,1,0
2005,86,9.169935,8.498825,4.795791,0.2323232,8.924922,0.0,0,1,0
2006,86,9.365633,9.352708,4.61512,0.2323232,8.360539,0.0,0,1,0
2004,87,9.76824,6.907755,4.007333,0.0727273,9.743436,0.0,0,0,0
2005,87,8.879055,6.098074,3.688879,0.0727273,8.917579,0.0,0,0,0
2006,87,9.324919,7.148346,3.583519,0.0727273,9.119102,0.0,0,0,0
2004,88,8.64365,10.63778,4.442651,0.1647059,8.097426,0.0,0,0,0
2005,88,8.577724,10.63778,4.330733,0.1647059,7.895808,0.0,0,0,0
2006,88,8.733433,10.63778,4.356709,0.1647059,8.065266,0.0,0,0,0
2004,89,11.29589,10.46507,5.036952,0.4935065,10.86011,0.0,0,1,0
2005,89,10.83614,10.47099,5.164786,0.4935065,10.77695,0.0,0,1,0
2006,89,10.97803,10.47951,4.955827,0.4935065,10.92666,0.0,0,1,0
2004,90,9.909221,10.10851,4.094345,0.1333333,8.856091,0.0084557,0,1,0
2005,90,10.17998,9.074521,4.094345,0.1333333,9.087042,0.0,0,1,0
2006,90,10.08864,9.014325,3.912023,0.1333333,8.92079,0.0,0,1,0
2004,91,10.13939,8.636752,4.510859,0.1208791,9.924662,0.0,0,0,0
2005,91,10.38641,8.66768,4.543295,0.1208791,10.01216,0.0,0,0,0
2006,91,10.74908,8.884887,4.836282,0.1208791,10.68203,0.0,0,0,0
2004,92,10.33796,8.992682,4.189655,0.0757576,9.856291,0.0,0,0,0
2005,92,11.01337,10.31851,4.189655,0.0757576,10.34638,0.0,0,0,0
2006,92,11.17013,10.31068,4.189655,0.0757576,10.40272,0.0,0,0,0
2004,93,9.672815,7.504942,2.995732,0.25,8.072155,0.25,0,0,0
2005,93,9.852194,8.014005,3.091043,0.25,9.682841,0.25,0,0,0
2006,93,9.99479,8.022241,2.995732,0.25,9.764915,0.25,0,0,0
2004,94,9.494692,7.297091,3.931826,0.6666667,9.041093,0.0,0,1,0
2005,94,9.43867,5.429346,3.931826,0.6666667,8.736971,0.0,0,0,0
2006,94,9.846547,5.774551,3.931826,0.6666667,9.574428,0.0,0,0,0
2004,95,10.66336,6.745236,3.806663,0.0666667,10.17351,0.0,0,0,0
2005,95,10.57029,7.874739,3.912023,0.0666667,9.859901,0.0,0,0,0
2006,95,10.82337,7.874739,3.970292,0.0666667,10.33169,0.0,0,0,0
2004,96,9.983176,6.405229,2.890372,0.0555556,8.784315,0.0,0,0,0
2005,96,9.998298,6.481577,3.091043,0.0555556,9.538492,0.0,0,0,0
2006,96,9.314159,6.821107,2.890372,0.0555556,8.77137,0.0,0,0,0
2004,97,8.207947,8.164795,3.931826,0.0784314,7.60589,0.0,0,0,1
2005,97,8.226306,8.425955,3.912023,0.0784314,7.561642,0.0,0,0,1
2006,97,8.338545,7.443664,3.931826,0.0784314,7.576097,0.0,0,0,1
2004,98,8.973478,7.911324,2.995732,0.05,8.569786,0.0,0,0,0
2005,98,8.998507,7.37149,3.178054,0.05,8.905309,0.0,0,0,0
2006,98,9.447782,7.450079,3.663562,0.05,9.248599,0.0,0,0,0
2004,99,9.066932,7.779048,3.871201,0.0625,8.139732,0.0,0,0,0
2005,99,9.026778,8.34284,3.713572,0.0625,8.460835,0.0,0,0,0
2006,99,8.818778,8.389359,3.713572,0.0625,8.287025,0.0,0,0,0
2004,100,8.634976,5.921578,3.663562,0.1025641,8.065266,0.0,0,0,0
2005,100,8.72372,5.755742,3.912023,0.1025641,8.330864,0.0,0,0,0
2006,100,9.142383,5.932245,3.332205,0.1025641,8.846929,0.0,0,0,0
2004,101,9.160204,5.31812,2.70805,0.2,9.002209,0.0,0,0,0
2005,101,9.230339,5.347107,2.772589,0.2,9.083416,0.0,0,0,0
2006,101,9.334062,6.575076,2.944439,0.2,9.209641,0.0,0,0,0
2004,102,8.831274,7.825645,3.688879,0.25,8.849227,0.0,0,0,0
2005,102,9.913834,7.938446,3.496508,0.25,10.17968,0.0,0,0,0
2006,102,10.1399,7.966587,3.912023,0.25,10.13816,0.0,0,0,0
2004,103,9.050406,7.330405,3.295837,0.1111111,8.559103,0.0,0,1,0
2005,103,9.289244,7.332369,3.258096,0.1111111,8.868132,0.0,0,0,0
2006,103,9.368028,7.355002,3.332205,0.1111111,9.053803,0.0,0,0,0
2004,104,9.470626,9.126415,3.951244,0.1923077,8.7093,0.0,0,1,0
2005,104,9.526755,8.875147,3.988984,0.1923077,9.143024,0.0,0,1,0
2006,104,9.565424,8.424419,4.060443,0.1923077,9.179056,0.0,0,1,0
2004,105,9.510741,7.413367,2.833213,0.2941177,9.217515,0.0,0,0,0
2005,105,9.74367,8.394347,2.639057,0.2941177,9.376194,0.0,0,0,0
2006,105,9.756958,7.669028,2.70805,0.2941177,9.450302,0.0,0,0,0
2004,106,9.142061,6.487684,3.7612,0.0,8.935904,0.0,0,0,0
2005,106,9.389323,7.408531,3.7612,0.0,9.162515,0.0,0,0,0
2006,106,9.106091,5.877736,3.7612,0.0,8.949235,0.0,0,0,0
2004,107,9.416216,6.977282,2.639057,0.0,9.384042,0.0,0,0,0
2005,107,9.140669,5.308268,2.564949,0.0,9.09549,0.0,0,0,0
2006,107,9.442801,5.02388,2.70805,0.0,9.411974,0.0,0,0,0
2004,108,11.59641,8.946896,4.219508,0.0735294,11.31184,0.0,0,0,0
2005,108,9.825526,8.867004,4.219508,0.0735294,9.791438,0.0,0,0,0
2006,108,9.641149,8.98932,4.304065,0.0735294,9.733588,0.0,0,0,0
2004,109,9.080118,7.901007,3.401197,0.0,8.797398,0.0,0,0,0
2005,109,8.847216,7.901007,3.401197,0.0,8.463581,0.0,0,0,0
2006,109,8.761706,7.901007,3.091043,0.0,8.615589,0.0,0,0,0
2004,110,8.546947,5.010635,3.610918,0.0,7.649693,0.0,0,0,0
2005,110,9.059518,5.501258,3.610918,0.0,8.663888,0.0,0,0,0
2006,110,9.085684,6.437752,3.988984,0.0,8.868554,0.0,0,0,0
2004,111,9.407551,6.851185,4.70953,0.0990991,8.628198,0.0,0,0,0
2005,111,9.754523,7.046647,4.795791,0.0990991,8.883779,0.0,0,0,0
2006,111,10.21665,7.081708,4.976734,0.0990991,9.160625,0.0,0,0,0
2004,112,7.252762,6.678342,5.192957,0.0333333,6.331502,0.0,0,0,1
2005,112,6.794587,5.480639,4.510859,0.0333333,6.327937,0.0,0,0,1
2006,112,6.440947,5.480639,3.367296,0.0333333,5.883322,0.0,0,0,1
2004,113,11.11452,9.936922,4.795791,0.5041322,10.83687,0.0,1,1,0
2005,113,11.20755,10.05186,5.02388,0.5041322,10.76515,0.0,0,1,0
2006,113,11.57218,10.13939,5.164786,0.5041322,11.2421,0.0,1,1,0
2004,114,12.24301,9.137124,4.70953,0.1351351,12.1618,0.0,0,0,0
2005,114,12.39856,9.458294,4.718499,0.1351351,12.23984,0.0,0,0,0
2006,114,12.78602,9.466222,4.718499,0.1351351,12.60919,0.0,0,0,0
2004,115,10.55711,9.646788,5.141664,0.1578947,10.2259,0.0,0,0,0
2005,115,10.54487,9.558317,4.804021,0.1578947,10.26444,0.0,0,0,0
2006,115,10.50592,9.513182,4.60517,0.1578947,9.857496,0.0,0,0,0
2004,116,10.66758,8.014005,4.094345,0.1,10.59223,0.0,0,0,0
2005,116,10.48838,7.733246,4.094345,0.1,10.39041,0.0,0,0,0
2006,116,10.63665,8.050385,3.912023,0.1,10.41897,0.0,0,0,0
2004,117,9.673194,9.903638,4.644391,0.0673077,9.251194,0.0,0,0,0
2005,117,9.804496,9.920836,4.644391,0.0673077,9.312987,0.0,1,0,0
2006,117,9.97683,9.773777,4.644391,0.0673077,9.534307,0.0,1,1,0
2004,118,10.97711,10.21464,4.867535,0.3615385,10.76545,0.0,1,1,0
2005,118,11.00375,10.16969,5.062595,0.3615385,10.71315,0.0,1,1,0
2006,118,11.45721,10.77428,5.036952,0.3615385,11.0136,0.0,1,1,0
2004,119,8.644707,6.033086,2.302585,0.1,8.601902,0.0,1,1,0
2005,119,8.683555,6.033086,2.484907,0.1,8.563122,0.0,1,1,0
2006,119,9.363319,6.802395,2.890372,0.1,9.213137,0.0,1,1,0
2004,120,10.87673,10.72729,5.288267,0.7979798,7.874739,0.0,0,1,0
2005,120,10.89048,10.48386,5.220356,0.7979798,8.131824,0.0,0,1,0
2006,120,10.65733,10.4886,5.01728,0.7979798,8.076826,0.0,0,1,0
2004,121,11.31262,10.54466,4.276666,0.1111111,9.923976,0.0,0,0,1
2005,121,11.06345,10.98744,4.248495,0.1111111,9.11405,0.0,0,1,1
2006,121,11.00574,10.65483,4.26268,0.1111111,9.244645,0.0,0,1,1
2004,122,8.892612,8.318742,4.85203,0.0,7.315884,0.0,0,0,0
2005,122,9.678843,8.434464,4.85203,0.0,8.255829,0.0,0,0,0
2006,122,9.541512,8.58616,4.85203,0.0,8.169053,0.0,0,0,0
2004,123,8.87794,5.416101,3.401197,0.0,8.786151,0.0,0,0,0
2005,123,8.897546,5.786897,2.995732,0.0,8.792246,0.0,0,0,0
2006,123,9.030616,6.047372,2.70805,0.0,8.0427,0.0,0,0,0
2004,124,8.660427,7.201916,2.944439,0.0,8.599694,0.0,0,0,0
2005,124,9.256365,7.17012,2.944439,0.0,9.11548,0.0,0,0,0
2006,124,9.038009,7.229839,3.091043,0.0,8.938926,0.0,0,0,0
2004,125,10.39155,8.275631,4.330733,0.0657895,10.2717,0.0,1,0,0
2005,125,10.81844,8.250881,4.521789,0.0657895,10.72424,0.0,1,1,0
2006,125,10.90267,8.292799,4.521789,0.0657895,10.8222,0.0,1,0,0
2004,126,9.877605,8.917311,4.61512,0.4653465,8.96034,0.0,1,0,0
2005,126,10.08193,8.081165,4.983607,0.4653465,9.355998,0.0,1,0,0
2006,126,9.909519,8.408494,5.043425,0.4653465,9.482807,0.0,1,0,0
2004,127,10.8223,9.718182,5.010635,0.08,10.67056,0.0,1,0,0
2005,127,11.22528,9.878785,5.236442,0.08,10.905,0.0,1,0,0
2006,127,11.2821,10.061,5.384495,0.08,11.07019,0.0,1,0,0
2004,128,10.37767,9.222367,5.347107,0.1904762,10.83449,0.0,0,1,0
2005,128,11.60277,9.840548,6.214608,0.1904762,11.43725,0.0,0,0,0
2006,128,11.81396,10.52194,5.480639,0.1904762,11.66222,0.0,0,0,0
2004,129,9.859431,10.59881,5.799093,0.0545455,8.824677,0.0,0,0,0
2005,129,9.53568,10.53103,5.552959,0.0545455,8.885994,0.0,0,0,0
2006,129,9.486835,10.30159,5.420535,0.0545455,8.373553,0.0,0,0,0
2004,130,10.77323,9.024854,4.007333,0.0545455,10.59736,0.8333333,0,0,1
2005,130,11.04593,9.047233,3.931826,0.0545455,10.96552,0.25,0,0,1
2006,130,9.920542,9.076123,3.850147,0.0545455,9.817929,0.0,0,0,1
2004,131,10.63113,9.492206,5.749393,0.0605096,10.2436,0.0,0,1,0
2005,131,10.53444,9.592537,5.552959,0.0605096,10.20085,0.0,0,1,0
2006,131,10.48506,9.553433,5.493062,0.0605096,10.26088,0.0,0,1,0
2004,132,8.622993,7.907651,4.077538,0.1694915,8.385716,0.0,0,1,0
2005,132,8.878079,7.910223,4.158883,0.1694915,8.386401,0.0,0,1,0
2006,132,9.129347,8.051978,4.477337,0.1694915,8.632306,0.0,1,1,0
2004,133,9.407058,6.838405,3.367296,1.0,8.426174,0.0,0,0,0
2005,133,8.617763,6.467699,3.295837,1.0,7.612337,0.0,0,0,0
2006,133,8.776167,6.844815,3.218876,1.0,7.938802,0.0,0,0,0
2004,134,9.590556,10.54537,4.927254,0.2536232,8.022241,0.0,1,1,0
2005,134,8.832733,10.57306,4.804021,0.2536232,7.373374,0.0196078,1,1,0
2006,134,9.227296,10.54731,5.010635,0.2536232,8.246696,0.0196078,1,1,0
2004,135,9.591649,10.67582,5.09375,0.2822086,9.233959,0.0,0,1,1
2005,135,9.978038,10.67826,4.955827,0.2822086,9.686326,0.0,0,1,1
2006,135,9.979523,10.68348,4.795791,0.2822086,9.804164,0.0,0,0,1
2004,136,10.32624,9.083189,4.060443,0.5172414,9.918524,0.0,0,0,0
2005,136,10.40381,9.120197,4.828314,0.5172414,10.17447,0.0,0,0,0
2006,136,10.59177,9.139918,4.828314,0.5172414,10.06535,0.0,0,0,0
2004,137,9.473474,9.246286,3.7612,0.2790698,9.254931,0.0,0,1,0
2005,137,9.510741,9.510667,3.7612,0.2790698,9.419871,0.0,0,0,0
2006,137,9.615872,9.60434,3.7612,0.2790698,9.423272,0.0,0,0,0
2004,138,11.60996,10.95174,5.929589,0.2925532,11.31434,0.0,1,1,1
2005,138,11.66907,11.09535,5.910797,0.2925532,11.34504,0.0,1,1,1
2006,138,11.6894,11.24282,5.416101,0.2925532,11.37142,0.0,1,1,1
2004,139,12.29454,10.59288,7.090077,0.05,9.076809,0.0,0,0,0
2005,139,12.65492,11.1405,6.709304,0.05,12.04726,0.0,1,0,0
2006,139,12.35449,11.15625,6.620073,0.05,11.99778,0.0,1,0,0
2004,140,10.57413,10.90568,5.075174,0.36875,9.965429,0.0,0,0,0
2005,140,11.50942,12.04355,6.109248,0.36875,10.66593,0.0,0,1,0
2006,140,11.24177,11.91839,6.063785,0.36875,10.44639,0.0,0,1,0
2004,141,10.52487,10.75103,5.97381,0.1704835,10.35488,0.0,1,0,1
2005,141,9.891415,11.10706,5.56452,0.1704835,8.280965,0.0,1,0,1
2006,141,10.33689,11.43463,5.105946,0.1704835,10.08109,0.0,1,0,1
2004,142,12.28567,11.87937,6.97073,0.229108,11.37672,0.009996,1,1,0
2005,142,12.43333,11.91563,6.958448,0.229108,11.10287,0.0100033,1,1,0
2006,142,12.57332,11.90332,6.98379,0.229108,9.132271,0.009996,1,1,0
2004,143,11.80604,11.47865,6.982863,0.2207792,10.82836,0.0,1,1,1
2005,143,11.8221,11.76146,6.982863,0.2207792,10.66287,0.0,1,1,1
2006,143,11.73415,11.78013,6.879356,0.2207792,10.65954,0.0,1,1,1
2004,144,12.19116,12.38431,7.089243,0.1542953,11.53405,0.0,0,1,1
2005,144,12.08999,11.84692,7.118826,0.1542953,11.83649,0.0,0,1,1
2006,144,12.17448,12.43646,7.09091,0.1542953,11.77631,0.0,0,1,1
2004,145,10.89433,10.33071,6.431331,0.120773,9.937261,0.0,0,1,0
2005,145,10.916,10.46781,6.400258,0.120773,10.00492,0.0,0,1,0
2006,145,10.69784,10.46781,6.349139,0.120773,9.814219,0.0,0,1,0
2004,146,13.34394,13.11144,4.624973,0.1764706,13.07307,0.0,0,0,0
2005,146,12.46771,11.56959,5.857933,0.1764706,12.2966,0.0,0,0,0
2006,146,12.7022,10.9797,5.857933,0.1764706,12.56141,0.0,0,1,0
2004,147,9.683464,6.745236,3.091043,0.0909091,9.689613,0.0,0,0,0
2005,147,9.535318,6.753438,3.091043,0.0909091,9.364263,0.0,0,0,0
2006,147,9.380927,6.684612,2.995732,0.0909091,9.21493,0.0,0,0,0
2004,148,11.69425,9.599338,5.717028,0.4013158,10.13273,0.0,1,0,0
2005,148,11.77537,10.11456,5.752573,0.4013158,10.21321,0.0,1,0,0
2006,148,11.61828,10.14431,5.7301,0.4013158,10.24931,0.0,1,1,0
2004,149,8.724207,8.036897,4.49981,0.1222222,8.298539,0.0,0,0,0
2005,149,8.980927,4.343805,4.343805,0.1222222,8.550628,0.0,0,0,0
2006,149,9.192177,4.343805,4.317488,0.1222222,8.735204,0.0,0,0,0
2004,150,9.873029,10.62247,5.641907,0.1560284,9.359536,0.0,1,0,1
2005,150,9.694616,10.60884,5.634789,0.1560284,7.366445,0.0,1,0,1
2006,150,9.252441,10.60881,5.631212,0.1560284,5.438079,0.0,1,0,1
2004,151,5.913503,7.330405,2.302585,0.5,4.189655,0.0,0,0,0
2005,151,6.194406,7.379632,2.302585,0.5,5.068904,0.0,0,0,0
2006,151,5.298317,7.379632,2.197225,0.5,3.526361,0.0,0,0,0
2004,152,6.697034,6.216606,3.044523,0.0,6.09357,0.0,0,0,1
2005,152,6.461468,6.242223,2.772589,0.0,6.109248,0.0,0,0,1
2006,152,6.429719,6.251904,2.772589,0.0,6.021023,0.0,0,0,1
2004,153,13.84557,14.03418,8.250359,0.1768086,13.24739,0.0,1,1,0
2005,153,14.10776,14.12915,8.203031,0.1768086,13.74564,0.0,1,0,0
2006,153,14.08331,14.06555,8.166784,0.1768086,13.72889,0.0,1,0,0
2004,154,10.2754,7.62949,5.192957,0.0222222,10.08172,0.0,0,0,0
2005,154,10.54902,7.677401,5.198497,0.0222222,10.27319,0.0,0,0,0
2006,154,10.69399,7.824046,4.510859,0.0222222,10.44042,0.0,0,0,0
2004,155,12.05228,8.79255,5.587249,0.0898876,11.83126,0.0,0,0,0
2005,155,10.83939,8.879333,5.356586,0.0898876,10.26053,0.0,0,0,0
2006,155,10.97336,8.879751,5.231109,0.0898876,10.29583,0.0,0,0,0
2004,156,9.824986,8.039157,5.802118,0.0271903,9.622517,0.0,0,1,0
2005,156,10.18791,8.123261,5.874931,0.0271903,9.801953,0.0,0,0,0
2006,156,10.49516,8.278428,5.717028,0.0271903,10.13138,0.0,0,0,0
2004,157,7.663877,5.802118,2.397895,0.0,7.447751,0.0,0,0,1
2005,157,7.106606,6.089045,2.197225,0.0,6.900731,0.0,0,0,1
2006,157,7.673223,6.089045,1.791759,0.0,7.457032,0.0,0,0,1
2004,158,8.529121,6.991177,3.663562,0.1025641,7.964851,0.0,0,0,1
2005,158,8.511175,7.095893,3.688879,0.1025641,7.619234,0.0,0,0,1
2006,158,8.575462,7.172425,3.931826,0.1025641,7.404888,0.0,0,0,1
2004,159,9.985067,8.939581,3.583519,0.0277778,9.008714,0.0,0,0,0
2005,159,10.16585,9.385553,3.583519,0.0277778,9.610123,0.0,0,0,0
2006,159,10.41481,9.480368,4.025352,0.0277778,9.980356,0.0,0,0,0
2004,160,9.264829,6.914731,2.564949,0.0769231,9.18019,0.0,0,0,0
2005,160,9.09493,7.17549,2.772589,0.0769231,8.872347,0.0,0,0,0
2006,160,9.477309,7.17549,3.218876,0.0769231,9.353401,0.0,0,0,0
2004,161,9.680969,6.727432,2.995732,0.0,9.315421,0.0,0,0,0
2005,161,9.998343,8.022241,2.995732,0.0,10.02118,0.0,0,0,0
2006,161,8.46168,7.783224,2.995732,0.0,7.788626,0.0,0,0,0
2004,162,8.964439,6.863803,2.890372,0.0,8.460835,0.0,0,0,0
2005,162,9.3147,6.982863,2.564949,0.0,9.037058,0.0,0,0,0
2006,162,9.234056,7.267525,1.791759,0.0,8.991811,0.0,0,0,0
2004,163,8.88461,7.262629,4.077538,0.1864407,8.101375,0.0,0,0,0
2005,163,9.243775,7.982075,4.564348,0.1864407,7.425358,0.0,0,0,0
2006,163,9.418167,8.038512,4.234107,0.1864407,8.312871,0.0,0,0,0
2004,164,9.692766,9.035987,4.49981,0.0333333,9.599405,0.0,0,0,0
2005,164,9.836279,8.884334,4.60517,0.0333333,9.164087,0.0,0,0,0
2006,164,8.387085,8.984694,3.73767,0.0333333,7.675546,0.0,0,0,0
2004,165,10.18641,9.21034,4.442651,0.0235294,9.888425,0.0,1,0,0
2005,165,10.48403,9.389741,4.442651,0.0235294,10.169,0.0,1,0,0
2006,165,10.71664,9.716496,4.624973,0.0235294,10.38044,0.0,1,0,0
2004,166,9.388487,8.083328,6.429719,0.0016129,8.560827,0.0,0,0,0
2005,166,8.724207,8.288534,4.127134,0.0016129,8.045588,0.0,0,0,0
2006,166,9.638219,8.258423,4.127134,0.0016129,9.311,0.0,0,0,0
2004,167,10.14604,9.283033,5.442418,0.0995671,9.870396,0.0,0,0,0
2005,167,10.47334,9.820323,5.777652,0.0995671,9.663135,0.0,0,0,0
2006,167,10.74699,9.946115,5.991465,0.0995671,10.72155,0.0,0,0,0
2004,168,9.159047,8.192294,4.382027,0.5125,8.900822,0.0,0,0,1
2005,168,9.126959,8.199189,4.174387,0.5125,8.474703,0.0,0,0,1
2006,168,9.461099,8.186186,4.127134,0.5125,9.311723,0.0,1,0,1
2004,169,9.013108,8.837827,4.787492,0.1666667,8.525757,0.0,0,0,0
2005,169,9.043104,8.837827,4.60517,0.1666667,8.420682,0.0,0,0,0
2006,169,8.826147,8.955061,4.787492,0.1666667,8.310415,0.0,0,0,0
2004,170,9.82282,8.930627,5.298317,0.18,9.632793,0.0,0,0,0
2005,170,9.690913,9.741498,5.298317,0.18,9.091782,0.0,0,0,0
2006,170,9.636914,8.90232,4.60517,0.18,9.313799,0.0,0,0,0
2004,171,9.302008,8.294049,3.496508,0.0606061,8.961879,0.0,0,0,0
2005,171,9.998797,9.133244,3.496508,0.0606061,8.881836,0.0,0,0,0
2006,171,10.26813,9.13777,3.496508,0.0606061,9.574984,0.0,0,0,0
2004,172,9.196241,10.2231,3.89182,0.0612245,9.163459,0.0,0,0,0
2005,172,10.64542,10.32849,3.89182,0.0612245,9.514142,0.0,0,0,0
2006,172,10.80161,10.40717,3.89182,0.0612245,9.751501,0.0,0,0,0
2004,173,10.73727,6.907755,3.526361,0.1764706,10.57906,0.0,0,0,0
2005,173,10.71442,7.17012,3.526361,0.1764706,10.38933,0.0,0,0,0
2006,173,10.00061,7.291656,2.995732,0.1764706,9.830702,0.0,0,0,0
2004,174,9.3147,4.60517,2.70805,0.1333333,7.012115,0.0,0,0,0
2005,174,9.393495,5.981414,2.995732,0.1333333,9.170768,0.0,0,0,0
2006,174,9.485697,5.981414,3.135494,0.1333333,9.216323,0.0,0,0,0
2004,175,10.94447,9.190138,4.941642,0.0071429,10.83173,0.0,0,0,0
2005,175,10.80669,9.52369,4.49981,0.0071429,10.68983,0.0,0,1,0
2006,175,9.416541,9.596011,3.89182,0.0071429,8.915164,0.0,0,0,0
2004,176,9.305651,8.86785,4.477337,0.0113636,9.335739,0.0,1,0,0
2005,176,9.473474,8.925322,4.110874,0.0113636,9.082621,0.0,0,0,0
2006,176,9.059518,8.890686,4.110874,0.0113636,8.508758,0.0,0,0,0
2004,177,8.879055,7.522941,4.867535,0.0384615,8.067776,0.0,0,0,0
2005,177,9.2193,7.17012,4.867535,0.0384615,9.012743,0.0,0,0,0
2006,177,9.281731,6.907755,4.382027,0.0384615,9.250426,0.0,0,0,0
2004,178,11.29141,10.46655,6.059123,0.228972,9.710509,0.0,1,0,0
2005,178,11.11988,10.46943,6.059123,0.228972,9.740498,0.0,1,0,0
2006,178,11.03441,10.47951,6.006353,0.228972,10.13551,0.0,1,0,0
2004,179,10.85225,10.0346,4.521789,0.0217391,10.72575,0.0,0,0,0
2005,179,10.58228,10.11953,4.382027,0.0217391,10.3551,0.0,0,0,0
2006,179,11.00593,9.716013,4.955827,0.0217391,10.47413,0.0,0,0,0
2004,180,11.412,10.80811,6.413459,0.0098361,11.04691,0.0,1,0,0
2005,180,11.35627,10.87237,6.413459,0.0098361,10.80641,0.0,1,0,0
2006,180,11.403,11.05271,6.413459,0.0098361,10.82665,0.0,0,0,0
2004,181,8.943768,7.024649,4.025352,0.0,8.618124,0.0,0,0,0
2005,181,9.582593,7.600903,4.025352,0.0,8.691986,0.0,0,0,0
2006,181,9.955131,7.600903,4.025352,0.0,8.652248,0.0,0,0,0
2004,182,9.013108,7.173192,4.787492,0.0166667,8.014336,0.0,0,0,0
2005,182,8.579228,7.935587,4.094345,0.0166667,8.171034,0.0,0,0,0
2006,182,8.687779,7.937375,4.510859,0.0166667,7.762171,0.0,0,0,0
2004,183,11.48216,10.60212,6.410175,0.0394737,11.28213,0.0,1,0,1
2005,183,11.50429,10.88369,6.340359,0.0394737,11.10066,0.0,1,0,1
2006,183,11.89314,10.82574,6.44254,0.0394737,11.02396,0.0,1,0,1
2004,184,9.109414,8.216358,3.583519,0.0,8.943898,0.0,0,0,0
2005,184,9.536762,8.006368,3.401197,0.0,9.451481,0.0,0,0,0
2006,184,9.352708,8.268732,3.496508,0.0,9.238636,0.0,0,0,0
2004,185,9.591513,6.956545,3.583519,0.0555556,9.467305,0.0,0,0,0
2005,185,9.913933,6.966024,3.583519,0.0555556,9.863238,0.0,0,0,0
2006,185,9.966462,6.966024,3.583519,0.0555556,9.83569,0.0,0,0,0
2004,186,10.6851,9.87899,5.075174,0.025,10.03012,0.0,1,0,0
2005,186,11.61005,10.69752,6.063785,0.025,11.4537,0.0,1,0,0
2006,186,11.80843,10.6906,5.905362,0.025,11.45494,0.0,1,0,0
2004,187,11.84072,10.77059,5.953243,0.0701299,11.7696,0.0,1,1,0
2005,187,11.89061,10.77916,5.886104,0.0701299,11.50461,0.0,1,1,0
2006,187,11.87479,10.83565,5.886104,0.0701299,11.66358,0.0,1,0,0
2004,188,11.35229,10.98682,5.393628,0.2727273,10.93596,0.0,0,1,0
2005,188,11.36778,11.22304,5.393628,0.2727273,10.95419,0.0,0,0,0
2006,188,10.46909,11.56172,5.393628,0.2727273,10.3894,0.0,0,0,0
2004,189,10.26291,9.34749,3.970292,0.0,10.10295,0.0,0,0,0
2005,189,10.04325,9.21034,4.867535,0.0,9.364263,0.0,0,0,0
2006,189,10.23996,8.980172,4.867535,0.0,9.440102,0.0,0,0,0
2004,190,9.16115,6.932448,3.433987,0.0,9.090092,0.0,0,0,0
2005,190,9.514142,6.907755,3.433987,0.0,9.370246,0.0,0,0,0
2006,190,9.467305,7.600903,3.433987,0.0,9.310276,0.0,0,0,0
2004,191,10.76785,9.52369,6.621406,0.0026631,10.57567,0.0,0,0,0
2005,191,10.39053,9.594241,4.317488,0.0026631,9.993328,0.0,0,0,0
2006,191,10.22521,9.730086,4.317488,0.0026631,9.818692,0.0,0,0,0
2004,192,9.471935,8.380227,3.912023,0.06,8.942853,0.0,0,0,0
2005,192,8.79936,8.396154,3.7612,0.06,8.228711,0.0,0,0,0
2006,192,9.11493,8.097122,3.218876,0.06,8.556222,0.0,0,0,0
2004,193,11.92092,11.27029,6.212606,0.258517,11.63064,0.0,1,1,0
2005,193,11.83689,11.35432,6.082219,0.258517,11.25056,0.0,1,0,0
2006,193,11.35393,11.35428,4.094345,0.258517,11.07309,0.0,1,0,0
2004,194,9.854298,8.770905,5.147494,0.0348837,9.544596,0.0,0,1,0
2005,194,10.06348,8.437934,5.087596,0.0348837,9.651044,0.0,0,1,0
2006,194,9.718964,7.779048,5.081404,0.0348837,9.210541,0.0,0,0,0
2004,195,10.48263,9.615806,4.762174,0.1709402,10.03531,0.0,0,1,0
2005,195,11.28978,9.940061,4.787492,0.1709402,10.51775,0.0,0,1,0
2006,195,11.26446,9.93455,5.147494,0.1709402,10.34593,0.0,0,1,0
2004,196,8.989694,6.55108,2.302585,0.0,8.699514,0.0,0,0,0
2005,196,9.71776,8.156223,3.332205,0.0,9.552155,0.0,0,0,0
2006,196,10.37568,6.766191,4.442651,0.0,10.11936,0.0,0,0,0
2004,197,10.18112,9.313619,5.459586,0.0851064,9.84225,0.0,0,1,0
2005,197,10.4429,9.320091,4.787492,0.0851064,9.965288,0.0,1,1,0
2006,197,10.60013,9.320181,5.662961,0.0851064,10.26629,0.0,1,1,0
2004,198,9.537483,8.644882,4.248495,0.0285714,9.305651,0.0,1,0,0
2005,198,9.942708,8.761237,4.174387,0.0285714,9.190138,0.0,1,0,0
2006,198,9.438272,8.768418,4.174387,0.0285714,9.140776,0.0,1,1,0
2004,199,10.34013,8.055158,4.787492,0.0166667,10.22448,0.0,1,0,0
2005,199,9.758462,8.872066,4.70048,0.0166667,9.233275,0.0,0,0,0
2006,199,9.895959,9.052516,4.787492,0.0166667,9.248406,0.0,0,0,0
2004,200,8.836374,7.649693,4.007333,0.0,8.326758,0.0,0,1,0
2005,200,9.126959,8.143517,4.007333,0.0,8.830981,0.0,0,0,0
2006,200,9.879707,8.470101,4.007333,0.0,9.661861,0.0,0,1,0
