year,firm,lsales,lcapital,llabor,sk_labor,lmaterials,foreign,export,intangibles,ownership,latitude,longitude
2006,1,11.28274,10.0939,5.493062,0.2673267,10.83685,0.25,1,1,0,0.7295485,2.154361
2006,2,9.574984,8.874867,4.043051,0.0,9.229359,0.0,0,0,0,0.5268858,1.846558
2006,3,8.765303,11.04652,4.762174,0.5823755,9.179469,0.0,0,1,0,0.7019243,2.033679
2006,4,9.21004,10.4615,5.505332,0.1374408,8.767797,0.0,0,1,0,0.6966363,2.036293
2006,5,9.08421,7.628518,3.871201,0.2,7.072422,0.0,0,0,1,0.6959738,2.025166
2006,6,9.945684,8.956866,5.236442,0.321267,8.657303,0.0,0,0,1,0.6965553,2.033875
2006,7,9.775143,8.991936,3.931826,0.1470588,9.550947,0.0,0,0,1,0.6968105,2.0344
2006,8,7.821643,9.228376,4.442651,0.1046512,6.638568,0.0,0,0,1,0.6951879,2.030442
2006,9,7.399398,7.783224,3.970292,0.1923077,6.234411,0.0,0,0,1,0.6961169,2.032933
2006,10,8.99293,8.249576,4.382027,0.4324324,5.393628,0.0,0,1,0,0.694735,2.032473
2006,11,10.60314,9.805324,5.068904,0.4892086,9.468465,0.0,1,0,1,0.694735,2.032473
2006,12,10.19947,7.627544,3.496508,0.037037,10.18316,0.0,0,1,0,0.6912997,2.026731
2006,13,11.65363,11.28345,5.509388,0.1626506,9.644976,0.0,0,1,0,0.6961169,2.032933
2006,14,8.925188,8.297295,3.871201,0.2692308,7.440146,0.0,0,0,1,0.6969367,2.032017
2006,15,9.409191,9.607572,4.143135,0.3428572,8.174139,0.0,0,0,0,0.6967317,2.031204
2006,16,10.05612,9.204121,5.525453,0.1701571,9.161466,0.0,0,1,0,0.6947442,2.034791
2006,17,10.32967,9.111293,5.049856,0.1144578,9.466842,0.0,0,1,0,0.6968105,2.0344
2006,18,9.040856,8.083637,3.912023,0.0714286,8.934851,0.2439282,0,1,0,0.6938316,2.029708
2006,19,8.567125,7.385851,2.995732,0.5454546,8.39231,0.0,0,0,0,0.6965553,2.033875
2006,20,10.43793,9.015541,4.867535,0.4022988,10.30075,0.0,0,1,0,0.6960775,2.030007
2006,21,10.06182,9.803944,5.463832,0.0940594,9.671618,0.0,0,1,0,0.7019243,2.033679
2006,22,9.103089,5.438079,3.806663,0.3548387,8.607582,0.0,0,1,0,0.6969728,2.032319
2006,23,11.10712,9.875397,5.802118,0.3043478,8.596004,0.0,0,1,0,0.6968105,2.0344
2006,24,9.484861,8.642415,4.304065,0.0677966,9.437237,0.0,0,0,0,0.6968105,2.0344
2006,25,10.62901,9.828225,5.70711,0.1726384,9.772068,0.0,0,1,0,0.6968105,2.0344
2006,26,6.579251,8.005701,2.944439,0.5263158,5.429346,0.0,0,0,1,0.6961169,2.032933
2006,27,9.158942,6.80017,3.178054,0.325,8.334231,0.0,0,0,0,0.6965026,2.032368
2006,28,9.339964,8.425516,3.526361,0.225,8.976262,0.0,0,0,0,0.6965026,2.032368
2006,29,9.849137,8.729882,4.65396,0.113924,8.093768,0.49,0,1,0,0.6952142,2.035736
2006,30,10.11816,6.842683,3.89182,0.16,9.686512,1.0,0,0,0,0.6968822,2.032733
2006,31,10.62758,9.952849,2.079442,0.5555556,10.54576,0.0,0,0,0,0.6965026,2.032368
2006,32,8.793157,6.131227,4.174387,0.5846154,7.766417,0.0,0,0,0,0.6996062,2.040671
2006,33,9.464207,9.50465,4.672829,0.2777778,9.23708,0.0,0,1,0,0.7019243,2.033679
2006,34,8.843038,7.3518,3.401197,0.173913,8.525954,0.0,0,0,0,0.699299,2.026682
2006,35,11.35924,10.82126,5.420535,0.5642458,10.08239,0.0,1,0,1,0.7017623,2.02958
2006,36,10.11561,8.152198,4.394449,0.5121951,9.664849,0.0,0,0,0,0.6955022,2.030406
2006,37,6.96508,5.351858,3.258096,0.2195122,6.882438,0.0,0,0,1,0.6974241,2.031041
2006,38,10.33417,9.047939,4.532599,0.4210526,9.964865,0.0,0,1,0,0.6987939,2.029607
2006,39,8.794067,7.570959,3.332205,0.28125,8.030735,0.0,0,0,0,0.6973568,2.03098
2006,40,7.414573,6.708084,2.772589,0.7222222,7.045776,0.0,0,0,1,0.6981422,2.030132
2006,41,9.471242,5.313206,4.077538,0.2564103,9.170247,0.0,0,0,0,0.6954903,2.032738
2006,42,9.102309,7.090077,3.258096,0.25,8.613412,0.0,0,0,0,0.6915435,2.033306
2006,43,11.22049,10.16235,6.122493,0.0137931,10.96306,0.0,1,0,1,0.6946665,2.027287
2006,44,8.164511,5.455321,3.951244,0.3,5.97381,0.0,0,0,1,0.6953427,2.031392
2006,45,8.979291,7.790696,3.850147,0.24,8.219057,0.0,0,0,0,0.6955022,2.030406
2006,46,9.275847,5.659482,4.077538,0.0722892,7.389564,0.0,0,0,0,0.694735,2.032473
2006,47,9.208639,5.983936,3.850147,0.3181818,8.78554,0.0,1,0,0,0.697233,2.02801
2006,48,10.70956,8.761864,5.153292,0.5851852,9.964724,0.0,1,1,0,0.697233,2.02801
2006,49,10.03736,10.09456,3.871201,0.4,9.953182,0.0,0,1,0,0.697233,2.02801
2006,50,10.01489,9.839003,5.910797,0.0750853,8.701512,0.0,0,1,1,0.694735,2.032473
2006,51,11.87712,11.35899,5.587249,0.6300578,10.61142,0.0,1,1,0,0.6968824,2.029909
2006,52,9.728718,8.381602,4.174387,0.0666667,9.528648,0.0,0,1,0,0.6952142,2.035736
2006,53,10.42851,7.600903,4.174387,0.06,10.34817,0.0,0,0,0,0.6931025,2.038264
2006,54,9.324561,8.708474,3.218876,0.1153846,9.100637,0.0,0,0,0,0.696626,2.037442
2006,55,9.572341,6.572282,2.302585,0.0,9.321971,0.0,0,0,0,0.693121,2.039881
2006,56,12.64826,13.5768,6.33328,0.1603053,12.32514,0.0,1,1,0,0.6943079,2.038444
2006,57,10.65261,4.976734,2.302585,0.0,10.59591,0.0,0,0,0,0.6931008,2.038263
2006,58,8.630522,6.889591,4.025352,0.4216867,7.908387,0.0,0,0,0,0.696626,2.037442
2006,59,11.02164,8.68626,4.219508,0.3111111,10.8945,0.0,0,0,0,0.6931008,2.038263
2006,60,9.853247,9.139059,4.382027,0.2428571,9.681218,0.0,0,0,0,0.6931025,2.038264
2006,61,9.729135,6.363028,2.079442,0.0,9.394161,0.0,0,0,0,0.6931025,2.038264
2006,62,9.642642,5.70711,4.025352,0.1,8.876125,0.0,0,0,0,0.6960391,2.038133
2006,63,9.16503,7.309212,4.812184,0.0446927,9.176991,0.0,0,0,0,0.696626,2.037442
2006,64,10.19877,7.698483,3.526361,0.0338983,10.08117,0.0,0,0,0,0.6939083,2.034148
2006,65,11.78307,9.55393,5.332719,0.4117647,11.58586,0.0,0,1,0,0.6931025,2.038264
2006,66,9.226312,6.056784,2.833213,0.4545455,9.054037,0.0,0,0,0,0.696626,2.037442
2006,67,9.064042,9.357121,3.688879,0.0857143,7.372118,0.5999679,0,0,0,0.6966363,2.036293
2006,68,9.229751,6.593045,3.218876,0.15,9.086476,0.0,0,0,0,0.6931025,2.038264
2006,69,8.619027,7.659643,3.555348,0.0,8.436634,0.0,0,0,0,0.6972619,2.037381
2006,70,10.55537,10.68794,5.231109,0.2666667,9.366404,0.0,0,1,0,0.6989683,2.034944
2006,71,9.483797,9.066355,4.174387,0.0422535,9.315961,0.0,0,0,0,0.6966889,2.037304
2006,72,10.38,5.416101,4.26268,0.2295082,10.12787,0.0,0,1,0,0.6966889,2.037304
2006,73,12.09797,8.880586,5.7301,0.278481,11.90783,0.0,0,0,0,0.6956524,2.037153
2006,74,12.20852,11.22358,4.369448,0.3908046,11.9742,0.6,1,1,0,0.6966363,2.036293
2006,75,9.556055,8.416489,3.850147,0.0638298,8.943114,0.0,0,1,1,0.6943079,2.038444
2006,76,9.033364,8.370779,3.828641,0.0,8.528331,0.0,0,0,0,0.6947442,2.034791
2006,77,10.12955,8.60886,4.564348,0.2380952,9.792276,0.0,0,0,0,0.6979225,2.036788
2006,78,9.008101,7.838737,4.219508,0.0481928,8.502282,0.5999369,0,1,1,0.7019243,2.033679
2006,79,10.92651,10.57132,6.214608,0.1270358,10.37689,0.0,0,1,0,0.7019243,2.033679
2006,80,10.28,8.886962,4.85203,0.1589744,10.20792,0.25,0,1,0,0.7019243,2.033679
2006,81,10.06207,6.665684,2.197225,0.5555556,9.990537,0.0,0,0,0,0.6995022,2.034548
2006,82,9.428994,5.843544,3.091043,0.1111111,9.184715,0.0,0,0,0,0.6990933,2.036249
2006,83,9.3879,9.925249,5.420535,0.3928571,7.990577,0.0,0,0,1,0.6990933,2.036249
2006,84,9.804551,5.7301,3.332205,0.1,9.533438,0.0,0,0,0,0.7019243,2.033679
2006,85,9.352708,6.745236,4.795791,0.0761905,9.108308,0.0,0,1,0,0.6990933,2.036249
2006,86,9.365633,9.352708,4.61512,0.2323232,8.360539,0.0,0,1,0,0.7019243,2.033679
2006,87,9.324919,7.148346,3.583519,0.0727273,9.119102,0.0,0,0,0,0.7019243,2.033679
2006,88,8.733433,10.63778,4.356709,0.1647059,8.065266,0.0,0,0,0,0.7018513,2.036016
2006,89,10.97803,10.47951,4.955827,0.4935065,10.92666,0.0,0,1,0,0.7038005,2.036686
2006,90,10.08864,9.014325,3.912023,0.1333333,8.92079,0.0,0,1,0,0.706503,2.03466
2006,91,10.74908,8.884887,4.836282,0.1208791,10.68203,0.0,0,0,0,0.7038005,2.036686
2006,92,11.17013,10.31068,4.189655,0.0757576,10.40272,0.0,0,0,0,0.7054464,2.032841
2006,93,9.99479,8.022241,2.995732,0.25,9.764915,0.25,0,0,0,0.7038005,2.036686
2006,94,9.846547,5.774551,3.931826,0.6666667,9.574428,0.0,0,0,0,0.7017623,2.02958
2006,95,10.82337,7.874739,3.970292,0.0666667,10.33169,0.0,0,0,0,0.3787365,1.940515
2006,96,9.314159,6.821107,2.890372,0.0555556,8.77137,0.0,0,0,0,0.7019545,2.030773
2006,97,8.338545,7.443664,3.931826,0.0784314,7.576097,0.0,0,0,1,0.7005621,2.026961
2006,98,9.447782,7.450079,3.663562,0.05,9.248599,0.0,0,0,0,0.7010742,2.030338
2006,99,8.818778,8.389359,3.713572,0.0625,8.287025,0.0,0,0,0,0.7019545,2.030773
2006,100,9.142383,5.932245,3.332205,0.1025641,8.846929,0.0,0,0,0,0.7002645,2.029745
2006,101,9.334062,6.575076,2.944439,0.2,9.209641,0.0,0,0,0,0.7002645,2.029745
2006,102,10.1399,7.966587,3.912023,0.25,10.13816,0.0,0,0,0,0.7017623,2.02958
2006,103,9.368028,7.355002,3.332205,0.1111111,9.053803,0.0,0,0,0,0.6947702,2.028266
2006,104,9.565424,8.424419,4.060443,0.1923077,9.179056,0.0,0,1,0,0.6927962,2.026477
2006,105,9.756958,7.669028,2.70805,0.2941177,9.450302,0.0,0,0,0,0.6927962,2.026477
2006,106,9.106091,5.877736,3.7612,0.0,8.949235,0.0,0,0,0,0.6929655,2.022296
2006,107,9.442801,5.02388,2.70805,0.0,9.411974,0.0,0,0,0,0.692067,2.024258
2006,108,9.641149,8.98932,4.304065,0.0735294,9.733588,0.0,0,0,0,0.692067,2.024258
2006,109,8.761706,7.901007,3.091043,0.0,8.615589,0.0,0,0,0,0.692067,2.024258
2006,110,9.085684,6.437752,3.988984,0.0,8.868554,0.0,0,0,0,0.6927962,2.026477
2006,111,10.21665,7.081708,4.976734,0.0990991,9.160625,0.0,0,0,0,0.6927962,2.026477
2006,112,6.440947,5.480639,3.367296,0.0333333,5.883322,0.0,0,0,1,0.6927962,2.026477
2006,113,11.57218,10.13939,5.164786,0.5041322,11.2421,0.0,1,1,0,0.6939284,2.023993
2006,114,12.78602,9.466222,4.718499,0.1351351,12.60919,0.0,0,0,0,0.6939284,2.023993
2006,115,10.50592,9.513182,4.60517,0.1578947,9.857496,0.0,0,0,0,0.6936165,2.023116
2006,116,10.63665,8.050385,3.912023,0.1,10.41897,0.0,0,0,0,0.694735,2.032473
2006,117,9.97683,9.773777,4.644391,0.0673077,9.534307,0.0,1,1,0,0.6955451,2.037462
2006,118,11.45721,10.77428,5.036952,0.3615385,11.0136,0.0,1,1,0,0.6955451,2.037462
2006,119,9.363319,6.802395,2.890372,0.1,9.213137,0.0,1,1,0,0.6967317,2.031204
2006,120,10.65733,10.4886,5.01728,0.7979798,8.076826,0.0,0,1,0,0.6938316,2.029708
2006,121,11.00574,10.65483,4.26268,0.1111111,9.244645,0.0,0,1,1,0.6938316,2.029708
2006,122,9.541512,8.58616,4.85203,0.0,8.169053,0.0,0,0,0,0.6967317,2.031204
2006,123,9.030616,6.047372,2.70805,0.0,8.0427,0.0,0,0,0,0.695587,2.032055
2006,124,9.038009,7.229839,3.091043,0.0,8.938926,0.0,0,0,0,0.6967317,2.031204
2006,125,10.90267,8.292799,4.521789,0.0657895,10.8222,0.0,1,0,0,0.6938316,2.029708
2006,126,9.909519,8.408494,5.043425,0.4653465,9.482807,0.0,1,0,0,0.6967077,2.029763
2006,127,11.2821,10.061,5.384495,0.08,11.07019,0.0,1,0,0,0.6918136,2.031506
2006,128,11.81396,10.52194,5.480639,0.1904762,11.66222,0.0,0,0,0,0.7000336,2.044116
2006,129,9.486835,10.30159,5.420535,0.0545455,8.373553,0.0,0,0,0,0.7000336,2.044116
2006,130,9.920542,9.076123,3.850147,0.0545455,9.817929,0.0,0,0,1,0.7009124,2.041804
2006,131,10.48506,9.553433,5.493062,0.0605096,10.26088,0.0,0,1,0,0.7040129,2.039273
2006,132,9.129347,8.051978,4.477337,0.1694915,8.632306,0.0,1,1,0,0.7040129,2.039273
2006,133,8.776167,6.844815,3.218876,1.0,7.938802,0.0,0,0,0,0.6974329,2.032203
2006,134,9.227296,10.54731,5.010635,0.2536232,8.246696,0.0196078,1,1,0,0.7057211,2.025054
2006,135,9.979523,10.68348,4.795791,0.2822086,9.804164,0.0,0,0,1,0.7047863,2.022842
2006,136,10.59177,9.139918,4.828314,0.5172414,10.06535,0.0,0,0,0,0.6904166,2.032193
2006,137,9.615872,9.60434,3.7612,0.2790698,9.423272,0.0,0,0,0,0.7057211,2.025054
2006,138,11.6894,11.24282,5.416101,0.2925532,11.37142,0.0,1,1,1,0.6805558,2.048771
2006,139,12.35449,11.15625,6.620073,0.05,11.99778,0.0,1,0,0,0.6805558,2.048771
2006,140,11.24177,11.91839,6.063785,0.36875,10.44639,0.0,0,1,0,0.6881536,2.042821
2006,141,10.33689,11.43463,5.105946,0.1704835,10.08109,0.0,1,0,1,0.682569,2.045357
2006,142,12.57332,11.90332,6.98379,0.229108,9.132271,0.009996,1,1,0,0.6828385,2.047024
2006,143,11.73415,11.78013,6.879356,0.2207792,10.65954,0.0,1,1,1,0.6826448,2.049142
2006,144,12.17448,12.43646,7.09091,0.1542953,11.77631,0.0,0,1,1,0.6987668,2.048963
2006,145,10.69784,10.46781,6.349139,0.120773,9.814219,0.0,0,1,0,0.6828385,2.047024
2006,146,12.7022,10.9797,5.857933,0.1764706,12.56141,0.0,0,1,0,0.6826448,2.049142
2006,147,9.380927,6.684612,2.995732,0.0909091,9.21493,0.0,0,0,0,0.6881536,2.042821
2006,148,11.61828,10.14431,5.7301,0.4013158,10.24931,0.0,1,1,0,0.6828385,2.047024
2006,149,9.192177,4.343805,4.317488,0.1222222,8.735204,0.0,0,0,0,0.6805558,2.048771
2006,150,9.252441,10.60881,5.631212,0.1560284,5.438079,0.0,1,0,1,0.6828385,2.047024
2006,151,5.298317,7.379632,2.197225,0.5,3.526361,0.0,0,0,0,0.6828385,2.047024
2006,152,6.429719,6.251904,2.772589,0.0,6.021023,0.0,0,0,1,0.6826448,2.049142
2006,153,14.08331,14.06555,8.166784,0.1768086,13.72889,0.0,1,0,0,0.6826448,2.049142
2006,154,10.69399,7.824046,4.510859,0.0222222,10.44042,0.0,0,0,0,0.6826448,2.049142
2006,155,10.97336,8.879751,5.231109,0.0898876,10.29583,0.0,0,0,0,0.6826448,2.049142
2006,156,10.49516,8.278428,5.717028,0.0271903,10.13138,0.0,0,0,0,0.6826448,2.049142
2006,157,7.673223,6.089045,1.791759,0.0,7.457032,0.0,0,0,1,0.6826448,2.049142
2006,158,8.575462,7.172425,3.931826,0.1025641,7.404888,0.0,0,0,1,0.6826448,2.049142
2006,159,10.41481,9.480368,4.025352,0.0277778,9.980356,0.0,0,0,0,0.6826448,2.049142
2006,160,9.477309,7.17549,3.218876,0.0769231,9.353401,0.0,0,0,0,0.6826448,2.049142
2006,161,8.46168,7.783224,2.995732,0.0,7.788626,0.0,0,0,0,0.6826448,2.049142
2006,162,9.234056,7.267525,1.791759,0.0,8.991811,0.0,0,0,0,0.6826448,2.049142
2006,163,9.418167,8.038512,4.234107,0.1864407,8.312871,0.0,0,0,0,0.6826448,2.049142
2006,164,8.387085,8.984694,3.73767,0.0333333,7.675546,0.0,0,0,0,0.6828385,2.047024
2006,165,10.71664,9.716496,4.624973,0.0235294,10.38044,0.0,1,0,0,0.6828385,2.047024
2006,166,9.638219,8.258423,4.127134,0.0016129,9.311,0.0,0,0,0,0.6828385,2.047024
2006,167,10.74699,9.946115,5.991465,0.0995671,10.72155,0.0,0,0,0,0.6828385,2.047024
2006,168,9.461099,8.186186,4.127134,0.5125,9.311723,0.0,1,0,1,0.6828385,2.047024
2006,169,8.826147,8.955061,4.787492,0.1666667,8.310415,0.0,0,0,0,0.6805558,2.048771
2006,170,9.636914,8.90232,4.60517,0.18,9.313799,0.0,0,0,0,0.6828385,2.047024
2006,171,10.26813,9.13777,3.496508,0.0606061,9.574984,0.0,0,0,0,0.6828385,2.047024
2006,172,10.80161,10.40717,3.89182,0.0612245,9.751501,0.0,0,0,0,0.6828385,2.047024
2006,173,10.00061,7.291656,2.995732,0.1764706,9.830702,0.0,0,0,0,0.6828385,2.047024
2006,174,9.485697,5.981414,3.135494,0.1333333,9.216323,0.0,0,0,0,0.6805558,2.048771
2006,175,9.416541,9.596011,3.89182,0.0071429,8.915164,0.0,0,0,0,0.6805558,2.048771
2006,176,9.059518,8.890686,4.110874,0.0113636,8.508758,0.0,0,0,0,0.6805558,2.048771
2006,177,9.281731,6.907755,4.382027,0.0384615,9.250426,0.0,0,0,0,0.6805558,2.048771
2006,178,11.03441,10.47951,6.006353,0.228972,10.13551,0.0,1,0,0,0.6828385,2.047024
2006,179,11.00593,9.716013,4.955827,0.0217391,10.47413,0.0,0,0,0,0.6805558,2.048771
2006,180,11.403,11.05271,6.413459,0.0098361,10.82665,0.0,0,0,0,0.6805558,2.048771
2006,181,9.955131,7.600903,4.025352,0.0,8.652248,0.0,0,0,0,0.6805558,2.048771
2006,182,8.687779,7.937375,4.510859,0.0166667,7.762171,0.0,0,0,0,0.6805558,2.048771
2006,183,11.89314,10.82574,6.44254,0.0394737,11.02396,0.0,1,0,1,0.6805558,2.048771
2006,184,9.352708,8.268732,3.496508,0.0,9.238636,0.0,0,0,0,0.6805558,2.048771
2006,185,9.966462,6.966024,3.583519,0.0555556,9.83569,0.0,0,0,0,0.6805558,2.048771
2006,186,11.80843,10.6906,5.905362,0.025,11.45494,0.0,1,0,0,0.6805558,2.048771
2006,187,11.87479,10.83565,5.886104,0.0701299,11.66358,0.0,1,0,0,0.6805558,2.048771
2006,188,10.46909,11.56172,5.393628,0.2727273,10.3894,0.0,0,0,0,0.6805558,2.048771
2006,189,10.23996,8.980172,4.867535,0.0,9.440102,0.0,0,0,0,0.6805558,2.048771
2006,190,9.467305,7.600903,3.433987,0.0,9.310276,0.0,0,0,0,0.6805558,2.048771
2006,191,10.22521,9.730086,4.317488,0.0026631,9.818692,0.0,0,0,0,0.6805558,2.048771
2006,192,9.11493,8.097122,3.218876,0.06,8.556222,0.0,0,0,0,0.6805558,2.048771
2006,193,11.35393,11.35428,4.094345,0.258517,11.07309,0.0,1,0,0,0.6805558,2.048771
2006,194,9.718964,7.779048,5.081404,0.0348837,9.210541,0.0,0,0,0,0.6805558,2.048771
2006,195,11.26446,9.93455,5.147494,0.1709402,10.34593,0.0,0,1,0,0.6805558,2.048771
2006,196,10.37568,6.766191,4.442651,0.0,10.11936,0.0,0,0,0,0.6805558,2.048771
2006,197,10.60013,9.320181,5.662961,0.0851064,10.26629,0.0,1,1,0,0.6805558,2.048771
2006,198,9.438272,8.768418,4.174387,0.0285714,9.140776,0.0,1,1,0,0.6805558,2.048771
2006,199,9.895959,9.052516,4.787492,0.0166667,9.248406,0.0,0,0,0,0.6805558,2.048771
2006,200,9.879707,8.470101,4.007333,0.0,9.661861,0.0,0,1,0,0.6805558,2.048771
2006,201,9.852194,8.430109,3.295837,0.0,9.650529,0.0,0,0,0,0.6805558,2.048771
2006,202,10.79467,10.07116,4.941642,0.0071429,10.54194,0.0,0,0,0,0.6805558,2.048771
2006,203,10.1105,8.723394,4.60517,0.0,9.541512,0.0,1,1,0,0.6805558,2.048771
2006,204,9.565214,8.089482,3.688879,0.3157895,9.298809,0.0,0,0,0,0.6805558,2.048771
2006,205,9.325453,7.138867,3.401197,0.0666667,9.05684,0.0,0,0,0,0.6826448,2.049142
2006,206,8.188689,7.16858,2.302585,0.0,8.051978,0.0,0,0,0,0.6826448,2.049142
2006,207,9.174713,8.169336,3.555348,0.0,8.98932,0.0,0,0,0,0.6826448,2.049142
2006,208,8.839276,8.490849,4.094345,0.0,8.272826,0.0,0,0,0,0.6826448,2.049142
2006,209,8.778018,7.599902,2.484907,0.0,8.52932,0.0,0,0,0,0.6826448,2.049142
2006,210,9.735661,8.556991,4.941642,0.0185185,8.661813,0.0,0,0,0,0.6826448,2.049142
2006,211,8.371011,7.850883,2.70805,0.0,8.157657,0.0,0,0,0,0.6826448,2.049142
2006,212,8.513186,7.367077,2.772589,0.1481481,8.149024,0.0,1,0,0,0.6826448,2.049142
2006,213,12.66552,10.67787,6.156979,0.1143498,12.34058,0.0,1,0,1,0.6826448,2.049142
2006,214,10.13935,7.066467,3.218876,0.0,10.06888,0.0,0,0,0,0.6826448,2.049142
2006,215,10.77059,10.87973,5.47227,0.2434783,10.36672,0.0,1,1,0,0.6826448,2.049142
2006,216,10.75278,8.965335,4.060443,0.0447761,10.57244,0.0,0,1,0,0.6826448,2.049142
2006,217,8.922658,8.596374,3.218876,0.0,8.551208,0.0,0,0,0,0.6826448,2.049142
2006,218,8.34284,8.619208,3.555348,0.0,6.97073,0.0,0,0,0,0.6826448,2.049142
2006,219,8.692825,8.285261,2.484907,0.0909091,8.572628,0.0,0,0,0,0.6826448,2.049142
2006,220,8.797851,8.872066,3.218876,0.0,8.707979,0.0,0,0,0,0.6826448,2.049142
2006,221,8.384804,7.849714,3.555348,0.05,7.851272,0.0,0,0,0,0.6826448,2.049142
2006,222,9.936439,7.911691,3.806663,0.0,9.673383,0.0,0,0,0,0.6870436,2.056382
2006,223,11.8568,12.18172,6.837333,0.0626398,11.12376,0.0,0,0,1,0.6881536,2.042821
2006,224,9.615806,8.954157,5.545177,0.0170213,8.931816,0.0,0,0,0,0.6881536,2.042821
2006,225,9.21034,8.163941,3.433987,0.16,8.507345,0.0,0,0,1,0.6881536,2.042821
2006,226,10.83919,10.83325,5.755742,0.5904762,9.699656,0.0,0,1,0,0.6881536,2.042821
2006,227,9.340491,9.074062,4.85203,0.0321101,7.393263,0.0,0,0,0,0.6881536,2.042821
2006,228,8.607034,9.918475,4.770685,0.3278688,6.986567,0.0,0,1,1,0.6881536,2.042821
2006,229,11.61159,7.414573,4.584968,0.0681818,11.4911,0.0,0,0,0,0.6881536,2.042821
2006,230,11.02614,9.383117,5.545177,0.0444444,10.57923,0.0,1,0,0,0.6987668,2.048963
2006,231,15.28537,15.6878,9.812304,0.3489769,14.84179,0.1403342,1,1,1,0.6638486,1.998546
2006,232,13.63095,12.54863,6.516193,0.2245467,13.54153,0.0,0,1,1,0.6638486,1.998546
2006,233,13.0669,9.384294,4.770685,0.0,12.59811,0.0,0,0,0,0.6339036,1.949009
2006,234,10.58007,7.420579,3.332205,0.0833333,9.927692,0.0,0,0,0,0.6339036,1.949009
2006,235,10.35688,9.25033,6.161207,0.6803456,9.635019,0.0,0,1,1,0.6638486,1.998546
2006,236,11.57515,9.399389,5.69036,0.0331126,10.85817,0.0,0,1,0,0.6638486,1.998546
2006,237,11.35348,8.60886,5.68358,0.0917431,10.81728,0.0,0,0,0,0.6638486,1.998546
2006,238,11.40757,11.38509,5.768321,0.375,10.77495,0.0,0,0,0,0.6638486,1.998546
2006,239,9.322776,7.696213,4.564348,0.2339181,9.234838,0.0,0,0,0,0.6638486,1.998546
2006,240,10.9417,7.938446,4.941642,0.0785714,10.5283,0.0,0,0,0,0.6638486,1.998546
2006,241,10.37377,8.185072,4.317488,0.08,9.609318,0.0,0,1,0,0.6638486,1.998546
2006,242,11.86877,10.10213,5.501258,0.0208333,11.45909,0.0,0,0,0,0.6638486,1.998546
2006,243,12.24557,11.04741,6.240276,0.0626959,11.89038,0.0,0,0,0,0.6638486,1.998546
2006,244,12.11066,10.38452,6.082219,0.0714286,11.69201,0.0,0,1,0,0.6638486,1.998546
2006,245,12.73867,11.67061,6.690842,0.0771388,12.34985,0.0,0,0,0,0.6638486,1.998546
2006,246,11.72024,10.12194,5.953243,0.016,11.28929,0.0,0,0,0,0.6638486,1.998546
2006,247,12.29653,10.80414,5.908083,0.0432692,11.53908,0.0,0,0,0,0.6638486,1.998546
2006,248,9.831991,8.238801,4.867535,0.0,9.249658,0.0,0,0,0,0.6638069,1.992002
2006,249,9.849875,8.486734,4.836282,0.0066667,8.974745,0.0,0,1,0,0.6638069,1.992002
2006,250,11.36216,10.9755,6.109248,0.061674,10.88891,0.0,0,1,1,0.6638069,1.992002
2006,251,10.71442,7.991254,4.60517,0.04,10.27367,0.0,0,0,0,0.6638069,1.992002
2006,252,10.55581,7.915713,4.60517,0.0,9.869103,0.0,0,1,0,0.6638069,1.992002
2006,253,11.60459,8.558335,4.60517,0.0,11.17488,0.0,0,0,0,0.6638069,1.992002
2006,254,9.442721,8.517193,4.060443,0.0727273,8.851521,0.0,0,0,0,0.6638069,1.992002
2006,255,9.903487,7.438384,4.867535,0.0,9.55393,0.0,0,0,0,0.6638069,1.992002
2006,256,8.988571,9.429717,4.787492,0.0066667,8.376321,0.0,0,0,0,0.6638069,1.992002
2006,257,10.14541,9.746716,5.913503,0.0651042,8.879612,0.0,0,1,1,0.6638069,1.992002
2006,258,9.164296,8.462737,4.564348,0.0,8.795885,0.0,0,0,0,0.6646795,1.995202
2006,259,11.83819,9.305923,5.560682,0.0,11.46374,0.0,0,0,0,0.6646795,1.995202
2006,260,11.10042,7.824046,3.970292,0.1,10.57132,0.0,0,0,0,0.6646795,1.995202
2006,261,10.43726,8.49699,3.970292,0.0,10.01998,0.0,0,0,0,0.6646795,1.995202
2006,262,13.64297,11.45784,7.512071,0.0558333,13.48444,0.0,1,1,0,0.6638486,1.998546
2006,263,11.78554,9.09043,4.564348,0.0666667,11.42519,0.0,0,0,0,0.6339036,1.949009
2006,264,10.92786,7.982758,4.442651,0.1764706,8.088255,0.0,0,0,0,0.6339036,1.949009
2006,265,10.41,6.533789,2.772589,0.1333333,9.872977,0.0,1,0,0,0.6611888,2.00102
2006,266,11.85629,7.469654,5.863631,0.0594315,11.45826,0.0,1,0,0,0.6611888,2.00102
2006,267,12.17841,11.7036,6.380123,0.193609,11.69648,0.0,1,0,0,0.6611888,2.00102
2006,268,10.85054,9.003316,5.288267,0.2388889,10.48254,0.0,0,0,0,0.6611888,2.00102
2006,269,10.84823,11.04683,5.717028,0.2099125,10.57778,0.0,0,1,1,0.6917564,2.062514
2006,270,8.418257,9.680344,4.248495,0.1692308,7.30317,0.0,0,1,0,0.6981317,2.071706
2006,271,9.611664,9.767782,4.990433,0.3624161,9.205328,0.0,0,1,0,0.6981317,2.071706
2006,272,9.953515,8.009695,4.406719,0.0625,9.382948,0.0,0,0,0,0.6981317,2.071706
2006,273,9.938613,8.06054,4.795791,0.097561,8.643474,0.0,0,0,0,0.6981317,2.071706
2006,274,11.55771,8.006368,4.382027,0.0,10.99208,0.0,0,0,0,0.7013315,2.058907
2006,275,11.81982,9.813454,6.063785,0.0511628,11.31901,0.0,0,0,0,0.7013315,2.058907
2006,276,10.65935,6.2186,3.258096,1.0,10.59157,0.0,0,0,0,0.6969681,2.087414
2006,277,10.90962,7.377759,3.258096,0.0909091,10.88315,0.0,0,0,0,0.6387905,1.998111
2006,278,9.249946,7.590852,3.258096,0.1388889,8.397283,0.0,0,0,0,0.6469402,1.998111
2006,279,14.06292,14.15274,8.461892,0.3354839,13.47949,0.0,1,1,1,0.6784758,2.015244
2006,280,11.61656,10.01369,6.304449,0.2923729,10.7721,0.0,0,1,1,0.6784758,2.015244
2006,281,11.07625,10.58648,5.480639,0.3624161,9.502786,0.0,0,1,0,0.6984226,2.04349
2006,282,10.41163,8.011686,2.944439,0.4117647,10.05329,0.0,0,0,0,0.6784758,2.015244
2006,283,12.75439,10.87385,5.393628,0.5,12.45668,0.0,0,1,0,0.6784758,2.015244
2006,284,12.89409,10.79323,6.992096,0.5392912,12.11513,0.0,0,1,0,0.6784758,2.015244
2006,285,12.28315,12.25192,6.675823,0.5540201,11.87618,0.0,0,0,1,0.6798058,2.012946
2006,286,10.94887,8.702843,4.812184,0.1785714,9.538565,0.0,0,0,0,0.6798058,2.012946
2006,287,7.21524,7.5148,3.871201,0.0163934,6.745236,0.0,0,0,1,0.7121956,2.005191
2006,288,10.79884,11.65468,6.64639,0.1313869,10.55821,0.0,0,1,1,0.7086717,2.008228
2006,289,10.28749,7.553811,3.688879,0.0909091,10.17561,0.0,0,0,0,0.7086717,2.008228
2006,290,8.896177,8.931024,3.78419,0.3181818,7.610853,0.0,0,1,0,0.7115603,2.062403
2006,291,11.48415,10.91106,6.44572,0.0851064,10.78688,0.0,0,1,0,0.668752,2.039708
2006,292,10.10439,6.376727,3.73767,0.0,9.800125,0.0,0,0,0,0.668752,2.039708
2006,293,9.586171,8.259717,4.941642,0.0,9.071194,0.0,0,0,0,0.668752,2.039708
2006,294,12.54648,7.784889,3.988984,0.0909091,12.18764,0.0,0,0,0,0.668752,2.039708
2006,295,11.49337,11.60368,6.028278,0.0333333,11.30412,0.0,0,1,0,0.6734062,2.038545
2006,296,11.26958,10.13492,5.075174,0.025,10.93722,0.0,0,0,0,0.6734062,2.038545
2006,297,12.55532,8.476371,4.442651,0.1882353,12.35017,0.0,0,1,0,0.6416994,2.005965
2006,298,10.20541,9.514437,6.023448,0.0267261,9.556551,0.0,0,1,1,0.6347181,1.996366
2006,299,8.757469,7.856319,5.940171,0.045,8.106515,0.0,0,0,1,0.6347181,1.996366
2006,300,9.956365,7.882315,4.248495,0.0,9.095603,0.0,0,0,0,0.6419902,1.998402
2006,301,10.64256,9.047821,5.525453,0.0,10.33803,0.0,0,0,0,0.6419902,1.998402
2006,302,12.50008,11.81303,6.626718,0.0615385,11.96399,0.0,0,0,1,0.6419902,1.998402
2006,303,9.707047,10.51875,5.529429,0.2188679,9.358761,0.0,0,0,0,0.6469402,1.998111
2006,304,8.524367,9.282847,4.49981,0.0844156,8.077137,0.0,0,1,0,0.6520811,2.013878
2006,305,13.72321,12.90843,7.600903,0.2287582,12.81386,0.0,0,1,0,0.6431538,1.998402
2006,306,13.25222,11.77871,5.509388,0.3142857,12.49938,0.0,0,1,0,0.6431538,1.998402
2006,307,11.26897,9.155145,4.248495,0.0689655,10.87294,0.0,0,0,0,0.6431538,1.998402
2006,308,9.455323,6.887553,4.094345,0.0363636,9.002086,0.0,0,0,0,0.6612034,2.01251
2006,309,13.22172,13.09362,8.040769,0.1017011,12.78378,0.0,1,1,1,0.6612034,2.01251
2006,310,10.85848,9.615806,4.70048,0.2181818,10.09042,0.0,0,0,0,0.6664249,2.010329
2006,311,10.67269,6.897705,4.382027,0.0,9.984514,0.0,0,0,0,0.6664249,2.010329
2006,312,10.80385,9.472705,4.356709,0.0930233,10.03254,0.0,0,0,0,0.6664249,2.010329
2006,313,13.98993,12.86191,7.424165,0.1066908,13.55076,0.0,0,1,1,0.663516,2.00422
2006,314,9.838469,7.17012,2.944439,0.0,9.091331,0.0,0,0,0,0.663516,2.00422
2006,315,10.32414,7.272398,3.912023,0.0,9.64517,0.0,0,0,0,0.663516,2.00422
2006,316,11.00177,8.621553,4.094345,0.0,10.62925,0.0,0,1,0,0.6587988,2.003095
2006,317,9.815585,9.303375,5.575949,0.0915751,9.671744,0.0,0,0,1,0.6587988,2.003095
2006,318,12.03014,9.307467,4.007333,0.0,11.49832,0.0,0,0,0,0.6587988,2.003095
2006,319,12.04698,7.146772,4.787492,0.0083333,11.4944,0.0,0,1,0,0.6587988,2.003095
2006,320,11.78659,8.294049,5.192957,0.0,11.51043,0.0,0,0,0,0.6697578,2.00212
2006,321,10.84914,10.9469,6.532334,0.0693928,10.17968,0.0,0,0,1,0.6697578,2.00212
2006,322,10.75111,8.486734,3.583519,0.1111111,10.24281,0.0,0,0,1,0.6562535,2.000341
2006,323,11.26416,8.691147,4.094345,0.2,10.80479,0.0,0,0,0,0.6562535,2.000341
2006,324,11.50607,9.048174,5.298317,0.085,11.0012,0.0,1,0,0,0.6562535,2.000341
2006,325,11.83646,9.73347,5.652489,0.1,11.30736,0.0,0,1,0,0.659717,1.996884
2006,326,9.734654,8.882114,2.302585,0.0125,9.241354,0.0,0,0,1,0.6574074,1.996366
2006,327,9.148465,7.921173,2.995732,0.1,8.609773,0.0,0,0,1,0.6574074,1.996366
2006,328,9.942708,8.395025,3.401197,0.0333333,9.444543,0.0,0,0,1,0.6574074,1.996366
2006,329,12.02349,8.50593,4.488636,0.0,11.36071,0.0,0,0,0,0.6685871,1.996099
2006,330,12.30787,9.458762,5.087596,0.0125,11.79796,0.0,0,0,0,0.6707882,1.998984
2006,331,10.60921,6.476973,4.060443,0.1034483,9.631679,0.0,0,0,0,0.6707882,1.998984
2006,332,8.986947,9.655988,5.010635,0.0528846,8.315811,0.0,0,1,0,0.6722484,2.006954
2006,333,9.506214,6.912743,4.75359,0.0185185,9.358329,0.0,1,1,0,0.6722484,2.006954
2006,334,11.74837,10.90033,6.322565,0.1212842,11.584,0.0,0,1,1,0.6891142,2.024
2006,335,8.842171,6.82546,3.332205,0.9285714,8.294049,0.3,0,0,0,0.6810118,2.018578
2006,336,9.881242,9.355566,5.347107,0.8695652,9.221577,0.0,0,1,0,0.6752661,2.02076
2006,337,11.82347,10.33433,5.991465,0.07,11.54531,0.0,0,1,0,0.6803712,2.026362
2006,338,10.44575,8.987197,3.73767,0.0,9.432123,0.0,0,0,0,0.6863822,2.022383
2006,339,10.68288,9.694062,5.736572,0.0338983,9.875654,0.0,0,1,0,0.6779732,1.993149
2006,340,10.69557,8.242756,4.442651,0.1428571,10.15801,0.0,0,0,0,0.6712327,2.015122
2006,341,9.469623,9.013474,4.60517,0.08,8.412722,0.0,0,0,0,0.7087153,2.067046
2006,342,9.461411,9.71396,4.682131,0.1789474,8.861633,0.0,0,1,0,0.7062767,2.050181
2006,343,10.3559,8.845634,5.267858,0.0259067,9.73074,0.0,0,0,0,0.7141311,2.046974
2006,344,9.113719,7.975908,4.248495,0.0,8.706656,0.0,0,0,0,0.6885324,2.029818
2006,345,9.692149,7.377759,3.912023,0.02,9.453757,0.0,0,0,0,0.6754425,2.035636
2006,346,9.578657,9.030974,3.912023,0.04,9.177403,0.0,0,1,1,0.6754425,2.035636
2006,347,11.38736,9.778038,4.543295,0.0888889,10.61519,0.0,0,0,0,0.6754425,2.026327
2006,348,9.388905,7.153052,2.995732,0.0,8.729074,0.0,0,0,0,0.6710791,2.026327
2006,349,11.06456,8.957124,4.521789,0.1609195,10.69251,0.0,0,0,0,0.6710791,2.026327
2006,350,9.94554,9.1622,4.454347,0.0266667,9.437317,0.0,0,0,0,0.6574074,2.030691
2006,351,12.82492,10.17979,6.638568,0.1226158,12.45537,0.0,0,1,0,0.6611888,2.03389
2006,352,9.474933,9.027618,4.820282,0.1310345,8.930494,0.0,0,0,0,0.6646795,2.034763
2006,353,12.82036,10.87074,5.948035,0.0712468,12.76942,0.0,1,1,0,0.6586,2.018914
2006,354,11.44785,9.670294,4.875197,0.3833333,11.02962,0.0,0,0,0,0.6586,2.018914
2006,355,9.772809,7.851661,3.806663,0.0925926,9.282196,0.0,0,0,0,0.6586,2.018914
2006,356,11.45371,9.204021,4.867535,0.0769231,10.99848,0.0,0,0,0,0.6586,2.018914
2006,357,11.25624,8.693999,4.584968,0.0377358,11.13819,0.0,1,0,0,0.6586,2.018914
2006,358,10.10684,8.045588,4.465908,0.0333333,9.902687,0.0,0,0,0,0.6586,2.018914
2006,359,10.64278,8.688622,5.135798,0.1111111,10.19851,0.0,0,0,0,0.6586,2.018914
2006,360,9.96001,6.620073,2.995732,0.0645161,9.97683,0.0,0,0,0,0.6586,2.018914
2006,361,12.57377,9.148465,6.331502,0.0470219,12.20887,0.0,0,0,0,0.6555845,2.016883
2006,362,9.851036,6.664409,4.70048,0.0266667,9.559306,0.0,0,0,0,0.663516,2.016728
2006,363,10.7328,8.580919,4.553877,0.0421053,10.38208,0.0,0,0,0,0.663516,2.016728
2006,364,10.8931,9.843366,4.955827,0.0333333,10.59305,0.0,0,0,0,0.6638069,2.024291
2006,365,10.64065,8.794825,5.087596,0.03125,10.11464,0.0,0,1,0,0.6672975,2.019928
2006,366,10.92958,10.59663,5.384495,0.0,10.63914,0.0,0,0,0,0.6672975,2.016146
2006,367,10.80031,10.15933,5.700444,0.0145455,10.34429,0.0,1,0,0,0.6672975,2.016146
2006,368,9.959821,9.952278,4.60517,0.056,9.28387,0.0,0,0,0,0.6579891,2.029236
2006,369,8.634087,6.802395,2.833213,0.2,7.740664,0.0,0,0,0,0.660898,2.0272
2006,370,11.0021,8.139149,4.442651,0.2727273,10.83913,0.0,0,1,0,0.6609678,1.964379
2006,371,11.40436,10.56044,6.911747,0.1258405,10.83479,0.0,0,0,1,0.6579508,1.967124
2006,372,8.862766,8.961879,4.574711,0.3888889,8.205765,0.0,0,0,1,0.6609678,1.964379
2006,373,11.05965,9.492356,4.532599,0.2011834,10.97765,0.0,0,1,0,0.6609678,1.964379
2006,374,9.313168,6.609349,3.218876,1.0,8.231642,0.0,0,0,1,0.6609678,1.964379
2006,375,11.00543,9.586033,4.976734,0.0,10.659,0.0,0,0,0,0.6609678,1.964379
2006,376,10.79179,9.895254,4.94876,0.3417721,10.51616,0.0,0,1,0,0.6609678,1.964379
2006,377,13.30252,13.39877,8.123558,0.1213254,12.63478,0.0,1,1,1,0.6994725,1.97746
2006,378,9.664469,8.4375,5.505332,0.0343643,9.35807,0.0,0,0,0,0.6994725,1.97746
2006,379,9.028818,7.223296,4.543295,0.1527778,8.699348,0.0,0,0,0,0.698835,1.982911
2006,380,11.11048,10.54781,6.879356,0.0765456,10.71257,0.0,0,1,1,0.6994725,1.97746
2006,381,11.24925,9.08659,5.963579,0.0074627,11.11494,0.0,0,0,0,0.6994725,1.97746
2006,382,9.775427,9.047821,4.905275,0.0,9.226213,0.0,0,0,0,0.6994725,1.97746
2006,383,12.39079,12.0137,6.856462,0.0060852,12.03412,0.0,0,0,1,0.6994725,1.97746
2006,384,10.89109,11.67883,6.342122,0.1278459,10.6292,0.0,0,0,1,0.6607233,1.982352
2006,385,10.64364,10.16585,5.560682,0.0076923,10.49164,0.0,0,1,0,0.6607233,1.982352
2006,386,10.58858,9.979753,5.7301,0.042735,10.13935,0.0,0,0,0,0.6598094,1.98321
2006,387,9.288875,7.156177,4.094345,0.0285714,9.097396,0.0,0,0,0,0.6598094,1.98321
2006,388,10.15339,9.476543,6.371612,0.0432836,9.826337,0.0,0,1,0,0.6317286,1.974251
2006,389,12.02896,12.35404,7.100027,0.21875,11.19518,0.0,0,1,1,0.6317286,1.974251
2006,390,10.09258,9.199381,4.248495,0.0289855,9.936051,0.0,0,0,0,0.6317286,1.974251
2006,391,8.529912,6.345636,3.583519,0.0,8.472405,0.0,0,0,0,0.6317286,1.974251
2006,392,8.531688,8.34759,4.59512,0.008547,8.197814,0.0,0,0,0,0.6292409,1.973119
2006,393,10.34503,8.594154,5.746203,0.0319489,9.142704,0.0,0,1,0,0.6338735,1.970363
2006,394,12.33046,11.45038,6.416732,0.0171053,11.73376,0.0,0,1,0,0.6338735,1.970363
2006,395,11.9071,10.65337,6.55108,0.0405405,11.60666,0.0,1,1,0,0.6247926,1.970895
2006,396,9.430359,7.977282,4.060443,0.1,8.579604,0.0,0,0,0,0.6244032,1.977121
2006,397,11.6835,10.84091,6.376727,0.0196429,11.05002,0.0,0,1,0,0.6898623,1.969028
2006,398,9.595058,10.22557,5.68358,0.0139211,9.352448,0.0,0,0,1,0.698835,1.982911
2006,399,10.35939,8.516793,4.564348,0.0277778,9.492582,0.0,0,0,1,0.698835,1.982911
2006,400,9.074062,8.136811,3.970292,0.0357143,8.078068,0.0,0,0,1,0.698835,1.982911
2006,401,10.0529,9.400217,4.574711,0.0067797,9.774688,0.0,0,1,0,0.6951283,1.973967
2006,402,11.25165,10.51146,5.746203,0.1551724,10.85663,0.0,0,1,0,0.670492,1.967584
2006,403,12.11718,11.61064,6.685861,0.0771757,11.72946,0.0,1,1,0,0.685492,1.944419
2006,404,10.06701,8.277158,4.454347,0.0416667,9.860528,0.0,0,0,0,0.685492,1.944419
2006,405,9.026538,9.076809,5.135798,0.2705882,8.651375,0.0,0,0,1,0.6548076,1.939943
2006,406,10.26869,9.879604,5.135798,0.047619,9.904037,0.0,1,1,0,0.6579508,1.967124
2006,407,12.00721,12.43345,7.12206,0.0127119,11.57067,0.0,0,0,1,0.6515135,1.98217
2006,408,9.83124,9.797071,5.799093,0.0090909,9.466377,0.0,0,0,0,0.6515135,1.98217
2006,409,8.546752,8.839276,4.60517,0.0,7.390182,0.0,0,0,0,0.656242,1.984523
2006,410,11.31179,11.46163,6.040255,0.0350877,10.59811,0.0,0,1,1,0.656242,1.984523
2006,411,9.525151,8.890273,4.564348,0.0,9.291921,0.0,0,1,0,0.653125,1.964392
2006,412,11.52526,11.34044,6.198479,0.0066116,11.26255,0.0,0,1,0,0.6462431,1.95332
2006,413,10.10696,9.044876,4.70048,0.2,8.929171,0.0,0,0,1,0.6298556,1.946371
2006,414,8.978661,7.687539,3.583519,0.1470588,8.385261,0.0,0,0,0,0.62616,1.945025
2006,415,10.60552,10.11779,6.05444,0.1371429,9.852563,0.0,0,0,0,0.6364354,1.933001
2006,416,10.29546,9.442642,6.556778,0.0763791,9.718001,0.0,0,0,0,0.6113255,1.937443
2006,417,13.84451,14.02399,8.495357,0.1965434,12.98112,0.0,1,1,0,0.6113255,1.937443
2006,418,10.63248,10.30895,5.736572,0.3157895,9.870861,0.0,0,1,0,0.6113255,1.937443
2006,419,12.4074,12.21018,6.732211,0.0452128,11.57878,0.0,0,1,1,0.6085448,1.927673
2006,420,8.965717,8.011686,4.094345,0.2941177,8.536799,0.0,0,0,0,0.6085448,1.927673
2006,421,9.615139,9.102978,4.127134,0.1607143,9.062536,0.0,0,0,0,0.6085448,1.927673
2006,422,9.971147,10.14361,5.298317,0.08,9.351233,0.0,0,0,0,0.6085448,1.927673
2006,423,9.246865,10.32348,5.560682,0.1,8.231642,0.0,0,0,1,0.6055172,1.931981
2006,424,5.010635,7.85205,2.484907,0.0,4.356709,0.0,0,1,1,0.6055172,1.931981
2006,425,11.58859,11.13691,5.768321,0.2222222,11.38793,0.0,1,1,0,0.6133677,1.933382
2006,426,11.48833,11.16186,6.593045,0.4334719,11.1017,0.0,0,1,0,0.6181196,1.934488
2006,427,10.98322,9.89101,5.991465,0.2625,10.21717,0.0,0,1,0,0.6212671,1.932294
2006,428,12.9872,13.12493,8.026497,0.1988968,12.51971,0.0,1,1,1,0.7096063,1.917076
2006,429,10.2986,11.26335,6.549651,0.1028446,9.594173,0.0,0,1,1,0.8602013,2.106817
2006,430,13.27037,12.63947,7.242798,0.1267606,12.37112,0.0,1,1,0,0.7128327,1.950385
2006,431,10.34429,9.481817,4.859812,0.0465116,9.836813,0.0,0,0,0,0.7029772,1.940706
2006,432,10.46033,8.70251,6.791222,0.0262055,10.24075,0.0,0,0,0,0.7096063,1.917076
2006,433,10.84837,10.02473,6.363028,0.0338409,10.63224,0.0,0,1,0,0.7080707,1.929012
2006,434,10.13721,9.432844,5.560682,0.0909091,8.998631,0.0,0,1,1,0.6927292,1.86441
2006,435,10.36829,9.386727,5.298317,0.0272727,9.594378,0.0,0,0,0,0.737538,2.074967
2006,436,10.08781,9.415646,4.820282,0.0636364,9.655026,0.0,0,0,0,0.7657168,2.095542
2006,437,9.727407,8.069968,5.384495,0.0041152,9.243001,0.0,0,0,0,0.8379977,2.142173
2006,438,11.58776,6.272877,3.806663,0.3030303,11.01381,0.0,0,1,0,0.8399541,2.154777
2006,439,10.85044,10.26959,5.252274,0.1642857,10.36621,0.0,0,1,0,0.8041309,2.130925
2006,440,9.017484,10.8565,4.882802,0.1827957,8.57998,0.0,0,1,1,0.7613029,2.13394
2006,441,12.13881,9.565424,4.521789,0.0920245,11.43878,0.0,0,1,0,0.7613029,2.13394
2006,442,12.31532,11.20061,5.926926,0.1417722,11.58644,0.0,0,1,1,0.7495739,2.13545
2006,443,11.21467,10.16065,4.60517,0.1,10.50457,0.0,0,1,0,0.7610334,2.117182
2006,444,11.45521,9.689056,5.298317,0.03,10.82955,0.0,0,0,0,0.7776557,2.110308
2006,445,9.096164,7.444249,4.025352,0.0363636,8.393669,0.0,0,0,0,0.7667826,2.026083
2006,446,10.67049,9.149741,4.94876,0.1398601,9.720466,0.0,0,0,0,0.707409,1.963565
2006,447,9.150378,8.430109,4.330733,0.0,8.605204,0.0,0,0,0,0.7204285,1.965861
2006,448,11.68761,11.4243,6.356108,0.8958333,10.82198,0.0,0,1,1,0.6919184,1.916354
2006,449,12.09845,10.83713,6.272877,0.0701299,11.25211,0.0,0,1,0,0.6956289,1.941783
2006,450,11.52392,9.176784,5.010635,0.1333333,10.68173,0.0,0,0,0,0.673535,1.899717
2006,451,8.568457,9.204926,4.564348,0.0625,8.236421,0.0,0,1,0,0.7171283,1.889625
2006,452,12.36956,11.95507,6.814543,0.0448,11.96694,0.0,1,1,0,0.7039004,1.867646
2006,453,11.42593,10.9198,6.522093,0.0537634,10.86284,0.0,0,1,0,0.7255034,1.894142
2006,454,10.76122,9.172327,5.204007,0.1464968,9.80411,0.0,0,0,0,0.6777709,1.844225
2006,455,10.69991,9.85964,6.39693,0.0716667,10.12851,0.0,0,0,1,0.6844356,1.774491
2006,456,9.127068,6.897705,3.806663,0.375,8.769663,0.0,0,0,0,0.7295485,2.154361
2006,457,9.264734,5.572154,3.583519,0.0,8.833899,0.0,0,0,1,0.7295485,2.154361
2006,458,6.09357,7.083388,2.833213,0.5,5.537334,0.0,0,0,1,0.7321129,2.155706
2006,459,8.532279,9.393245,4.248495,0.0985916,8.482394,0.0,0,0,0,0.7295485,2.154361
2006,460,9.247636,8.669743,6.361302,0.0539419,8.958797,0.0,0,0,0,0.7295485,2.154361
2006,461,11.00471,9.062188,4.454347,0.2875,9.830541,0.0,0,1,0,0.7321129,2.155706
2006,462,9.446597,8.591743,4.043051,0.0,8.955707,0.0,0,0,0,0.7321129,2.155706
2006,463,10.78891,10.56251,5.298317,0.2211538,10.27426,0.0,0,0,0,0.7321129,2.155706
2006,464,11.91948,8.074026,3.688879,0.05,11.38684,0.0,0,0,0,0.7321129,2.155706
2006,465,8.037867,10.80072,4.727388,0.1483871,6.437752,0.0,0,0,1,0.7321129,2.155706
2006,466,10.98912,9.020148,5.433722,0.1693122,10.4249,0.0,0,1,0,0.7321129,2.155706
2006,467,12.47705,12.91025,7.084227,0.165247,11.74901,0.0,1,1,0,0.7321129,2.155706
2006,468,9.850403,7.022868,2.70805,0.3333333,9.400217,0.0,0,0,0,0.7321129,2.155706
2006,469,10.03583,7.989561,3.401197,0.1666667,9.647885,0.0,0,0,0,0.7321129,2.155706
2006,470,8.520188,7.125283,3.178054,0.0454545,7.992269,0.0,0,0,0,0.7321129,2.155706
2006,471,10.19787,8.854808,2.397895,0.2,9.646658,0.0,0,0,0,0.7321129,2.155706
2006,472,9.1382,8.652773,4.787492,0.0416667,8.791942,0.0,0,0,0,0.7329991,2.143753
2006,473,9.628326,6.745236,3.912023,0.0,9.14099,0.0,0,0,0,0.7245244,2.142069
2006,474,8.210124,7.13966,3.555348,0.5,7.655864,0.0,0,0,0,0.6815926,2.125602
2006,475,11.09968,8.236421,4.969813,0.1647059,10.87542,0.0,0,1,0,0.682427,2.124401
2006,476,14.41921,15.58588,9.12598,0.2392315,14.03678,0.0,1,1,1,0.6791735,2.122578
2006,477,10.21552,9.465835,4.477337,0.0930233,9.996295,0.0,0,1,0,0.6791735,2.122578
2006,478,8.754634,9.402943,4.330733,0.15,7.911324,0.0,0,0,0,0.682427,2.124401
2006,479,9.477079,7.449498,3.258096,0.2272727,8.970814,0.0,0,1,0,0.6791735,2.122578
2006,480,8.996157,7.30586,4.025352,0.1686747,8.551015,0.0,0,0,0,0.6791735,2.122578
2006,481,10.01109,11.35286,4.983607,0.1877133,9.647563,0.0,0,1,0,0.6791735,2.122578
2006,482,10.48682,9.991315,5.505332,0.04947,10.12851,0.0,1,1,0,0.6791735,2.122578
2006,483,10.49266,9.786673,4.624973,0.0410959,9.809397,0.0,0,0,0,0.6875609,2.128662
2006,484,10.22194,7.649693,4.094345,0.4545455,8.630522,0.0,1,1,0,0.6875609,2.128662
2006,485,9.10498,10.01055,4.060443,0.0246914,9.464983,0.0,0,1,0,0.6875609,2.128662
2006,486,11.87507,10.36986,5.771441,0.0685358,11.18161,0.0,0,0,0,0.6925589,2.146181
2006,487,8.987197,7.5807,2.079442,0.2727273,8.416267,0.0,0,1,0,0.7174793,2.146662
2006,488,9.546813,7.663877,3.688879,0.6,9.10498,0.0,0,0,0,0.7174793,2.146662
2006,489,10.38468,10.43412,5.247024,0.0909091,9.740969,0.0,0,1,0,0.7174793,2.146662
2006,490,10.04151,8.416267,5.036952,0.125,9.763651,0.0,0,1,0,0.7174793,2.146662
2006,491,9.546813,8.242756,2.772589,0.0625,9.371609,0.0,0,0,0,0.7174793,2.146662
2006,492,9.268609,7.299798,3.871201,0.0833333,9.231123,0.0,0,0,0,0.722789,2.136914
2006,493,10.98986,5.828946,3.806663,0.1666667,10.05191,0.0,0,1,0,0.722789,2.136914
2006,494,15.22179,15.12384,9.020027,0.8424529,14.8167,0.0,0,1,0,0.730612,2.163293
2006,495,10.63682,7.999007,3.912023,0.2375,10.53074,0.0,1,0,0,0.7303033,2.162436
2006,496,8.210668,8.314342,3.091043,1.0,7.578657,0.0,0,1,1,0.730612,2.163293
2006,497,9.744843,8.708474,5.676754,0.0645161,9.42658,0.0,0,0,0,0.7303033,2.162436
2006,498,10.62045,9.194109,4.49981,0.0340909,10.39409,0.0,0,0,0,0.730612,2.163293
2006,499,11.47868,10.60755,4.744932,0.0602911,11.32072,0.0,0,0,0,0.730612,2.163293
2006,500,12.01884,11.0146,6.059123,0.1914358,11.6458,0.0,0,1,0,0.7283996,2.182359
2006,501,8.968268,7.003066,4.382027,0.0625,7.726654,0.0,0,0,0,0.7347929,2.180337
2006,502,10.53095,8.826735,4.927254,0.1857143,10.30972,0.0,0,0,0,0.7347929,2.180337
2006,503,9.174091,9.217912,6.570883,0.0618067,8.468843,0.0,0,1,0,0.7207194,2.160133
2006,504,10.20788,10.3991,5.192957,0.0229358,9.026898,0.0,0,0,1,0.7208629,2.166335
2006,505,11.07338,8.736329,5.733341,0.1183432,10.78066,0.0,0,1,0,0.7208629,2.166335
2006,506,10.0707,8.989694,5.111988,0.1648936,10.41217,0.0,0,1,0,0.7003542,2.170926
2006,507,9.172639,10.09138,4.927254,0.1232877,8.286269,0.0,0,1,0,0.7003542,2.170926
2006,508,9.40253,6.77308,3.637586,0.0930233,9.069928,0.0,0,1,0,0.7003542,2.170926
2006,509,10.203,6.2186,3.091043,0.25,9.757826,0.0,0,0,0,0.7003542,2.170926
2006,510,8.521185,7.495542,4.317488,0.0133333,7.855545,0.0,0,0,0,0.7060263,2.165377
2006,511,9.671556,9.327146,4.875197,0.0458015,9.255505,0.0,0,0,0,0.7060263,2.165377
2006,512,11.40166,10.08414,6.018593,0.0763889,10.73335,0.0,0,1,0,0.703024,2.151768
2006,513,9.472705,8.389359,4.094345,0.0333333,8.11582,0.0,0,0,0,0.7108955,2.177885
2006,514,10.03846,10.7576,4.564348,0.0232558,9.623774,0.0,0,1,0,0.7108955,2.177885
2006,515,10.3977,9.556551,5.433722,0.0864198,9.954988,0.0,0,1,0,0.7172453,2.114068
2006,516,9.352795,6.563856,3.931826,0.2264151,9.122602,0.0,0,0,0,0.7172453,2.114068
2006,517,10.94472,9.945109,6.253829,0.1715116,10.39059,0.0,0,1,0,0.7172453,2.114068
2006,518,5.910797,8.243019,6.028278,0.1455939,6.357842,0.0,0,1,0,0.7172453,2.114068
2006,519,9.004054,8.73069,4.094345,0.0125,8.529517,0.0,1,1,0,0.7186145,2.118089
2006,520,9.070389,8.898092,3.912023,0.3,8.314588,0.0,0,0,0,0.7259905,2.125815
2006,521,10.01682,7.122867,3.912023,0.0,9.62905,0.0,0,0,1,0.7249486,2.116035
2006,522,8.993427,8.411833,3.688879,0.0,8.411833,0.0,1,0,0,0.7249486,2.116035
2006,523,8.549854,7.088409,3.465736,0.0677966,7.902487,0.0,1,1,0,0.7097741,2.133403
2006,524,10.71442,9.91418,3.332205,0.1190476,10.11658,0.0,0,1,0,0.7097741,2.133403
2006,525,12.59889,11.52119,4.934474,0.1898734,12.10897,0.0,1,1,0,0.7097741,2.133403
2006,526,11.51721,9.746015,5.123964,0.1395349,11.18866,0.0,0,0,0,0.7097741,2.133403
2006,527,10.83026,10.04325,5.010635,0.12,10.30555,0.0,0,0,0,0.7093829,2.138187
2006,528,12.44873,10.62799,5.700444,0.08,12.05646,0.0,1,1,0,0.7093829,2.138187
2006,529,8.993551,6.974479,4.007333,0.0333333,8.535623,0.0,0,0,0,0.7193837,2.150187
2006,530,11.54663,10.46436,5.010635,0.1333333,10.91652,0.0,1,1,0,0.7193837,2.150187
2006,531,12.17177,11.09482,5.347107,0.2708333,11.89728,0.0,1,1,0,0.7193837,2.150187
2006,532,10.11654,9.983869,4.736198,0.1847826,9.981744,0.0,0,0,0,0.7193837,2.150187
2006,533,8.914626,7.444249,3.610918,0.0769231,8.4242,0.0,0,0,0,0.7193837,2.150187
2006,534,13.42733,13.18146,6.39693,0.5172414,12.81772,0.0,1,1,0,0.7230265,2.152677
2006,535,10.20463,10.08121,4.382027,0.2706767,8.633731,0.0,0,1,0,0.7176793,2.130536
2006,536,9.557258,8.38206,3.178054,0.3636364,9.710206,0.0,0,1,0,0.7176793,2.130536
2006,537,9.165343,8.256607,3.871201,0.6,8.542861,0.0,1,1,0,0.7176793,2.130536
2006,538,9.562405,7.260522,3.044523,0.5238096,9.588503,0.0,0,0,0,0.7176793,2.130536
2006,539,10.31943,10.26186,5.746203,0.122449,9.109857,0.0,0,1,0,0.7176793,2.130536
2006,540,9.326789,9.328835,5.204007,0.1397059,9.649047,0.0,0,0,0,0.7186145,2.118089
2006,541,9.351493,8.039803,2.995732,0.9444444,9.159363,0.0,0,0,0,0.7176793,2.130536
2006,542,9.680344,8.800114,4.248495,0.1166667,9.375431,0.0,1,0,0,0.7154453,2.130606
2006,543,10.84556,10.36467,4.634729,0.3,10.1785,0.0,0,1,0,0.7369652,2.160251
2006,544,11.77475,8.69768,4.077538,0.4418605,9.21034,0.0,0,1,0,0.7369652,2.160251
2006,545,10.12663,8.517193,4.248495,0.1111111,9.38278,0.0,0,0,0,0.7369652,2.160251
2006,546,11.3022,8.630522,4.317488,0.0166667,10.51135,0.0,0,0,0,0.7369652,2.160251
2006,547,9.197154,7.60589,3.178054,0.0769231,8.576217,0.0,0,0,0,0.7425731,2.164876
2006,548,9.12913,7.637234,3.526361,0.1702128,8.663714,0.0,0,0,0,0.7425731,2.164876
2006,549,9.035987,7.544332,2.772589,0.1875,8.584291,0.0,0,0,0,0.7425731,2.164876
2006,550,9.082507,9.879707,4.007333,0.1111111,8.551595,0.0,0,0,0,0.7459194,2.176899
2006,551,8.883224,7.059618,4.927254,0.0,7.972466,0.0,0,0,0,0.7467523,2.166143
2006,552,9.392662,7.20786,3.806663,0.1333333,8.682708,0.0,0,1,0,0.7467523,2.166143
2006,553,6.139884,4.127134,2.70805,0.0666667,5.894403,0.0,0,0,1,0.7461274,2.152925
2006,554,11.3266,8.89563,4.094345,0.9833333,11.10204,0.0,0,0,0,0.7461274,2.152925
2006,555,8.597113,9.390243,4.564348,0.6818182,8.187021,0.0,0,1,0,0.7255984,2.102256
2006,556,8.526748,6.659294,5.298317,0.1,7.772753,0.0,0,0,0,0.7198626,2.08395
2006,557,11.50215,11.49686,6.135565,0.1010101,10.58512,0.0,0,0,0,0.7178087,2.089871
2006,558,9.615806,8.934587,2.995732,0.05,9.621124,0.0,0,0,0,0.7135321,2.141261
2006,559,8.853665,9.50301,4.094345,0.097561,7.886081,0.0,0,0,0,0.7135321,2.141261
2006,560,9.680344,8.594154,3.332205,0.2333333,9.502263,0.0,1,0,0,0.7135321,2.141261
2006,561,9.076466,6.783325,5.192957,0.0888889,8.255829,0.0,0,0,0,0.7105402,2.109
2006,562,14.83068,15.2227,9.311452,0.3044401,14.57079,0.0,1,1,1,0.7105402,2.109
2006,563,9.912002,9.271624,7.136483,0.0403121,9.400547,0.0,0,0,0,0.7105402,2.109
2006,564,9.103645,6.45047,3.583519,0.0,9.039433,0.0,0,0,0,0.7105402,2.109
2006,565,9.819399,10.91787,5.247024,0.5631579,8.779096,0.0,0,1,0,0.7648582,2.187267
2006,566,11.92456,10.06049,7.408531,0.4048423,10.86895,0.0,1,1,1,0.7648582,2.187267
2006,567,9.055323,9.249561,5.164786,0.378882,8.356555,0.0,0,0,1,0.7648582,2.187267
2006,568,10.63354,10.21207,5.560682,0.1352941,10.39971,0.0,0,1,0,0.7648582,2.187267
2006,569,10.54294,10.23229,4.867535,0.6533333,9.944198,0.3,1,0,0,0.7648582,2.187267
2006,570,9.417274,7.931644,4.248495,0.4615385,9.336709,0.0,0,0,0,0.7655887,2.187351
2006,571,11.79988,11.71893,6.244167,0.4291417,10.6635,0.0,0,1,0,0.7648582,2.187267
2006,572,10.62359,9.732106,5.298317,0.8609626,9.990537,0.0,0,0,0,0.7648582,2.187267
2006,573,11.08675,8.887929,5.940171,0.08,10.616,0.0,0,0,1,0.7780503,2.194019
2006,574,15.6589,15.91743,9.731334,0.4826801,15.26684,0.0,1,1,0,0.7655188,2.208714
2006,575,10.859,11.29678,5.641907,0.2916667,9.904637,0.2998995,0,1,0,0.7671578,2.212265
2006,576,10.7562,12.06162,6.079933,0.1436421,10.45852,0.0,1,1,0,0.7655188,2.208714
2006,577,10.55211,8.110427,4.934474,0.0512821,10.55883,0.0,0,0,0,0.7655188,2.208714
2006,578,8.548305,8.073403,3.912023,0.0740741,8.030084,0.0,0,1,0,0.7622587,2.207809
2006,579,11.79863,11.28978,6.013715,0.1038526,11.05041,0.0,1,1,0,0.7755545,2.215608
2006,580,9.119321,6.794587,5.950643,0.0480769,8.105005,0.0,0,0,1,0.7639306,2.222589
2006,581,8.552561,6.37332,2.302585,0.0526316,8.22791,0.0,0,0,0,0.7639306,2.222589
2006,582,9.032051,10.07845,5.030438,0.1864407,8.64629,0.0,0,1,0,0.7639306,2.222589
2006,583,10.41721,9.831185,4.812184,0.1970803,9.871791,0.0,0,1,0,0.7536122,2.170305
2006,584,9.397152,8.520587,3.258096,0.9444444,9.078636,0.0,0,1,0,0.7536122,2.170305
2006,585,10.7579,6.827629,4.442651,0.0540541,10.27732,0.0,0,0,0,0.7487428,2.184159
2006,586,9.035987,8.070906,4.70048,0.0,8.362876,0.0,0,0,0,0.7566701,2.17009
2006,587,8.538759,7.865572,3.401197,0.0,6.721426,0.0,0,0,0,0.756897,2.187037
2006,588,12.57938,10.12443,4.882802,0.1724138,10.95733,0.0,0,1,0,0.7487428,2.184159
2006,589,11.93829,10.31804,5.398163,0.1165049,11.38557,0.0,1,1,0,0.7487428,2.184159
2006,590,10.12847,9.159047,3.871201,0.2083333,9.268609,0.0,0,0,0,0.7452731,2.190929
2006,591,10.56132,10.34971,5.347107,0.0125,10.04564,0.0,1,0,0,0.7496538,2.181504
2006,592,12.88522,11.72132,5.863631,0.4082687,11.61873,0.0,1,1,0,0.7291062,2.199857
2006,593,9.944582,10.23423,5.231109,0.116,9.218507,0.0,0,1,0,0.7291062,2.199857
2006,594,10.8056,10.06203,4.234107,0.2678571,9.388403,0.0,0,1,0,0.7278023,2.194891
2006,595,13.21334,13.59212,7.296413,0.3345021,12.45714,0.0,1,1,0,0.7278023,2.194891
2006,596,10.19791,10.37876,5.361292,0.2647059,8.987197,0.0,0,1,0,0.7291062,2.199857
2006,597,10.86647,9.673194,5.332719,0.0169014,9.337853,0.0,0,0,0,0.7454126,2.199935
2006,598,11.26894,10.87237,5.723585,0.1158537,10.73707,0.0,0,1,0,0.7454126,2.199935
2006,599,10.90685,10.45901,5.31812,0.226601,10.52366,0.0,0,1,0,0.7454126,2.199935
2006,600,10.58532,10.71642,5.739793,0.1102362,9.674452,0.0,0,1,0,0.7384313,2.194699
2006,601,10.45363,10.811,4.787492,0.175,9.552155,0.0,0,1,0,0.7384313,2.194699
2006,602,9.204322,8.9384,4.70048,0.0793651,8.48198,0.0,0,1,0,0.7384313,2.194699
2006,603,9.560997,8.147577,4.787492,0.1,8.942461,0.0,0,0,0,0.786009,2.200005
2006,604,11.4745,10.40943,5.192957,0.2666667,11.20662,0.0,0,0,0,0.786009,2.200005
2006,605,12.54258,12.79371,6.363028,0.3791667,11.5599,0.0159223,1,1,0,0.7492873,2.260428
2006,606,10.61177,10.37723,5.598422,0.0014035,10.18735,0.0,0,1,0,0.750146,2.266179
2006,607,8.460835,6.39693,3.871201,0.047619,8.388223,0.0,0,0,0,0.7601433,2.178537
2006,608,10.79027,10.77332,5.075174,0.4117647,9.433244,0.0,0,1,0,0.7182728,2.202309
2006,609,12.91214,11.53832,6.886532,0.049672,11.23087,0.0,0,1,0,0.7182728,2.202309
2006,610,9.803226,8.959183,4.779123,0.2066116,9.116689,0.0,0,1,0,0.7986647,2.210595
2006,611,8.98532,8.493105,4.553877,0.1826923,7.828835,0.0,0,1,1,0.7946823,2.216004
2006,612,9.617804,6.137727,2.833213,0.2,9.444859,0.0,0,0,0,0.7946823,2.216004
2006,613,9.592946,8.620472,3.401197,0.4102564,9.417517,0.0,0,1,0,0.7986647,2.210595
2006,614,10.88787,11.06744,5.298317,0.4536586,9.800624,0.0,0,0,0,0.7986647,2.210595
2006,615,12.29264,11.33466,6.726233,0.6997636,11.36323,0.0,0,1,0,0.8009142,2.209376
2006,616,10.216,10.81396,4.382027,0.5,9.012256,0.0,0,1,0,0.8009142,2.209376
2006,617,11.85881,11.49146,5.926926,0.5714286,10.85603,0.0,0,1,0,0.7986647,2.210595
2006,618,9.25407,10.52194,3.610918,0.8536586,8.46168,0.0,0,1,0,0.8009142,2.209376
2006,619,9.330255,7.552762,3.912023,0.125,8.75495,0.0,0,0,0,0.8132919,2.183436
2006,620,8.744328,9.847129,3.663562,0.2083333,8.563504,0.0,0,0,0,0.8140243,2.180884
2006,621,9.328923,6.364751,3.555348,0.0606061,8.277666,0.0,0,1,0,0.825638,2.163359
2006,622,10.83691,9.194211,6.467699,0.0901408,10.21607,0.0,0,0,0,0.825638,2.163359
2006,623,9.058354,8.253748,3.806663,0.2608696,8.705663,0.0,0,0,0,0.825638,2.163359
2006,624,8.776476,7.774015,4.204693,0.2352941,8.032035,0.0,0,0,0,0.8125807,2.179647
2006,625,10.80611,8.370547,4.859812,0.1184211,10.21779,0.0,0,0,0,0.8125807,2.179647
2006,626,9.614204,8.838552,4.248495,0.1803279,8.815667,0.0,0,0,0,0.808503,2.180078
2006,627,11.2964,9.655923,5.484797,0.2615385,10.82259,0.0,1,1,0,0.808503,2.180078
2006,628,9.789591,7.930206,4.382027,0.037037,9.462499,0.0,0,0,0,0.8125807,2.179647
2006,629,10.74188,7.780721,3.295837,0.1351351,10.29167,0.0,0,0,0,0.8140243,2.180884
2006,630,9.399141,9.282103,4.60517,0.3846154,9.159047,0.0,0,1,0,0.8105,2.183943
2006,631,8.54714,8.907207,3.912023,0.32,8.241703,0.0,0,0,0,0.8125807,2.179647
2006,632,10.35003,10.41978,5.768321,0.0702479,10.42996,0.0,0,1,0,0.8227116,2.256414
2006,633,8.679652,8.422442,4.553877,0.0588235,8.075272,0.0,0,0,0,0.808529,2.261388
2006,634,9.260082,6.816736,3.806663,0.2151899,8.313852,0.0,0,0,0,0.7988442,2.285689
2006,635,9.823361,8.429017,4.26268,0.0411765,9.2704,0.0,0,1,0,0.7781744,2.261942
2006,636,10.34194,8.965335,4.70953,0.0777778,10.12013,0.0,1,0,0,0.7781744,2.261942
2006,637,9.368455,8.19864,3.218876,0.15625,8.388678,0.0,0,0,0,0.7737626,2.259329
2006,638,12.02884,11.41681,7.108244,0.2028571,10.80766,0.0,0,1,0,0.801464,2.321788
2006,639,10.38992,7.919356,3.931826,0.15,10.01905,0.0,0,0,1,0.801464,2.321788
2006,640,9.596827,9.186867,5.303305,0.2714286,8.461892,0.0,0,0,1,0.7915871,2.212187
2006,641,8.294049,5.135798,4.65396,0.047619,7.600903,0.0,0,0,0,0.805438,2.21964
2006,642,8.454892,9.542375,4.962845,0.0628571,8.019613,0.0,0,0,1,0.81125,2.188259
2006,643,10.98883,10.45524,5.940171,0.2392776,9.658545,0.0,0,1,0,0.8037381,2.198452
2006,644,9.366489,8.748305,5.659482,0.0179856,9.215726,0.0,0,0,1,0.8200604,2.235051
2006,645,12.4865,12.29353,7.199678,0.2640562,12.04602,0.0,0,1,1,0.7965229,2.302124
2006,646,11.08764,9.266059,4.276666,0.2115385,10.65349,0.0,0,1,0,0.5396929,2.122056
2006,647,10.96985,9.060912,5.075174,0.0,10.4923,0.0,0,1,0,0.5392118,2.116011
2006,648,11.56848,9.732106,5.02388,0.0786517,11.45771,0.0,1,0,0,0.5477713,2.118104
2006,649,13.12227,11.63969,5.70711,0.2857143,11.53704,0.0,0,1,0,0.5429986,2.121951
2006,650,9.852563,7.593878,4.382027,0.0615385,9.281358,0.0,0,0,0,0.5435222,2.113841
2006,651,15.05042,14.77042,7.457609,0.2214082,14.7959,0.0,1,0,0,0.5458704,2.122022
2006,652,10.70943,10.51897,5.129899,0.3186813,10.01976,0.0,0,1,1,0.5489438,2.118877
2006,653,12.77439,12.07529,6.257668,0.3288973,12.55934,0.0,1,1,0,0.5468487,2.118838
2006,654,12.49922,11.6002,6.33328,0.1761281,12.33861,0.0,1,1,0,0.5452058,2.120354
2006,655,12.4608,12.78509,7.31854,0.1876392,12.09335,0.0,0,0,0,0.5469664,2.120234
2006,656,11.55624,12.32327,5.768321,0.4166667,10.6424,0.0,0,0,0,0.5452365,2.122038
2006,657,12.0693,12.69391,5.739793,0.4158076,11.24502,0.0,1,1,1,0.5455988,2.119519
2006,658,10.06578,8.413387,2.995732,0.5,9.46382,0.0,0,0,0,0.5447363,2.119702
2006,659,9.441452,9.802783,3.583519,0.5142857,9.417842,0.0,0,1,0,0.5434676,2.119491
2006,660,9.480673,8.962008,3.637586,0.3076923,5.693732,0.0,0,1,1,0.5446829,2.12328
2006,661,12.07617,9.741439,5.627621,0.1676647,11.90382,0.0,0,0,0,0.5359706,2.117248
2006,662,10.66583,7.53048,3.496508,0.3777778,9.874265,0.0,0,0,0,0.5359706,2.117248
2006,663,11.24984,7.042286,3.89182,0.3553719,11.05301,0.0,1,0,1,0.5437521,2.117713
2006,664,11.61248,9.799349,5.501258,0.09,9.311904,0.0,0,0,0,0.5445602,2.118798
2006,665,9.710509,9.110299,4.49981,0.0909091,8.965079,0.0,0,0,0,0.5451792,2.120089
2006,666,9.058004,7.546446,3.637586,0.3333333,7.212295,0.0,0,1,0,0.5446651,2.120178
2006,667,10.53439,7.687997,4.744932,0.3055556,10.05234,0.0,0,1,0,0.5415825,2.118283
2006,668,9.853667,7.408531,3.688879,0.22,9.535318,0.0,0,0,0,0.5446829,2.12328
2006,669,9.892073,8.027476,4.553877,0.06,9.706316,0.0,0,0,0,0.5422251,2.120777
2006,670,11.34557,8.733916,5.257495,0.0555556,11.10905,0.0,0,0,1,0.5448028,2.121078
2006,671,8.464425,8.494129,3.610918,0.109375,7.722678,0.0,0,0,0,0.546006,2.119864
2006,672,9.273597,7.126891,3.688879,1.0,8.721113,0.0,0,0,0,0.5442526,2.119671
2006,673,12.81588,11.35071,5.631212,0.1013699,12.73568,0.0,1,1,0,0.5417492,2.119956
2006,674,11.98752,9.522593,5.105946,0.4196429,11.59643,0.0,0,1,1,0.5433571,2.119471
2006,675,8.448057,5.594711,3.258096,0.3076923,8.172447,0.0,0,0,1,0.5434067,2.119423
2006,676,11.67095,10.24601,5.659482,0.2690058,11.23712,0.0,0,0,0,0.5415825,2.118283
2006,677,9.527338,8.649274,4.248495,0.5510204,8.838841,0.0,0,0,1,0.5382438,2.120964
2006,678,9.425613,8.139732,4.465908,0.4731183,8.157371,0.0,0,0,1,0.5433571,2.119471
2006,679,10.90191,8.711608,4.406719,0.104,10.69188,0.0,1,0,0,0.537473,2.119026
2006,680,10.96899,10.32026,5.749393,0.1639871,10.2797,0.0,1,0,0,0.5427051,2.119463
2006,681,10.94185,9.20954,4.94876,0.3829787,9.810659,0.0,0,0,0,0.5434676,2.119491
2006,682,9.696341,8.1545,4.174387,0.1284404,9.434204,0.0,0,1,0,0.5436258,2.115186
2006,683,10.73446,10.73944,5.786897,0.1010638,10.26162,0.0,1,1,1,0.5427133,2.117858
2006,684,9.161466,5.998937,4.59512,0.0648148,8.722417,0.0,0,0,0,0.5445567,2.118802
2006,685,9.063348,8.160233,3.951244,0.2333333,8.718336,0.0,1,1,1,0.5421325,2.117334
2006,686,10.43034,7.053586,4.779123,0.0392157,9.486,1.0,1,0,0,0.5437521,2.117713
2006,687,9.015298,7.119636,3.988984,0.0535714,8.343316,0.0,0,1,0,0.5461573,2.117988
2006,688,9.846917,8.652773,3.828641,0.5483871,6.911747,0.0,0,1,0,0.5461573,2.117988
2006,689,9.25913,8.334231,3.258096,0.2962963,8.828347,0.0,0,0,0,0.5468487,2.118838
2006,690,10.35574,9.813946,4.727388,0.1300813,10.2263,0.0,1,0,0,0.5461573,2.117988
2006,691,9.965993,8.670258,4.744932,0.0692308,9.458684,0.0,0,0,0,0.546051,2.117243
2006,692,11.845,10.61673,3.912023,0.1290323,11.13814,0.0,0,0,0,0.5468487,2.118838
2006,693,9.227198,9.595603,4.691348,0.3302752,8.425077,0.0,0,0,0,0.5468487,2.118838
2006,694,11.5838,11.29369,5.407172,0.1650485,10.73598,0.7,1,1,0,0.5477713,2.118104
2006,695,8.676587,6.413459,3.295837,0.0333333,8.130942,0.0,0,0,0,0.5461193,2.11913
2006,696,9.50301,7.090077,3.688879,0.1111111,9.135185,0.0,0,0,0,0.546671,2.119616
2006,697,10.15086,9.770584,4.836282,0.0884354,9.715651,0.0,0,0,0,0.5469664,2.120234
2006,698,11.56406,8.959826,5.236442,0.1380753,11.30038,0.0,0,0,0,0.5455449,2.121301
2006,699,11.35721,11.44545,6.018593,0.2786517,10.47534,0.0,0,1,0,0.5477713,2.118104
2006,700,8.732143,8.741137,3.988984,0.0526316,8.085486,0.0,0,0,0,0.5472621,2.118393
2006,701,10.84453,8.431635,5.075174,0.3333333,9.974691,0.9,0,0,0,0.5461193,2.11913
2006,702,9.106756,8.485703,4.127134,0.6363636,5.968708,0.0,0,1,1,0.5446829,2.12328
2006,703,11.99167,11.02159,5.135798,0.4761905,11.67039,0.0,0,1,0,0.5418351,2.119006
2006,704,9.375092,8.207402,3.688879,0.0,9.044404,0.0,0,0,0,0.5426598,2.12058
2006,705,8.842316,6.363028,3.610918,0.0,8.079618,0.0,0,0,0,0.5426598,2.12058
2006,706,8.954157,7.349874,3.401197,0.0333333,8.569596,0.0,0,0,0,0.5415825,2.118283
2006,707,11.47294,7.01661,4.158883,0.0333333,11.29781,0.0,0,0,0,0.5415825,2.118283
2006,708,10.76849,8.371473,4.174387,0.0714286,10.53657,0.0,0,0,0,0.5435795,2.12057
2006,709,10.17329,9.231515,4.454347,0.1875,9.645235,0.0,0,0,0,0.5427051,2.119463
2006,710,11.49571,10.5623,5.541264,0.1626016,11.05684,0.0,0,1,0,0.5409428,2.118506
2006,711,10.24402,9.186663,4.394449,0.09,9.817222,0.0,0,0,0,0.5415825,2.118283
2006,712,9.193194,6.672033,3.332205,0.0740741,8.502688,0.0,0,1,0,0.5441057,2.118047
2006,713,9.936245,8.236156,4.094345,0.1,8.588024,0.0,0,0,0,0.5446794,2.116924
2006,714,10.59563,8.968268,4.025352,0.0172414,9.389574,0.0,0,0,0,0.5446794,2.116924
2006,715,11.01106,9.455793,4.60517,0.1,10.5043,0.0,0,0,0,0.5427051,2.119463
2006,716,12.10544,9.903487,5.416101,0.1227273,11.45609,0.0,0,1,0,0.5415825,2.118283
2006,717,8.805225,7.567863,3.218876,0.2,7.876259,0.0,0,0,0,0.5426598,2.12058
2006,718,9.239122,7.910591,3.912023,0.1333333,8.671801,0.0,0,0,0,0.5426598,2.12058
2006,719,10.68077,8.861067,4.584968,0.31,9.696279,0.0,0,1,0,0.5417492,2.119956
2006,720,8.972971,7.871693,3.688879,0.05,8.714403,0.0,0,1,0,0.5461193,2.11913
2006,721,10.70712,9.478457,5.26269,0.0540541,10.09794,0.0,1,0,0,0.5471253,2.118764
2006,722,9.43628,8.132413,4.41884,0.0666667,9.054505,0.0,0,0,0,0.5472335,2.119967
2006,723,10.01811,7.996654,4.454347,0.0149254,9.607572,0.0,0,0,0,0.5469664,2.120234
2006,724,9.901986,9.33662,5.288267,0.0141844,9.657331,0.0,0,0,0,0.5477713,2.118104
2006,725,11.20088,10.16516,5.327876,0.1386555,11.0337,0.0,0,0,0,0.5461193,2.11913
2006,726,10.33689,9.356343,5.075174,0.0153846,9.695355,0.0,0,0,0,0.5494024,2.117785
2006,727,11.62778,10.43603,5.303305,0.0359712,11.41381,0.0,0,0,0,0.5461193,2.11913
2006,728,10.56103,8.196712,3.73767,0.0,10.34216,0.0,0,0,0,0.5489438,2.118877
2006,729,8.920656,9.512813,4.189655,0.0285714,8.601534,0.0,0,0,0,0.5481636,2.120305
2006,730,9.370672,8.14584,3.218876,0.0,9.076352,0.0,0,0,0,0.5478541,2.123933
2006,731,8.876964,7.980708,3.931826,0.0,8.481152,0.0,0,0,0,0.5494024,2.117785
2006,732,8.987197,9.497022,4.382027,0.025,7.498316,0.0,0,0,0,0.5494024,2.117785
2006,733,11.54151,8.604288,4.812184,0.0990991,11.2367,0.0,0,0,0,0.5461193,2.11913
2006,734,11.27258,8.33663,4.70048,0.079646,11.03471,0.0,0,0,0,0.5461193,2.11913
2006,735,9.745781,8.542276,4.317488,0.0958904,9.401787,0.0,0,0,0,0.5471253,2.118764
2006,736,9.783972,7.489971,4.59512,0.0,7.627544,0.0,0,0,0,0.5469664,2.120234
2006,737,11.66638,9.142704,5.135798,0.3668639,11.22512,0.0,0,0,0,0.5448875,2.124516
2006,738,10.00111,9.438272,4.49981,0.1111111,9.636719,0.0,1,0,0,0.5448875,2.124516
2006,739,10.95846,8.888895,4.624973,0.0891089,10.60824,0.0,0,1,0,0.5467609,2.122084
2006,740,9.905635,10.48038,4.41884,0.98,7.927324,0.0,0,0,0,0.5454349,2.12212
2006,741,8.97803,8.476371,4.127134,0.0,8.650499,0.0,0,0,0,0.5467609,2.122084
2006,742,10.23867,9.578657,4.70048,0.1044776,9.773664,0.0,0,0,0,0.5448875,2.124516
2006,743,10.22045,8.283241,4.60517,0.06,9.680719,0.0,0,1,0,0.5467609,2.122084
2006,744,9.442087,6.052089,3.401197,0.34375,7.850103,0.0,0,0,0,0.5467609,2.122084
2006,745,8.653471,5.521461,3.496508,0.0,8.165079,0.0,0,0,0,0.5467609,2.122084
2006,746,9.21144,7.195187,3.218876,0.0833333,8.882253,0.0,0,0,0,0.5467758,2.122161
2006,747,10.29045,7.954372,4.110874,0.0655738,9.954228,0.0,0,0,0,0.5446829,2.12328
2006,748,9.159047,6.948897,3.912023,0.0222222,8.407155,0.0,0,0,0,0.5442826,2.12144
2006,749,8.841014,6.872128,3.135494,0.0869565,8.627302,0.0,0,0,0,0.5467609,2.122084
2006,750,9.223355,8.377932,4.343805,0.012987,7.856319,0.0,0,0,0,0.5467609,2.122084
2006,751,10.44514,8.266935,5.273,0.0153846,9.221379,0.0,0,0,0,0.5454625,2.121932
2006,752,10.5317,7.296413,4.158883,0.0,10.31148,0.0,0,0,0,0.5467609,2.122084
2006,753,9.36452,6.629363,2.639057,0.5333334,9.051462,0.0,0,0,0,0.5446829,2.12328
2006,754,8.933533,7.546446,3.401197,0.05,8.073403,0.0,0,0,0,0.5446829,2.12328
2006,755,8.869961,7.173192,4.488636,0.0882353,8.27614,0.0,0,0,0,0.5458704,2.122022
2006,756,12.71568,10.83628,5.303305,0.125,12.61099,0.0,0,0,0,0.5455567,2.123727
2006,757,9.500769,7.451241,4.060443,0.0263158,9.128805,0.0,0,0,0,0.5455567,2.123727
2006,758,11.1013,8.137396,4.59512,0.0206186,10.93141,0.0,0,0,0,0.5446829,2.12328
2006,759,12.03592,11.54407,6.43294,0.1724138,11.72599,0.0,1,1,0,0.5448875,2.124516
2006,760,9.653358,8.061802,3.850147,0.0,8.922392,0.0,0,0,0,0.5448875,2.124516
2006,761,11.56189,10.88129,5.056246,0.1391304,10.98834,0.0,0,0,0,0.5482268,2.115191
2006,762,9.958922,7.68708,4.442651,0.0224719,9.551729,0.0,0,0,0,0.546051,2.117243
2006,763,9.457981,9.042986,4.465908,0.0789474,8.925188,0.0,0,0,0,0.546051,2.117243
2006,764,9.342684,8.83142,4.094345,0.0,8.91355,0.0,0,1,0,0.5458201,2.115527
2006,765,10.64994,9.484633,4.454347,0.0,10.37705,0.0,0,0,0,0.5458201,2.115527
2006,766,9.030855,7.415175,3.401197,0.1,6.575076,0.0,0,1,0,0.5486423,2.1172
2006,767,10.10275,8.61722,4.158883,0.0869565,9.300273,0.0,0,0,0,0.5473627,2.114906
2006,768,11.16689,10.011,5.049856,0.0,10.85673,0.0,0,1,0,0.5471422,2.114463
2006,769,8.997643,6.926577,3.610918,0.0,8.868273,0.0,0,0,0,0.5471422,2.114463
2006,770,10.73878,8.66285,4.584968,0.0101523,10.28807,0.0,1,0,0,0.5471422,2.114463
2006,771,9.909321,5.877736,3.78419,0.0638298,9.647498,0.0,0,0,0,0.5471422,2.114463
2006,772,11.57945,11.46709,6.278522,0.011257,11.0657,0.0,0,1,0,0.5471422,2.114463
2006,773,9.993557,8.22121,3.332205,0.08,9.752839,0.0,0,1,0,0.5482268,2.115191
2006,774,8.788746,6.721426,4.043051,0.0,8.209309,0.0,0,0,0,0.549164,2.116799
2006,775,10.74721,10.67297,5.288267,0.0,9.38118,0.0,0,0,0,0.549164,2.116799
2006,776,11.59822,9.655154,5.361292,0.0375587,11.1433,0.0,0,0,0,0.5468701,2.116794
2006,777,9.336267,8.153925,3.555348,0.7142857,8.920389,0.0,0,0,0,0.5476145,2.116975
2006,778,9.38656,8.445697,3.496508,0.0,9.023167,0.0,0,0,0,0.5468701,2.116794
2006,779,8.722254,6.887553,1.791759,0.0,8.583543,0.0,0,0,0,0.5471422,2.114463
2006,780,9.800403,6.888573,4.060443,0.0,9.633384,0.0,0,0,0,0.5473627,2.114906
2006,781,10.70356,9.439386,4.382027,0.0421053,10.50449,0.0,0,1,0,0.5448875,2.124516
2006,782,8.915969,7.265429,3.583519,0.2,7.8144,0.0,0,0,0,0.5467609,2.122084
2006,783,10.858,8.991438,4.882802,0.1666667,10.60745,0.0,1,0,0,0.5435795,2.12057
2006,784,13.55468,13.14284,6.94119,0.1634712,13.1598,0.0,0,1,0,0.5455567,2.123727
2006,785,9.661098,6.380123,2.890372,0.2307692,9.514363,0.0,0,0,0,0.5448875,2.124516
2006,786,8.45084,6.549651,4.127134,0.0769231,7.632885,0.0,0,1,0,0.5386024,2.123055
2006,787,8.717682,8.868554,3.610918,0.1052632,8.258163,0.0,0,0,0,0.5448875,2.124516
2006,788,9.25913,8.802672,4.356709,0.025641,8.735043,0.0,0,0,0,0.5455567,2.123727
2006,789,9.954893,8.5413,3.044523,0.4782609,9.530901,0.0,0,0,0,0.5454349,2.12212
2006,790,9.143987,7.906916,4.510859,0.3,8.761237,0.0,0,0,0,0.5446829,2.12328
2006,791,10.34003,11.07773,5.135798,0.2711111,9.402448,0.0,0,1,0,0.5454349,2.12212
2006,792,9.011889,7.46164,3.806663,0.0227273,8.636397,0.0,0,0,0,0.5418383,2.122146
2006,793,9.365633,7.541152,4.060443,0.0526316,8.887515,0.0,0,0,0,0.5422425,2.124309
2006,794,9.648918,8.125631,4.094345,0.0428571,9.163144,0.0,0,0,0,0.5419296,2.122308
2006,795,9.577065,7.968319,4.26268,0.0571429,9.207437,0.0,0,0,0,0.5425629,2.125134
2006,796,9.077951,7.337588,4.234107,0.0454545,8.671115,0.0,0,0,0,0.5429986,2.121951
2006,797,9.47501,7.751475,4.976734,0.0206897,9.068777,0.0,0,0,0,0.5425629,2.125134
2006,798,10.4801,8.133588,3.295837,0.0,10.36725,0.0,0,0,0,0.539483,2.126862
2006,799,8.906936,8.296547,3.135494,0.0,8.521185,0.0,0,0,0,0.5416874,2.126676
2006,800,10.25481,9.291828,4.488636,0.0625,9.969088,0.0,0,0,1,0.5429986,2.121951
2006,801,12.06086,10.40985,6.44572,0.102489,11.77755,0.0,0,0,0,0.5429986,2.121951
2006,802,10.85178,9.460476,5.866468,0.0321716,9.75771,0.0,0,0,0,0.5429512,2.123272
2006,803,8.557759,10.76699,5.662961,0.8518519,6.565265,0.0,0,1,0,0.5440542,2.11924
2006,804,8.922658,7.857481,4.276666,0.0,7.96137,0.0,0,0,0,0.5405811,2.126082
2006,805,9.263312,4.510859,2.484907,0.2666667,8.940368,0.0,0,1,1,0.5435269,2.122478
2006,806,8.895493,7.711549,3.850147,0.3191489,8.540128,0.0,0,0,0,0.5396929,2.122056
2006,807,9.039552,7.374002,3.295837,0.0,8.895493,0.0,0,0,0,0.5392414,2.124635
2006,808,8.865735,8.478453,4.094345,0.0163934,8.240649,0.0,0,0,0,0.5396929,2.122056
2006,809,9.137016,7.762596,3.688879,0.0,8.78309,0.0,0,0,0,0.5401549,2.123049
2006,810,8.935904,7.779048,3.912023,0.0,8.392083,0.0,0,0,0,0.54,2.1244
2006,811,9.597642,8.742893,3.555348,0.05,9.069007,0.0,0,0,0,0.54,2.1244
2006,812,11.58471,9.786954,4.510859,0.0,11.42083,0.0,0,0,0,0.5392414,2.124635
2006,813,8.903815,7.750615,3.135494,0.0,8.647344,0.0,0,0,0,0.539371,2.118795
2006,814,10.69964,10.67332,5.429346,0.2388664,10.14191,0.0,0,0,0,0.5507016,2.121629
2006,815,10.7579,8.486734,4.553877,0.0333333,10.1774,0.0,0,1,0,0.5392414,2.124635
2006,816,9.595263,8.232174,3.295837,0.0652174,9.330166,0.0,0,1,0,0.5507016,2.121629
2006,817,10.12262,9.823903,4.890349,0.05,9.671177,0.0,1,0,0,0.540407,2.119577
2006,818,12.83174,10.91509,5.908083,0.3714286,12.30777,0.0,0,0,0,0.5507016,2.121629
2006,819,10.90154,7.917172,3.401197,0.0333333,10.38329,0.0,0,0,0,0.5386024,2.123055
2006,820,11.28773,9.228475,4.077538,0.0707965,11.10556,0.0,1,1,0,0.5396929,2.122056
2006,821,9.170976,7.727535,3.806663,0.1111111,8.307459,0.0,0,0,0,0.5390642,2.121755
2006,822,11.46117,10.7972,5.659482,0.1162791,11.01184,0.0,0,1,0,0.5387149,2.124598
2006,823,10.90998,9.834298,5.030438,0.0196078,10.83595,0.0,0,0,0,0.5387149,2.124598
2006,824,10.45317,8.696677,4.836282,0.0,9.922113,0.0,0,0,0,0.542515,2.11656
2006,825,10.21064,7.090077,3.951244,0.0,9.87858,0.0,0,0,0,0.5411054,2.114427
2006,826,9.74771,6.60123,4.094345,0.0333333,9.497772,0.0,0,0,0,0.5404022,2.116023
2006,827,9.558671,8.93406,4.564348,0.0083333,9.003193,0.0,0,0,0,0.5437595,2.113879
2006,828,8.823501,7.618251,3.637586,0.0,8.60557,0.0,0,0,0,0.542515,2.11656
2006,829,9.222466,4.060443,2.70805,0.0,9.056023,0.0,0,0,0,0.542515,2.11656
2006,830,8.970178,9.163459,4.919981,0.009009,7.107426,0.0,0,0,0,0.5400025,2.116638
2006,831,9.656819,10.05788,4.983607,0.0654762,8.997766,0.0,0,1,0,0.5390679,2.1121
2006,832,11.0846,9.239511,4.882802,0.0,10.8931,0.0,0,0,0,0.5390679,2.1121
2006,833,10.11225,7.612831,3.663562,0.1891892,10.03316,0.0,0,0,0,0.5393483,2.11494
2006,834,9.343822,8.598405,4.382027,0.2391304,8.79255,0.0,0,0,0,0.5376803,2.11692
2006,835,10.28127,10.30189,5.347107,0.0761905,9.967495,0.0,0,0,0,0.538448,2.117742
2006,836,9.350971,7.600903,3.912023,0.0,8.560253,0.0,0,0,0,0.536383,2.117579
2006,837,9.586582,8.473451,3.332205,0.0,9.42835,0.0,0,0,0,0.5380498,2.115958
2006,838,8.738255,8.894258,4.890349,0.1416667,8.140607,0.0,0,0,0,0.538448,2.117742
2006,839,9.556127,8.121778,3.713572,0.0,8.269757,0.0,0,0,0,0.536383,2.117579
2006,840,10.8866,8.924257,4.317488,0.0133333,10.5912,0.0,0,0,0,0.5369642,2.118333
2006,841,9.249081,7.968319,3.526361,0.0,6.817831,0.0,0,0,0,0.545684,2.123894
2006,842,10.16269,7.159292,4.094345,0.1298701,9.955368,0.0,0,0,0,0.5435222,2.113841
2006,843,10.88929,9.919902,5.087596,0.1230769,10.37726,0.0,0,0,0,0.5436258,2.115186
2006,844,9.10498,6.142037,3.610918,0.0,8.432071,0.0,0,0,0,0.5419664,2.111682
2006,845,10.04633,7.004882,3.78419,0.0322581,9.69326,0.0,0,0,0,0.5455059,2.113264
2006,846,9.946164,7.760467,3.465736,0.0625,9.383033,0.0,0,0,0,0.5455059,2.113264
2006,847,10.02393,10.135,5.463832,0.044898,9.211639,0.0,0,1,0,0.5455059,2.113264
2006,848,11.64503,7.751905,4.49981,0.0777778,11.26635,0.0,0,0,0,0.5440874,2.116594
2006,849,10.31228,8.34593,3.555348,0.0810811,9.951181,0.0,0,0,0,0.5435222,2.113841
2006,850,10.09712,9.772809,5.01728,0.0055249,9.152923,0.0,0,0,0,0.5411952,2.112617
2006,851,9.375092,6.575076,3.135494,0.0555556,9.066124,0.0,0,0,0,0.5408479,2.113229
2006,852,11.02442,11.71971,5.998937,0.0276817,10.89249,0.0,0,1,0,0.5419664,2.111682
2006,853,10.76069,6.774224,4.70048,0.1181818,9.804496,0.0,0,0,0,0.5440874,2.116594
2006,854,9.372629,8.445268,2.639057,0.2307692,9.046527,0.0,0,1,0,0.5435222,2.113841
2006,855,9.576371,9.176991,4.248495,0.0,8.780941,0.0,0,0,0,0.5501706,2.124479
2006,856,11.42377,11.17657,5.655992,0.2572347,9.41426,0.0,0,1,0,0.5453086,2.118828
2006,857,12.19754,11.62362,5.857933,0.0913349,11.99493,0.0,0,1,0,0.5452058,2.120354
2006,858,11.86469,10.24934,5.459586,0.0266667,11.47535,0.0,0,0,0,0.5359706,2.117248
2006,859,10.89472,8.196712,4.644391,0.3152174,10.19705,0.0,0,0,0,0.5369642,2.118333
2006,860,13.24954,11.92667,6.865891,0.122449,12.84842,0.0,1,1,0,0.5764299,2.068215
2006,861,13.24564,11.48709,7.101676,0.3938893,12.58177,0.6,0,1,1,0.6040288,2.080822
2006,862,11.87214,10.74869,6.214608,0.1941177,11.1822,0.5099882,1,0,1,0.5798507,2.102441
2006,863,11.28099,10.75407,5.267858,0.2680412,9.365547,0.0,0,1,0,0.5599715,2.073381
2006,864,12.6235,12.08397,6.35437,0.122807,12.06774,0.0,0,1,1,0.5480229,2.111524
2006,865,12.63935,11.22904,6.884487,0.1103516,11.86312,0.0,0,0,0,0.5554039,2.123315
2006,866,10.40426,9.97618,4.49981,0.5365854,9.781885,0.0,0,1,0,0.5599715,2.073381
2006,867,9.978595,8.443977,4.382027,0.1764706,9.533365,0.0,1,1,0,0.546147,2.100876
2006,868,12.71015,10.40244,5.010635,0.09,12.21744,0.0,0,0,0,0.546147,2.100876
2006,869,13.017,11.69525,7.090077,0.1423002,12.58142,0.0,0,1,0,0.5798507,2.102441
2006,870,10.52218,9.818474,4.812184,0.6511628,10.25414,0.0,1,1,0,0.5599715,2.073381
2006,871,10.10152,10.26778,6.222576,0.0732648,9.583971,0.0,0,0,0,0.5599715,2.073381
2006,872,10.6516,8.943898,3.258096,0.2833333,10.20511,0.0,0,0,0,0.5599715,2.073381
2006,873,13.57732,13.62752,7.813187,0.1721854,13.37343,0.0559781,1,0,1,0.5599715,2.073381
2006,874,10.53049,8.058328,4.394449,0.1973684,10.03495,0.0,0,0,0,0.5599715,2.073381
2006,875,9.554639,9.583076,4.682131,0.4897959,8.970432,0.0,0,1,1,0.5599715,2.073381
2006,876,13.46983,11.95064,5.123964,0.1647059,13.2747,0.0,0,0,0,0.5599715,2.073381
2006,877,9.597642,6.690842,3.135494,0.3913043,8.727941,0.0,0,1,0,0.5599715,2.073381
2006,878,10.70302,7.467371,4.174387,0.15,10.47433,0.0,0,0,0,0.5581912,2.074149
2006,879,10.79138,8.733916,4.276666,0.1515152,10.47881,0.0,1,1,0,0.5599715,2.073381
2006,880,10.32351,7.819636,3.218876,0.12,9.960293,0.0,0,0,0,0.5599715,2.073381
2006,881,11.05279,9.784929,4.962845,0.2076923,10.59633,0.0,0,1,0,0.5599715,2.073381
2006,882,9.633645,8.354674,4.127134,0.0,9.433484,0.0,0,1,0,0.5599715,2.073381
2006,883,9.392662,6.131227,3.401197,0.0,9.18697,0.0,0,0,0,0.5599715,2.073381
2006,884,10.11253,7.705263,3.988984,0.1311475,9.308918,0.0,0,0,0,0.5599715,2.073381
2006,885,10.41121,8.306472,3.806663,0.1891892,10.22698,0.0,0,1,0,0.5599715,2.073381
2006,886,10.28432,8.388223,4.663439,0.0163934,10.0792,0.0,0,0,0,0.5599715,2.073381
2006,887,9.566615,8.024207,5.02388,0.0641026,9.268515,0.0,0,0,0,0.5599715,2.073381
2006,888,10.42822,9.118225,4.564348,0.0705882,10.18422,0.0,0,0,0,0.5599715,2.073381
2006,889,10.91999,9.596962,5.929589,0.1098901,10.37287,0.0,0,1,1,0.5581912,2.074149
2006,890,11.74831,10.14714,5.736572,0.3214286,11.08854,0.0,1,1,0,0.5581912,2.074149
2006,891,11.60824,9.802009,5.703783,0.0526316,11.19939,0.25,0,0,0,0.5581912,2.074149
2006,892,10.03056,8.452548,3.688879,0.039604,9.850614,0.0,1,0,0,0.5581912,2.074149
2006,893,10.94482,11.38509,5.963579,0.1693405,10.4607,0.0,0,0,0,0.5596642,2.07046
2006,894,10.39207,8.245384,4.744932,0.3214286,9.815421,0.0,0,0,0,0.5596642,2.07046
2006,895,12.94223,11.15925,5.799093,0.2126866,12.11032,0.0,0,1,0,0.5596642,2.07046
2006,896,11.72812,11.20561,6.304449,0.3047809,11.06191,0.0,1,1,1,0.5599715,2.073381
2006,897,11.02533,9.522227,4.60517,0.1,10.26291,0.0,0,0,0,0.5647763,2.074203
2006,898,11.08904,11.49822,5.159055,0.2428571,10.62225,1.0,0,1,0,0.5647763,2.074203
2006,899,10.22991,6.165418,3.465736,0.0,9.591103,0.0,0,1,0,0.5647763,2.074203
2006,900,11.85033,9.581903,4.60517,0.28,11.31203,0.0,1,0,0,0.5647763,2.074203
2006,901,9.936439,8.18535,2.995732,0.2,9.848503,0.0,0,1,0,0.5647763,2.074203
2006,902,10.44173,7.021084,3.912023,0.075,9.852194,0.0,0,0,0,0.5647763,2.074203
2006,903,10.54218,9.018575,4.867535,0.088,10.03473,0.0,0,0,0,0.5526533,2.077439
2006,904,10.75492,8.760923,4.382027,0.0,10.45467,0.0,0,1,0,0.5526533,2.077439
2006,905,10.40335,5.991465,3.931826,0.5166667,9.937889,0.0,0,0,0,0.5470228,2.075067
2006,906,12.35013,9.585346,4.564348,0.1866667,11.88763,0.0,0,1,0,0.5470228,2.075067
2006,907,15.00332,13.2503,8.308446,0.3055281,14.64259,0.0,1,1,1,0.5470228,2.075067
2006,908,11.17857,8.020927,3.258096,0.2307692,10.30156,0.0,0,0,0,0.5470228,2.075067
2006,909,11.95819,8.162802,4.442651,0.2319588,11.27253,0.0,0,1,0,0.5470228,2.075067
2006,910,10.45045,7.12206,3.218876,0.0434783,9.705524,0.0,0,1,0,0.5470228,2.075067
2006,911,13.00773,13.20053,5.993961,0.1536697,12.52089,0.0,1,1,1,0.5511837,2.099694
2006,912,9.815203,6.54535,3.828641,0.1086956,9.666498,0.0,0,0,0,0.5511837,2.099694
2006,913,11.10736,11.0021,5.411646,0.1715481,10.69928,0.0,0,1,0,0.5511837,2.099694
2006,914,12.05047,8.405368,3.951244,0.0862069,11.80956,0.0,0,0,0,0.5511837,2.099694
2006,915,13.49382,12.36635,6.689599,0.152231,13.29168,0.0,0,0,0,0.5511837,2.099694
2006,916,11.3255,10.85228,6.487684,0.2092366,10.44479,0.0,0,1,0,0.5511837,2.099694
2006,917,9.683776,7.217443,3.433987,0.0322581,9.547455,0.0,0,0,0,0.5511837,2.099694
2006,918,8.557375,5.135798,2.302585,0.2857143,8.271293,0.0,0,0,0,0.5511837,2.099694
2006,919,9.885629,7.921535,3.526361,0.1428571,9.59199,0.0,0,0,0,0.5511837,2.099694
2006,920,9.374668,6.79794,2.772589,0.0625,9.162095,0.0,0,0,0,0.5511837,2.099694
2006,921,12.95543,12.37023,7.126891,0.2386364,12.20218,0.0,0,1,0,0.5511837,2.099694
2006,922,10.22194,4.770685,2.079442,0.0,10.24853,0.0,0,0,0,0.5511837,2.099694
2006,923,13.31332,11.45984,4.70953,0.2028985,12.77172,0.0,0,1,0,0.5511837,2.099694
2006,924,10.22738,7.333023,3.583519,0.0,9.893437,0.0,0,0,0,0.5513932,2.100636
2006,925,11.47637,9.669915,4.882802,0.0472973,11.36216,0.0,0,0,0,0.5513932,2.100636
2006,926,10.38003,7.88307,3.367296,0.0689655,10.21475,0.0,0,0,0,0.5513932,2.100636
2006,927,9.638219,8.508152,4.094345,0.0833333,9.12913,0.0,0,0,0,0.5513932,2.100636
2006,928,10.55524,10.10859,6.086775,0.0560538,10.40341,0.0,1,1,0,0.5513932,2.100636
2006,929,9.014325,6.109248,3.688879,0.0652174,8.485909,0.0,0,0,0,0.5984036,2.045369
2006,930,12.40312,11.78055,6.918695,0.4024664,10.94807,0.0,1,1,0,0.5984036,2.045369
2006,931,13.06656,10.76219,5.416101,0.4818182,12.69204,0.0,0,0,0,0.5984036,2.045369
2006,932,8.558335,8.468843,3.465736,0.125,7.950502,0.0,0,0,0,0.5984036,2.045369
2006,933,9.2956,7.892826,3.401197,0.0537634,8.916908,0.0,1,0,0,0.5984036,2.045369
2006,934,9.916404,9.658226,4.867535,0.1,9.472705,0.0,0,1,0,0.6057479,2.034979
2006,935,8.455317,7.863267,2.564949,0.3636364,8.318742,0.0,0,0,0,0.5984036,2.045369
2006,936,10.89061,10.10234,4.382027,0.127907,10.73339,0.0,0,0,0,0.6062402,2.040948
2006,937,9.981374,8.598405,4.812184,0.0396825,9.668398,0.0,0,0,0,0.6062402,2.040948
2006,938,10.75875,9.830916,5.438079,0.0181818,10.40366,0.0,0,0,0,0.5984036,2.045369
2006,939,10.04863,9.919509,5.247024,0.2947368,9.097843,0.0,0,0,0,0.5984036,2.045369
2006,940,9.132379,7.649693,4.248495,0.0447761,8.759355,0.0,0,0,0,0.5923647,2.058459
2006,941,10.28192,8.184235,5.347107,0.0086957,9.745254,0.0,0,0,0,0.5923647,2.058459
2006,942,13.01765,12.04402,6.489205,0.0339257,12.32903,0.0,0,1,0,0.6001018,2.06567
2006,943,12.97849,12.1941,7.183112,0.2521428,12.39466,0.0,1,1,0,0.6001018,2.06567
2006,944,10.13062,8.665613,5.010635,0.0933333,9.590146,0.0,0,1,0,0.6001018,2.06567
2006,945,11.4773,9.614071,5.010635,0.2333333,11.08214,0.0,0,1,0,0.6001018,2.06567
2006,946,12.73943,11.5934,7.293018,0.0598639,12.3743,0.0,1,1,0,0.6001018,2.06567
2006,947,10.68373,8.513186,4.007333,0.1666667,10.23218,0.0,0,0,0,0.6001018,2.06567
2006,948,12.25848,10.46167,6.040255,0.1154734,11.98816,0.0,1,1,0,0.5554214,2.093943
2006,949,12.71626,11.79109,6.809039,0.1696535,11.534,0.0,1,1,0,0.5554214,2.093943
2006,950,12.75101,10.2084,5.783825,0.1491228,12.62551,0.0,0,1,0,0.5554214,2.093943
2006,951,10.65018,8.922658,5.47227,0.12,10.19167,0.0,0,0,0,0.5554214,2.093943
2006,952,9.905485,8.311399,3.663562,0.06,9.448569,0.0,0,1,0,0.5554214,2.093943
2006,953,9.194211,7.600903,3.091043,0.1818182,9.017968,0.0,1,0,0,0.5554214,2.093943
2006,954,10.44027,8.605204,4.127134,0.0,10.10724,0.0,0,0,0,0.5554214,2.093943
2006,955,7.874739,8.294049,3.526361,0.05,7.272398,0.0,0,0,0,0.5554214,2.093943
2006,956,9.382611,7.154615,3.688879,0.025,9.003316,0.0,0,0,0,0.5554214,2.093943
2006,957,8.847935,8.517193,3.73767,0.0816327,8.349957,0.0,0,0,0,0.5554214,2.093943
2006,958,10.3936,7.799753,3.688879,0.025,10.01324,0.0,0,0,0,0.5554214,2.093943
2006,959,8.753056,8.070906,2.70805,0.0,8.3163,0.0,0,0,0,0.5554214,2.093943
2006,960,8.306472,8.937219,2.890372,0.0526316,7.590852,0.0,0,0,0,0.5554214,2.093943
2006,961,11.20027,9.054855,4.025352,0.1463415,10.73182,0.0,0,1,0,0.5554214,2.093943
2006,962,10.78994,9.848503,4.905275,0.0444444,10.48821,0.0,1,0,0,0.5554214,2.093943
2006,963,10.40487,7.319865,3.401197,0.1142857,9.931589,0.0,1,0,0,0.5541892,2.087028
2006,964,10.11739,7.843849,4.219508,0.075,9.550378,0.0,0,1,0,0.5541892,2.087028
2006,965,10.20359,6.234411,3.401197,0.1,9.947983,0.0,0,0,0,0.5541892,2.087028
2006,966,12.80072,10.30293,5.768321,0.0960265,12.48139,0.0,1,1,0,0.5541892,2.087028
2006,967,10.40184,9.102756,5.298317,0.0392157,9.859013,0.0,0,1,0,0.5541892,2.087028
2006,968,10.79549,8.964439,4.343805,0.1944444,10.46196,0.3005894,1,1,0,0.5541892,2.087028
2006,969,10.70099,8.748305,4.442651,0.0309278,10.30561,0.0,0,1,0,0.5541892,2.087028
2006,970,10.14761,7.222566,3.806663,0.05,9.576371,0.0,0,0,0,0.5541892,2.087028
2006,971,11.06053,8.49699,3.806663,0.1111111,10.69716,0.0,1,0,0,0.5541892,2.087028
2006,972,10.389,4.382027,3.465736,0.0,10.17122,0.0,0,1,0,0.5541892,2.087028
2006,973,13.60253,8.987197,4.219508,0.0294118,13.4239,0.0,0,0,0,0.5541892,2.087028
2006,974,11.59146,7.489971,3.951244,0.1777778,11.298,0.4901961,0,0,0,0.5541892,2.087028
2006,975,11.53957,9.900985,4.624973,0.005618,11.20844,0.0,0,1,0,0.5541892,2.087028
2006,976,9.792556,7.138867,3.806663,0.1176471,9.627075,0.0,0,0,0,0.5541892,2.087028
2006,977,9.468851,7.414573,3.433987,0.0,9.250523,0.0,0,1,0,0.5541892,2.087028
2006,978,9.572898,8.349957,4.094345,0.0,9.316501,0.0,1,1,0,0.5554214,2.093943
2006,979,10.55867,7.824046,3.871201,0.0465116,10.27229,0.0,0,1,0,0.5541892,2.087028
2006,980,10.66383,8.939843,3.806663,0.5,10.18829,0.0,0,0,0,0.5541892,2.087028
2006,981,10.97951,9.21034,4.330733,0.0181818,10.68212,0.0,0,0,0,0.5541892,2.087028
2006,982,10.24779,7.185387,4.094345,0.04,9.715349,0.0,0,0,0,0.5541892,2.087028
2006,983,10.42822,9.084777,4.828314,0.0491803,10.14996,0.0,0,0,0,0.5541892,2.087028
2006,984,11.53762,9.277064,4.110874,0.328,10.79115,0.0,0,1,0,0.5599715,2.073381
2006,985,10.7579,8.95157,3.583519,0.0952381,10.30862,0.0,1,0,0,0.5554214,2.093943
2006,986,9.738613,8.476371,4.219508,0.0384615,9.254357,0.0,1,1,0,0.5488014,2.085424
2006,987,10.76891,8.396154,3.970292,0.0588235,10.50095,0.0,0,1,0,0.5488014,2.085424
2006,988,9.568015,7.495542,3.828641,0.0149254,9.181941,0.0,0,1,0,0.5488014,2.085424
2006,989,10.14996,8.597851,5.030438,0.0261438,9.861624,0.0,0,1,0,0.5488014,2.085424
2006,990,11.17521,9.11052,4.025352,0.1111111,10.98563,0.0,0,1,0,0.5488014,2.085424
2006,991,10.47954,8.313852,3.713572,0.0697674,10.10316,0.0,1,0,0,0.5488014,2.085424
2006,992,11.80223,10.31095,4.762174,0.0588235,11.30319,0.0,0,0,0,0.5488014,2.085424
2006,993,10.65302,7.673223,4.934474,0.0294118,10.36028,0.0,0,1,0,0.5488014,2.085424
2006,994,10.94182,8.788746,4.477337,0.0285714,10.7485,0.0,0,1,0,0.5488014,2.085424
2006,995,11.8685,9.66396,5.049856,0.3090909,11.43529,0.0,0,1,0,0.5488014,2.085424
2006,996,11.68511,10.5623,5.963579,0.15,11.24387,0.4963821,0,1,0,0.5488014,2.085424
2006,997,11.06115,7.930206,5.030438,0.0108696,10.79385,0.0,0,1,0,0.5554214,2.093943
2006,998,13.85925,12.6096,6.911747,0.2522523,13.56666,0.0,1,1,1,0.5554214,2.093943
2006,999,11.8494,9.740969,5.010635,0.3877551,11.43009,0.0,0,0,0,0.5554214,2.093943
2006,1000,11.28953,11.90788,6.001415,0.1454082,10.99523,0.0,1,1,0,0.5565419,2.104094
2006,1001,14.21563,14.55112,8.310906,0.1441133,13.59714,0.223798,1,1,0,0.5526052,2.120192
2006,1002,11.423,10.98002,4.941642,0.144,11.06764,0.0,1,1,0,0.5526052,2.120192
2006,1003,11.3027,10.93925,5.552959,0.2119816,10.10135,0.0,0,1,0,0.5526052,2.120192
2006,1004,10.35233,9.982391,4.744932,0.2255639,9.992963,0.0,0,1,0,0.5526052,2.120192
2006,1005,13.13419,12.61258,7.003066,0.1184379,12.71939,0.0,1,0,0,0.5526052,2.120192
2006,1006,9.555347,8.552367,4.248495,0.25,8.879473,0.0,0,0,0,0.546147,2.100876
2006,1007,11.46866,10.35265,4.304065,0.0394737,11.10455,0.0,0,1,0,0.5526052,2.120192
2006,1008,9.01918,5.638355,3.401197,0.3125,8.926784,0.0,0,0,0,0.5526052,2.120192
2006,1009,10.49016,6.05444,3.555348,0.1153846,10.07555,0.0,0,0,0,0.546147,2.100876
2006,1010,10.56204,8.849801,5.393628,0.0129032,10.02655,0.0,0,0,0,0.546147,2.100876
2006,1011,9.977202,6.668228,3.401197,0.32,9.839962,0.0,0,0,0,0.5491172,2.11373
2006,1012,10.53049,8.988696,4.510859,0.032967,9.908226,0.0,0,1,0,0.5491172,2.11373
2006,1013,10.55347,7.937375,3.713572,0.1086956,10.17172,0.0,0,1,0,0.5491172,2.11373
2006,1014,12.10116,10.55064,5.463832,0.0526316,11.934,0.0,0,1,0,0.5491172,2.11373
2006,1015,10.69376,9.148465,5.17615,0.1032609,10.48791,0.0,0,1,0,0.5491172,2.11373
2006,1016,10.53715,7.779048,3.401197,0.0,10.38115,0.0,0,0,0,0.5491172,2.11373
2006,1017,9.625756,7.300473,3.496508,0.1290323,9.229554,0.0,0,0,0,0.5491172,2.11373
2006,1018,9.254357,8.388451,3.526361,0.0105263,8.514791,0.0,0,0,0,0.5491172,2.11373
2006,1019,9.466532,8.584852,4.61512,0.0086957,8.705331,0.0,0,0,0,0.5480229,2.111524
2006,1020,9.834673,9.204322,4.248495,0.0769231,9.439068,0.0,0,1,0,0.5480229,2.111524
2006,1021,9.344872,8.580731,3.178054,0.0153846,8.884472,0.0,0,1,0,0.5480229,2.111524
2006,1022,9.125872,7.735434,5.313206,0.0108108,8.408717,0.0,0,1,0,0.5480229,2.111524
2006,1023,10.02615,7.851272,3.258096,0.0,9.370502,0.0,0,0,0,0.5480229,2.111524
2006,1024,11.71079,9.213634,5.634789,0.025,11.59417,0.0,0,1,0,0.5480229,2.111524
2006,1025,10.18565,8.751158,5.384495,0.1170732,9.741028,0.0,1,0,0,0.5480229,2.111524
2006,1026,7.926602,8.584852,1.94591,0.0,6.886532,0.0,0,1,0,0.5480229,2.111524
2006,1027,10.011,8.658345,4.406719,0.1752577,9.75719,0.0,0,0,0,0.5526052,2.120192
2006,1028,10.18112,8.445482,3.912023,0.0862069,9.707047,0.0,0,0,0,0.5480229,2.111524
2006,1029,9.963641,8.981808,4.248495,0.1230769,9.278279,0.0,0,1,0,0.5480229,2.111524
2006,1030,10.04194,6.302619,2.995732,0.0,9.607168,0.0,0,0,0,0.5480229,2.111524
2006,1031,9.791438,6.529419,2.484907,0.0,9.390576,0.0,0,1,0,0.5480229,2.111524
2006,1032,10.87294,9.402117,5.135798,0.072,10.46487,0.0,0,1,0,0.546147,2.100876
2006,1033,9.543951,7.688456,3.367296,0.0,9.166493,0.0,0,0,0,0.546147,2.100876
2006,1034,11.19616,11.01022,6.751101,0.0187431,10.61177,0.0,0,0,0,0.546147,2.100876
2006,1035,10.2559,9.352448,4.094345,0.0316456,10.11196,0.0,0,0,0,0.546147,2.100876
2006,1036,15.4043,13.99783,7.989561,0.1623377,15.04503,0.0,0,1,0,0.546147,2.100876
2006,1037,9.673446,7.354362,4.174387,0.0230769,9.305651,0.0,0,0,0,0.546147,2.100876
2006,1038,9.754407,5.768321,3.806663,0.0147059,9.451324,0.0,0,0,0,0.546147,2.100876
2006,1039,10.86857,9.321613,4.736198,0.0714286,10.53033,0.0,1,0,0,0.546147,2.100876
2006,1040,10.32022,9.059634,5.501258,0.0109091,9.841825,0.0,0,0,0,0.546147,2.100876
2006,1041,10.44232,8.670773,4.465908,0.0114943,9.629379,0.0,0,0,0,0.546147,2.100876
2006,1042,9.446202,7.853993,3.218876,0.1212121,9.194719,0.0,0,0,0,0.546147,2.100876
2006,1043,10.9682,9.458762,5.030438,0.1111111,10.42487,0.0,0,1,0,0.5442984,2.105652
2006,1044,10.86952,9.699718,4.727388,0.1090047,10.22016,0.0,1,1,0,0.5442984,2.105652
2006,1045,12.90027,11.1416,7.052721,0.0195925,12.35491,0.0,1,1,0,0.5442984,2.105652
2006,1046,11.17801,11.08328,5.47227,0.0,10.6353,0.0,1,1,0,0.5442984,2.105652
2006,1047,11.47626,9.393661,5.010635,0.0,11.26473,0.0,0,0,0,0.5442984,2.105652
2006,1048,11.26421,9.667892,5.17615,0.0711111,10.93461,0.0,0,1,0,0.5442984,2.105652
2006,1049,9.427868,8.51459,4.077538,0.0727273,8.838117,0.0,0,0,0,0.5442984,2.105652
2006,1050,9.629708,8.876823,3.988984,0.1090909,9.52252,0.0,0,0,0,0.5442984,2.105652
2006,1051,11.87144,10.77466,5.087596,0.1,11.43132,0.0,0,0,0,0.5442984,2.105652
2006,1052,10.12383,8.295049,3.806663,0.015873,9.873132,0.0,0,0,0,0.5442984,2.105652
2006,1053,10.23207,8.987197,4.836282,0.0333333,9.664278,0.0,0,1,0,0.5442984,2.105652
2006,1054,11.74729,10.29809,5.662961,0.046875,11.26128,0.0,1,0,0,0.5442984,2.105652
2006,1055,12.3331,11.70805,4.510859,0.0891089,12.16592,0.0,0,1,0,0.5442984,2.105652
2006,1056,9.642772,10.12747,4.905275,0.0452962,8.364974,0.0,0,1,0,0.5442984,2.105652
2006,1057,9.617138,8.070906,3.295837,0.1176471,9.359966,0.0,0,0,0,0.5442984,2.105652
2006,1058,13.28681,12.27721,6.768493,0.129001,12.93992,0.0,1,1,1,0.5583954,2.11
2006,1059,10.69217,8.823501,5.480639,0.0478873,10.39965,0.0,0,0,0,0.5583954,2.11
2006,1060,10.34035,9.028818,4.143135,0.2323232,10.20548,0.0,0,1,0,0.5583954,2.11
2006,1061,9.21034,8.006368,4.49981,0.0932203,8.914626,0.0,0,0,0,0.5583954,2.11
2006,1062,12.25969,11.70447,6.954639,0.1338854,11.36242,0.0,1,1,1,0.5583954,2.11
2006,1063,14.45793,14.10949,7.696667,0.1659007,14.19455,0.0,1,1,1,0.5583954,2.11
2006,1064,10.28688,10.13206,5.575949,0.0419162,9.931686,0.0,1,0,0,0.5583954,2.11
2006,1065,9.446755,9.904537,2.890372,0.25,8.71899,0.0,0,1,0,0.5583954,2.11
2006,1066,11.68724,10.11346,5.645447,0.1468531,10.96968,0.4,0,0,0,0.5583954,2.11
2006,1067,8.99999,7.541152,2.70805,0.0,8.439015,0.0,0,1,0,0.5652912,2.104164
2006,1068,9.887206,8.109526,3.663562,0.0789474,9.597166,0.0,0,0,0,0.5652912,2.104164
2006,1069,11.42584,7.21524,3.465736,0.0116279,11.09486,0.0,0,0,0,0.5583954,2.11
2006,1070,10.48291,7.878534,4.317488,0.05,10.02074,0.0,0,0,0,0.5600936,2.113122
2006,1071,12.30763,10.31609,4.912655,0.2058824,11.96979,0.0,1,0,0,0.5554039,2.123315
2006,1072,10.80588,8.492901,3.555348,0.1428571,10.23268,0.0,0,0,0,0.5600936,2.113122
2006,1073,9.312265,7.659643,3.7612,0.0232558,9.071308,0.0,0,0,0,0.5652912,2.104164
2006,1074,10.82868,9.125436,4.454347,0.1868132,10.31301,0.0,0,0,0,0.5652912,2.104164
2006,1075,9.721966,7.25982,2.70805,0.0714286,9.419952,0.0,0,0,0,0.5652912,2.104164
2006,1076,9.439625,6.398595,3.688879,0.8333333,8.738575,0.0,0,1,0,0.5583954,2.11
2006,1077,8.998384,8.074961,3.401197,0.0789474,8.470521,0.0,0,0,0,0.5583954,2.11
2006,1078,10.23688,7.616283,3.871201,0.25,9.843313,0.0,1,0,0,0.5583954,2.11
2006,1079,10.2552,8.870663,4.488636,0.0246914,9.933095,0.0,0,1,0,0.5600936,2.113122
2006,1080,10.31923,8.509161,2.995732,0.1,10.02968,0.0,1,0,0,0.5652912,2.104164
2006,1081,9.461099,6.708084,3.135494,0.1666667,9.22513,0.0,0,0,0,0.5583954,2.11
2006,1082,9.953278,8.684909,4.553877,0.05,9.388487,0.0,1,1,0,0.5682338,2.102403
2006,1083,9.392745,6.892642,4.174387,0.2769231,9.040145,0.0,0,0,0,0.5682338,2.102403
2006,1084,9.44169,6.588926,4.276666,0.025974,8.679312,0.0,0,0,0,0.5682338,2.102403
2006,1085,10.30732,8.427706,2.995732,0.18,10.01896,0.0,0,0,0,0.5682338,2.102403
2006,1086,13.25011,11.83078,5.758902,0.0820896,12.77722,0.4205973,1,0,0,0.5682338,2.102403
2006,1087,9.435002,6.553934,3.258096,0.0769231,9.088964,0.0,0,0,0,0.5682338,2.102403
2006,1088,9.886138,6.957498,3.332205,0.1290323,9.500843,0.0,0,1,0,0.5682338,2.102403
2006,1089,9.971474,7.686621,3.610918,0.1086956,9.75771,0.0,0,0,0,0.5682338,2.102403
2006,1090,9.723344,8.156797,3.332205,0.5,9.459074,0.0,0,1,0,0.5682338,2.102403
2006,1091,10.05359,8.113726,3.637586,0.0263158,9.697754,0.0,0,0,0,0.5682338,2.102403
2006,1092,11.92874,10.34869,4.718499,0.025641,11.58567,0.0,0,1,0,0.5682338,2.102403
2006,1093,10.01838,8.403577,4.394449,0.0833333,9.677715,0.2003635,0,1,0,0.5682338,2.102403
2006,1094,11.99024,9.939964,5.204007,0.1375,11.63727,0.0,0,1,0,0.5682338,2.102403
2006,1095,12.65151,10.17371,4.553877,0.1866667,12.28181,0.2777625,1,1,0,0.5682338,2.102403
2006,1096,10.54621,8.241966,4.174387,0.0769231,10.22828,0.0,0,0,0,0.5682338,2.102403
2006,1097,9.614672,8.492491,4.29046,0.0762712,9.067509,0.0,0,0,0,0.5652912,2.104164
2006,1098,9.650529,7.851661,4.127134,0.0638298,9.373224,0.0,0,1,0,0.5652912,2.104164
2006,1099,9.253495,8.299783,2.302585,0.047619,8.918784,0.0,0,1,0,0.5652912,2.104164
2006,1100,10.59901,8.242756,3.367296,0.0172414,9.976971,0.0,0,1,0,0.5652912,2.104164
2006,1101,10.00713,7.686162,2.995732,0.0322581,9.633514,0.0,0,0,0,0.5652912,2.104164
2006,1102,8.75558,6.833032,2.890372,0.0952381,8.365672,0.0,0,0,0,0.5652912,2.104164
2006,1103,13.03911,11.97641,6.96508,0.2552719,12.61425,0.0310378,1,1,0,0.5644743,2.115112
2006,1104,8.903815,7.824046,3.044523,0.0,8.393895,0.0,0,1,0,0.5644743,2.115112
2006,1105,8.547723,7.487734,4.406719,0.1011236,7.684784,0.0,0,0,0,0.5644743,2.115112
2006,1106,11.10345,8.286269,4.718499,0.0754717,10.7729,0.0,0,0,0,0.5644743,2.115112
2006,1107,10.99707,8.250098,4.543295,0.1411765,10.54366,0.0,1,0,0,0.5644743,2.115112
2006,1108,10.44278,6.919684,2.890372,0.1666667,10.16389,0.0,0,0,0,0.5644743,2.115112
2006,1109,8.879473,8.506536,3.688879,0.1,8.404696,0.0,0,0,0,0.5644743,2.115112
2006,1110,10.45766,7.069024,2.639057,0.0833333,10.10479,0.0,0,0,0,0.5644743,2.115112
2006,1111,8.719971,8.402455,3.401197,0.1666667,8.292548,0.0,0,0,0,0.5644743,2.115112
2006,1112,10.0485,7.641084,2.995732,0.0588235,9.85964,0.0,0,1,0,0.5644743,2.115112
2006,1113,12.41471,9.903487,5.768321,0.0110497,12.00605,0.0,1,0,0,0.5644743,2.115112
2006,1114,10.8251,7.583248,3.713572,0.0576923,10.45889,0.0,0,1,0,0.5644743,2.115112
2006,1115,10.31745,8.571681,3.828641,0.0762712,9.677778,0.0,0,1,0,0.5644743,2.115112
2006,1116,9.395989,6.633318,2.70805,0.0,9.094817,0.0,0,1,0,0.5644743,2.115112
2006,1117,10.60948,9.403849,3.332205,0.0,10.34245,0.0,0,0,0,0.5644743,2.115112
2006,1118,9.877657,6.751101,3.401197,0.1666667,9.56381,0.0,0,0,0,0.5644743,2.115112
2006,1119,9.092233,5.303305,3.091043,0.0,8.135054,0.0,0,0,0,0.5644743,2.115112
2006,1120,9.208339,7.824046,3.73767,0.0714286,8.767952,0.0,0,0,0,0.5600936,2.113122
2006,1121,9.734359,8.199739,3.850147,0.0727273,9.495444,0.0,0,1,0,0.5600936,2.113122
2006,1122,11.10946,10.80973,4.70048,0.0825688,10.9055,0.0,0,1,0,0.5583954,2.11
2006,1123,11.83109,9.267666,4.219508,0.0294118,11.51544,0.0,0,0,0,0.5600936,2.113122
2006,1124,9.420601,7.943073,3.951244,0.0,8.681011,0.0,0,1,0,0.5568909,2.114819
2006,1125,12.80609,10.40611,5.351858,0.027027,12.51957,0.0,1,1,0,0.5568909,2.114819
2006,1126,12.98645,10.83585,6.013715,0.1761658,12.58574,0.2504855,0,1,0,0.5568909,2.114819
2006,1127,11.52129,8.603371,4.158883,0.1296296,11.17212,0.0,0,0,0,0.5568909,2.114819
2006,1128,10.44616,8.268219,3.713572,0.037037,10.16354,0.0,1,1,0,0.5568909,2.114819
2006,1129,12.18081,9.59832,4.867535,0.0296296,11.80689,0.0,1,1,0,0.5568909,2.114819
2006,1130,12.16619,8.242756,4.317488,0.0,11.83167,0.0,0,0,0,0.5568909,2.114819
2006,1131,9.41979,7.772753,3.688879,0.625,8.853237,0.0,0,0,0,0.5554039,2.123315
2006,1132,8.525162,7.313221,3.806663,0.0,8.10772,0.0,0,0,0,0.5554039,2.123315
2006,1133,10.92522,9.091557,4.382027,0.0,10.67058,0.0,0,1,0,0.5554039,2.123315
2006,1134,9.798127,8.594154,3.178054,0.0540541,9.327767,0.0,0,1,0,0.5568909,2.114819
2006,1135,8.438799,6.363028,3.367296,0.0810811,7.773594,0.0,0,0,0,0.6040288,2.080822
2006,1136,14.06005,11.89489,7.633853,0.3958678,12.56079,0.0,0,1,0,0.6040288,2.080822
2006,1137,13.69594,13.42244,7.37149,0.1593317,13.28244,0.3835538,1,1,1,0.6040288,2.080822
2006,1138,8.873468,6.692084,3.091043,0.0454545,8.476788,0.0,0,0,0,0.6040288,2.080822
2006,1139,10.14239,7.961021,2.70805,0.25,9.842516,0.0,0,0,0,0.6040288,2.080822
2006,1140,8.241703,7.528332,2.772589,0.0909091,7.937017,0.0,0,0,0,0.6040288,2.080822
2006,1141,9.996249,7.225482,5.062595,0.3,9.305651,0.0,0,0,0,0.6083048,2.07913
2006,1142,9.684149,9.918967,5.123964,0.075,9.275754,0.0,0,1,0,0.6029415,2.072823
2006,1143,10.15658,9.903487,5.049856,0.0388889,9.786954,0.0,0,0,0,0.6029415,2.072823
2006,1144,10.45377,8.390949,3.583519,0.0666667,10.0866,0.0,0,0,0,0.6029415,2.072823
2006,1145,8.953898,8.24591,4.382027,0.0537634,8.417594,0.0,0,1,0,0.6029415,2.072823
2006,1146,10.5034,8.27614,3.828641,0.3030303,10.06561,0.0,0,0,1,0.6029415,2.072823
2006,1147,11.04379,9.312265,6.214608,0.026,10.56228,0.0,0,0,0,0.5990494,2.08134
2006,1148,9.412464,6.40688,3.555348,0.0789474,8.924124,0.0,0,0,0,0.5990494,2.08134
2006,1149,12.10237,11.53029,6.440947,0.246238,11.27148,0.0,1,1,0,0.5859815,2.077486
2006,1150,10.42401,9.979939,5.308268,0.124424,10.52409,0.0,0,1,0,0.5889788,2.071758
2006,1151,11.85651,11.29999,7.003066,0.2768595,11.52385,0.0,0,1,0,0.5897956,2.081492
2006,1152,10.19783,8.194506,4.442651,0.0892857,9.96604,0.0,0,0,0,0.5844061,2.063293
2006,1153,11.53384,9.977759,6.248043,0.0243902,11.22255,0.0,0,0,0,0.5844061,2.063293
2006,1154,9.207335,7.901007,4.442651,0.0823529,8.692825,0.0,0,1,0,0.5813168,2.074732
2006,1155,10.37349,7.897296,4.990433,0.0,10.15491,0.0,0,0,0,0.5870492,2.07646
2006,1156,10.87597,10.10688,4.934474,0.3584906,9.711116,0.0,0,0,0,0.5820813,2.097093
2006,1157,10.04845,10.63321,5.220356,0.2537313,9.500843,0.0,0,1,0,0.5820813,2.097093
2006,1158,11.41421,8.691483,5.192957,0.2,11.20309,0.0,0,0,0,0.5820813,2.097093
2006,1159,11.53654,8.34284,5.247024,0.2230769,11.23361,0.0,0,0,0,0.5820813,2.097093
2006,1160,11.24844,9.317399,5.337538,0.0462963,10.6423,0.0,0,1,0,0.5820813,2.097093
2006,1161,12.93724,9.952278,5.953243,0.2805555,12.3729,0.0,0,0,0,0.5820813,2.097093
2006,1162,9.20934,6.55108,3.912023,0.0,8.842171,0.0,0,0,0,0.5820813,2.097093
2006,1163,10.51867,7.141245,3.871201,0.1538462,10.06599,0.0,0,0,0,0.5820813,2.097093
2006,1164,10.24281,8.542861,4.369448,0.038961,9.689551,0.0,1,0,0,0.5820813,2.097093
2006,1165,11.91505,9.82347,4.836282,0.1470588,11.27715,0.0,0,0,0,0.5820813,2.097093
2006,1166,12.72159,8.922658,4.867535,0.0692308,12.33717,0.0,0,1,0,0.5820813,2.097093
2006,1167,10.75214,11.06147,5.634789,0.0240385,10.50479,0.0,0,1,0,0.5937262,2.091271
2006,1168,9.92818,7.999679,4.787492,0.1916667,9.650529,0.0,0,0,0,0.5937262,2.091271
2006,1169,10.38992,8.931155,4.094345,0.0153846,7.967973,0.0,0,0,0,0.5898288,2.090922
2006,1170,10.55294,7.313221,4.94876,0.0882353,8.610683,0.0,0,0,0,0.5898288,2.090922
2006,1171,10.27505,9.730621,4.941642,0.0944882,9.57408,0.0,0,1,0,0.5899562,2.098881
2006,1172,10.43264,8.870944,5.762052,0.0172414,9.211639,0.0,1,1,0,0.5842909,2.090873
2006,1173,10.39605,8.058328,6.063785,0.027907,6.659294,0.0,1,1,0,0.5842909,2.090873
2006,1174,13.52845,12.08751,7.865955,0.1549296,12.89296,0.0,1,1,0,0.5842909,2.090873
2006,1175,8.943768,7.34601,4.521789,0.0181818,8.12415,0.0,1,1,0,0.5842909,2.090873
2006,1176,9.392662,7.003066,3.688879,0.075,9.064157,0.0,0,0,0,0.5798507,2.102441
2006,1177,10.06476,7.528332,4.094345,0.0,9.716556,0.0,0,0,0,0.5798507,2.102441
2006,1178,12.35354,10.31294,6.272877,0.04811,12.08256,0.1038798,1,1,0,0.5798507,2.102441
2006,1179,10.67429,9.632335,5.686975,0.034965,10.4391,0.0,0,0,0,0.5798507,2.102441
2006,1180,12.59642,11.26446,6.733402,0.1180328,12.22803,0.0,1,1,0,0.5798507,2.102441
2006,1181,10.26291,8.216088,4.248495,0.18,9.977992,0.0,0,0,0,0.5798507,2.102441
2006,1182,10.32843,8.529121,4.382027,0.0377358,10.05724,0.0,1,0,0,0.5798507,2.102441
2006,1183,12.95984,11.32164,7.026427,0.0543478,12.61616,0.1243942,1,1,0,0.5798507,2.102441
2006,1184,10.78915,8.294049,4.934474,0.0337838,10.67787,0.0,0,1,0,0.565635,2.08415
2006,1185,13.29465,12.27356,7.052721,0.2794562,12.56339,0.0,1,1,0,0.565635,2.08415
2006,1186,14.92042,13.8746,8.033334,0.275395,14.4712,0.0,1,1,0,0.565635,2.08415
2006,1187,9.914082,8.420021,4.094345,0.1492537,9.612065,0.0,0,0,0,0.5590324,2.099072
2006,1188,9.153876,8.255829,3.988984,0.25,8.79179,0.0,0,1,0,0.5590324,2.099072
2006,1189,11.37733,9.126741,4.85203,0.12,11.03806,0.0,1,1,0,0.5665863,2.086873
2006,1190,13.65299,12.52355,7.17012,0.3330899,13.11481,0.0,0,1,0,0.5617028,2.094758
2006,1191,11.26241,8.431635,4.584968,0.04,10.96329,0.0,0,0,0,0.5617028,2.094758
2006,1192,8.216088,8.585226,3.7612,0.22,7.493317,0.0,1,1,0,0.5617028,2.094758
2006,1193,10.32489,6.447306,2.890372,0.1176471,9.927155,0.0,0,0,0,0.5665863,2.086873
2006,1194,12.03763,8.875846,4.369448,0.0555556,11.77569,0.0,1,1,0,0.5675951,2.096652
2006,1195,11.06723,9.904537,4.787492,0.2195122,10.61266,0.346875,1,1,0,0.5665863,2.086873
2006,1196,11.46268,9.815311,5.062595,0.05,10.92219,0.0,1,0,0,0.5665863,2.086873
2006,1197,10.57804,7.629004,3.401197,0.0909091,10.28309,0.0,1,0,0,0.5665863,2.086873
2006,1198,10.13218,7.840313,4.248495,0.0,9.734536,0.0,0,0,0,0.5665863,2.086873
2006,1199,10.70212,7.233455,4.174387,0.0,10.4299,0.0,0,0,0,0.5665863,2.086873
2006,1200,10.98363,8.329175,3.806663,0.0454545,10.74398,0.0,1,0,0,0.5665863,2.086873
