id,t,time,educ,exper,score,motheduc,fatheduc,broken,sibs,wage
916,5,6,12,8,0.63,15,10,1,4,13.07
668,6,7,16,7,1.38,12,10,0,1,27.11
61,11,14,17,11,1.15,10,16,0,1,25.79
1972,4,12,9,14,-0.78,10,11,1,3,6.69
18,1,0,12,3,0.83,12,16,0,1,14.3
145,12,12,12,14,0.38,12,12,0,1,5.26
2176,6,10,12,9,-1.79,4,6,0,6,9.97
1645,7,13,15,8,0.53,12,12,0,3,17.29
1851,12,14,12,15,0.51,6,12,0,0,10.49
1982,10,10,11,12,-1.89,3,8,0,3,13.46
212,5,6,12,10,-2.31,8,4,0,10,1.82
1243,2,2,11,5,-1.95,15,18,1,2,9.97
1160,6,9,9,10,0.04,12,12,1,3,5.21
299,5,12,15,8,1.08,12,12,0,3,18.17
1344,8,11,12,12,1.1,8,7,1,3,6.36
1280,5,5,9,7,-0.13,11,10,0,1,6.3
428,6,12,15,10,-0.09,10,20,0,3,18.36
1917,2,5,10,4,0.08,14,15,0,3,11.59
153,4,13,18,11,1.02,16,16,0,2,46.53
687,1,0,13,2,1.32,12,12,0,2,7.54
2046,6,13,12,12,-0.89,13,13,1,2,15.49
635,1,2,11,1,1.31,14,14,0,6,4.9
436,8,13,12,15,-0.82,6,9,0,1,13.87
1510,8,11,15,8,1.07,12,13,0,5,17.46
61,4,7,16,5,1.15,10,16,0,1,26.31
361,6,5,12,10,-0.04,12,16,0,0,10.07
1721,12,11,12,15,0.45,8,8,0,11,14.3
174,6,6,12,8,-1.06,12,12,0,1,24.53
421,6,5,12,9,-0.85,8,8,0,7,11.36
1427,3,2,12,3,-0.1,11,10,1,8,17.46
1837,7,11,12,8,-0.19,12,11,0,3,9.87
897,6,7,10,8,-0.26,7,12,1,1,8.76
1774,4,14,15,13,1.36,8,12,1,1,1.68
1211,6,11,15,5,1.27,12,17,0,4,13.07
886,5,9,15,8,0.55,10,8,0,1,9.97
1265,7,11,12,9,0.11,12,7,0,1,7.32
1658,5,4,12,8,0.42,12,12,0,3,4.14
888,7,13,12,10,-0.57,12,14,0,6,18.54
1085,11,14,12,15,1.05,9,13,0,4,8.17
97,4,9,11,8,-0.14,11,10,0,3,9.39
1702,1,5,12,2,-1.21,5,0,0,3,5.53
596,3,2,12,3,0.38,12,9,0,3,6.05
1486,8,14,16,9,1.24,13,18,0,4,18.54
1589,5,5,10,8,-1.77,11,12,1,7,13.87
1872,2,2,12,3,0.7,11,11,0,2,7.39
275,13,13,12,15,0.19,13,12,1,1,13.07
1176,3,7,12,8,-0.18,12,17,0,6,9.49
1641,3,7,15,5,0.53,19,16,0,2,15.03
1110,9,8,12,13,0.4,11,12,0,3,16.28
1780,11,13,11,17,-2.06,5,0,0,1,15.64
2078,10,14,12,14,-1.18,16,16,0,1,15.33
730,3,13,10,15,-0.4,12,12,0,2,1.36
791,5,10,10,11,0.22,8,7,0,3,8.0
2032,2,7,11,9,-0.97,12,12,0,5,3.67
452,8,12,12,11,0.87,12,14,0,4,13.6
650,11,14,15,12,0.86,14,14,0,2,10.38
1967,14,13,12,16,-1.03,6,14,0,4,6.69
423,2,7,9,7,-0.9,9,12,0,4,5.47
1379,6,10,16,10,-0.08,16,18,0,3,16.61
1888,9,13,10,15,-1.13,12,12,1,4,14.44
1188,14,14,12,17,0.29,12,10,0,3,20.7
1302,7,9,13,8,0.1,9,11,0,6,7.46
1721,10,9,12,13,0.45,8,8,0,11,16.95
1061,3,3,13,5,-1.64,3,1,0,8,14.88
889,7,9,10,10,0.46,12,12,0,5,15.64
895,5,10,12,9,0.0,16,10,0,3,5.16
641,3,10,12,9,-0.81,10,8,1,0,18.17
1877,5,12,9,13,0.13,12,12,0,2,3.06
1050,4,4,13,3,1.02,16,13,0,5,15.33
400,3,5,13,4,0.09,12,12,1,4,13.07
155,9,9,12,14,-0.03,12,10,0,4,10.8
1885,2,5,11,7,-0.55,6,4,0,8,10.49
926,7,9,12,7,-0.36,8,8,0,1,13.46
1464,9,13,11,15,-0.26,12,12,0,3,11.7
309,5,4,13,6,-0.26,12,12,0,3,10.49
1075,3,9,16,6,-1.07,12,12,0,6,11.7
800,3,5,15,6,0.16,14,16,0,1,16.12
823,5,6,15,7,0.65,5,0,1,8,21.98
211,8,14,12,15,0.84,11,8,0,4,8.67
1804,4,4,9,9,-2.49,6,3,0,8,4.85
1451,11,13,12,14,-0.12,12,12,0,1,5.81
422,9,9,11,14,-2.02,9,8,0,6,4.44
353,8,8,12,9,0.39,8,12,0,1,7.17
435,15,14,15,12,1.14,12,12,1,1,18.36
1661,2,6,10,8,-0.41,11,12,0,3,11.36
49,4,9,9,10,0.2,12,12,0,3,4.39
2144,4,7,10,8,0.17,12,12,0,2,4.31
681,6,8,16,7,1.05,16,16,0,5,21.76
2147,6,9,14,4,0.64,20,20,1,2,8.5
751,2,7,12,8,0.03,10,12,0,2,7.92
1005,7,11,16,11,0.95,12,12,0,2,21.76
749,6,6,12,10,-0.25,12,12,0,1,7.85
2031,2,4,14,5,-0.38,12,12,0,5,9.68
470,9,12,13,8,1.0,12,12,1,2,11.25
928,1,3,12,5,-0.76,9,8,1,8,6.17
281,8,12,15,10,1.26,15,18,0,3,3.97
48,6,5,12,7,-0.59,12,14,1,0,5.7
698,12,12,12,16,0.62,12,10,0,1,9.21
1881,2,4,12,5,0.45,3,3,0,8,7.24
384,3,9,10,10,-0.11,11,6,1,3,5.99
521,1,3,11,5,0.73,11,10,0,4,5.42
1535,2,1,12,5,-1.0,12,9,0,1,11.36
34,2,5,14,5,1.17,10,12,0,2,13.87
2036,6,10,12,10,-2.76,0,0,0,5,14.88
481,8,12,16,6,1.77,12,16,0,3,19.11
390,11,13,9,18,-1.46,12,12,1,2,6.23
985,4,8,10,8,-0.53,9,12,0,2,18.17
2086,1,3,12,1,0.58,12,12,0,1,5.31
264,8,14,18,12,1.09,12,12,0,4,17.46
226,11,12,12,14,0.36,12,12,0,2,14.88
780,8,14,17,7,1.03,12,12,0,1,14.01
642,4,7,12,7,0.09,12,16,0,5,4.53
1400,4,5,12,5,0.17,10,12,0,0,5.42
1073,5,7,12,5,-0.73,12,12,0,3,8.41
982,4,10,17,8,0.56,15,16,0,1,16.12
1210,3,8,15,4,1.54,12,17,0,4,19.49
2152,5,8,10,11,-1.31,9,8,1,3,4.66
995,4,9,11,11,-1.29,3,5,1,5,8.33
1637,2,6,12,10,0.74,12,11,0,4,2.89
1616,7,11,12,12,-0.32,18,20,0,3,5.87
2,7,12,15,10,1.5,12,12,0,1,12.81
1671,11,10,14,12,0.61,12,8,0,8,10.8
1966,2,2,12,4,-1.08,9,12,1,8,7.17
1512,10,13,12,18,0.17,12,7,0,2,13.6
1947,10,10,10,15,-2.38,9,6,0,6,5.05
498,5,10,15,6,-0.39,18,14,1,2,20.91
1468,2,1,12,6,-0.21,12,12,0,2,16.78
450,5,4,12,6,0.27,12,14,0,4,8.67
496,5,11,11,11,0.51,13,13,0,5,10.59
714,7,6,12,11,-0.8,12,12,0,2,12.55
348,4,6,15,5,0.94,12,16,1,1,13.6
1084,2,5,12,4,0.92,11,9,0,8,5.37
570,3,3,12,5,0.76,13,13,0,5,8.58
1328,10,10,11,13,-0.92,11,11,0,2,10.7
1171,6,8,16,7,1.09,15,14,0,3,7.92
2008,4,5,12,4,-0.5,8,7,0,5,16.78
1193,3,8,17,4,1.55,12,13,0,2,8.58
346,6,11,17,5,1.19,12,12,0,3,30.27
1239,12,14,10,14,-0.41,10,12,0,4,13.6
931,5,8,12,11,0.44,12,12,0,1,13.74
321,8,14,15,12,1.35,15,16,0,3,25.28
523,1,4,12,2,0.75,12,15,1,1,5.31
1433,7,13,12,17,-2.78,10,9,0,4,15.8
110,1,0,12,2,-0.21,12,12,0,4,10.91
652,9,9,12,10,0.44,12,11,0,0,9.97
322,1,7,15,3,1.36,15,16,0,3,2.83
187,5,10,12,7,0.38,12,16,1,3,5.87
824,1,2,14,1,0.19,5,6,1,8,5.26
10,2,8,11,10,0.26,12,12,0,2,10.91
1927,3,14,10,13,-1.49,2,5,0,8,6.69
1627,8,12,12,11,-1.26,12,14,0,3,10.59
1435,6,7,12,7,0.12,7,10,0,6,12.68
1314,14,14,15,10,1.18,12,12,1,5,29.96
1314,11,11,15,7,1.18,12,12,1,5,16.95
1625,8,14,9,18,-1.21,7,7,0,5,10.59
530,9,13,12,14,0.17,12,12,0,2,11.7
412,8,8,12,13,-1.65,12,12,0,3,11.82
2162,4,10,15,7,0.46,17,16,0,2,14.44
1366,2,2,10,5,-0.57,14,12,1,2,6.49
1812,4,7,12,8,-1.24,0,4,0,9,7.17
279,8,9,12,11,-0.25,14,16,0,3,12.94
1116,3,6,10,6,1.25,12,9,0,3,4.44
1101,5,4,12,6,0.43,12,12,0,2,8.33
1224,3,6,14,5,0.89,12,12,0,1,5.75
1638,9,10,12,14,-0.26,12,12,0,5,14.59
1510,6,9,15,6,1.07,12,13,0,5,16.95
833,2,1,10,5,-0.05,9,7,0,3,9.68
929,9,9,12,12,-0.36,12,15,0,6,18.73
132,1,4,12,2,0.42,8,8,0,4,6.36
485,10,11,12,14,0.53,12,12,0,4,32.79
302,4,7,15,4,1.07,12,13,0,2,9.21
95,3,2,12,5,-0.41,12,12,0,5,11.82
987,5,4,12,5,0.42,12,10,0,4,6.96
1135,11,14,15,16,0.68,16,16,0,2,19.3
680,4,8,15,9,0.47,18,16,0,3,16.28
466,1,2,12,1,0.6,10,12,0,1,7.17
2015,2,3,12,4,-1.06,12,8,0,4,2.89
880,5,14,17,9,1.01,16,17,0,3,21.76
1110,15,14,12,19,0.4,11,12,0,3,15.8
1145,10,10,15,10,0.8,12,12,0,7,42.1
113,1,4,15,5,0.64,12,12,0,3,9.3
1838,5,5,12,5,-0.37,10,10,0,6,11.02
1603,7,6,14,8,-1.5,11,3,0,5,11.59
504,8,13,15,13,-0.22,16,16,1,3,8.85
607,1,6,17,1,1.35,13,17,0,1,5.31
909,5,7,11,8,-0.22,12,12,0,6,7.61
871,3,6,14,2,-0.19,15,16,0,5,11.25
1026,3,3,12,3,0.86,12,12,0,2,9.97
1764,4,11,11,15,-0.32,9,6,1,2,7.1
386,7,11,12,10,-0.31,12,12,0,1,6.89
1023,1,0,12,1,0.53,12,12,0,7,7.92
311,3,2,16,1,0.03,12,12,0,1,6.82
2005,10,14,15,8,0.44,12,12,0,1,23.1
1902,10,14,10,13,-1.99,11,10,0,6,8.0
490,1,1,11,7,-1.33,12,12,0,8,11.36
1605,12,14,16,13,0.77,12,12,1,3,15.33
1680,5,7,12,10,-1.24,12,18,0,6,7.54
1535,9,8,12,12,-1.0,12,9,0,1,19.49
1128,6,9,12,12,-0.69,9,12,1,5,42.1
1892,3,6,11,8,-0.77,12,0,1,4,19.11
1194,4,11,15,6,1.3,12,13,0,2,14.3
680,10,14,15,15,0.47,18,16,0,3,16.78
174,5,4,12,6,-1.06,12,12,0,1,10.07
1516,2,5,12,4,-1.27,10,9,0,6,6.55
1253,3,7,13,4,0.46,14,13,0,2,3.03
1953,9,8,9,15,-1.17,12,7,0,4,8.85
1433,8,14,12,18,-2.78,10,9,0,4,12.3
1966,14,14,12,16,-1.08,9,12,1,8,8.5
98,7,14,11,13,-0.98,12,12,0,2,11.36
889,11,13,10,14,0.46,12,12,0,5,11.13
506,7,8,12,12,-1.96,9,6,0,11,13.2
430,7,8,10,10,-2.27,6,4,1,5,12.81
1715,4,8,15,7,1.38,12,4,0,5,15.18
2053,6,12,11,12,-0.54,3,6,0,7,11.25
234,4,3,12,7,-0.35,8,8,0,1,14.3
1318,1,0,11,1,1.23,12,16,0,1,7.92
2062,2,3,14,4,0.44,12,12,0,1,14.01
1220,2,7,15,2,1.7,12,12,1,1,7.46
404,12,13,13,16,0.95,11,11,0,2,18.36
1744,9,13,12,13,-2.27,9,8,0,1,5.37
535,9,10,16,10,1.11,14,16,0,1,27.66
1257,4,13,17,7,1.22,12,9,0,3,15.64
313,6,5,13,8,0.77,10,12,0,9,20.7
661,14,13,12,17,-0.52,10,11,0,1,9.49
1275,9,9,13,8,0.94,12,12,1,3,8.17
31,4,6,14,4,0.42,11,9,0,2,7.39
1720,4,3,10,6,-1.33,7,7,0,4,8.17
1864,6,9,12,8,-1.29,16,16,1,2,7.61
1929,3,6,12,10,-2.53,3,8,0,2,9.87
774,4,7,11,9,0.0,12,12,0,1,7.1
1427,11,12,12,13,-0.1,11,10,1,8,9.68
66,3,5,12,6,0.77,16,16,0,1,8.85
484,8,10,12,9,-0.27,16,16,0,1,13.74
943,4,5,12,4,-1.39,12,12,0,5,3.74
1870,4,6,12,5,-1.64,6,9,0,2,6.23
761,2,6,12,3,-1.24,12,12,1,2,3.42
1002,3,4,12,5,-0.51,2,16,1,2,8.67
845,5,11,12,10,-0.22,12,5,0,2,8.76
1694,10,11,12,11,0.29,12,12,0,2,7.92
573,2,2,12,3,0.78,12,12,0,2,8.94
519,1,3,11,6,-0.8,12,12,0,0,11.47
1405,2,11,12,11,1.0,12,12,0,3,12.81
1326,6,12,15,10,0.51,14,11,0,6,7.54
2075,6,12,9,12,-1.83,0,0,0,2,19.89
377,9,11,13,13,-0.81,14,9,0,2,15.96
111,8,14,11,14,0.16,12,12,0,3,16.78
388,1,3,12,2,-1.13,13,12,1,2,5.99
720,2,3,12,5,-1.46,12,4,0,3,4.95
1244,3,5,12,3,-0.62,16,16,0,1,3.63
505,10,10,11,14,-1.97,2,2,0,10,26.84
1281,3,6,10,7,0.81,12,13,0,2,9.03
508,7,14,14,13,1.44,12,20,0,3,17.81
1087,8,13,12,16,-1.34,10,8,0,9,8.94
1869,9,9,12,9,0.06,11,12,0,1,10.28
607,4,9,17,4,1.35,13,17,0,1,17.64
435,12,11,15,9,1.14,12,12,1,1,14.15
1249,1,7,9,8,-0.14,9,12,0,3,6.62
1295,10,10,10,15,-1.0,12,7,0,3,17.12
91,13,14,12,16,-0.34,16,13,0,2,8.17
1204,3,11,16,5,1.17,16,15,0,2,10.07
562,10,11,12,10,-0.32,11,16,1,3,15.03
357,13,12,11,17,-1.44,12,7,0,1,7.77
1906,2,9,16,6,-1.09,0,7,0,6,18.73
1240,4,3,12,6,0.4,12,12,0,2,14.88
1620,4,6,12,8,-1.1,12,13,0,3,9.39
2140,2,3,18,2,0.97,16,18,0,1,7.61
1434,5,6,12,6,1.38,12,12,0,2,8.5
1745,3,9,13,5,-0.23,12,11,0,2,3.97
1029,1,2,12,5,0.63,12,19,0,3,15.96
1355,2,1,12,4,0.64,12,16,0,2,6.55
1990,11,14,15,13,0.77,16,17,0,2,17.99
624,8,10,12,9,-0.77,12,12,0,6,7.77
30,1,1,12,2,1.18,12,9,0,1,6.11
1112,3,7,10,14,-0.38,12,12,1,1,3.0
1616,9,13,12,14,-0.32,18,20,0,3,9.68
2070,7,13,16,10,0.84,12,8,0,1,13.87
131,9,8,12,9,-2.01,12,11,0,2,6.23
1295,11,11,10,16,-1.0,12,7,0,3,14.44
889,1,3,10,4,0.46,12,12,0,5,8.58
1189,1,5,12,2,0.15,12,12,0,2,5.26
2155,5,6,15,4,0.88,13,14,0,3,7.77
898,7,9,13,5,-1.92,12,7,0,4,15.64
859,3,10,10,10,-0.7,12,11,0,1,13.87
131,8,7,12,8,-2.01,12,11,0,2,6.05
1584,2,6,13,5,1.09,13,12,0,2,6.49
983,6,9,15,10,1.21,11,16,0,1,19.89
1668,11,10,12,11,-0.44,12,8,0,3,8.0
2089,2,6,12,4,-0.24,12,17,0,3,6.82
1867,4,5,12,6,-0.5,14,16,0,12,6.75
1138,1,3,15,3,0.23,16,18,0,8,8.25
355,3,10,12,9,-0.55,8,5,0,8,7.46
1839,12,13,13,15,0.29,12,12,0,1,11.94
830,7,11,16,6,1.08,12,16,0,1,13.6
718,7,9,13,13,-0.49,12,12,1,3,15.96
253,2,3,12,6,-0.69,8,7,0,4,5.99
907,8,13,14,10,1.11,12,12,0,2,7.54
1280,8,8,9,10,-0.13,11,10,0,1,6.75
637,3,11,17,5,1.55,10,12,0,2,12.81
423,5,10,9,10,-0.9,9,12,0,4,4.31
1987,3,11,12,10,-1.24,5,3,1,3,16.61
1856,5,9,12,11,0.21,7,7,0,2,8.25
747,10,11,15,13,0.91,14,16,0,5,15.8
2125,1,5,15,3,0.25,12,12,1,1,5.64
930,10,12,12,13,0.37,11,11,0,4,13.74
1935,10,11,12,11,0.17,14,18,0,1,6.69
1287,6,11,15,8,-0.04,16,14,1,1,20.91
1767,6,7,13,9,1.31,14,13,0,2,14.15
996,3,12,12,12,-1.08,5,8,0,3,1.46
2148,7,6,12,11,0.95,12,16,0,2,7.46
1991,5,10,17,9,0.6,12,12,0,1,12.94
434,8,7,13,11,0.31,12,10,0,1,8.0
307,7,6,13,4,1.17,12,12,0,6,8.58
742,3,3,12,3,0.84,10,11,0,2,10.07
1449,4,3,12,8,0.11,12,9,0,5,14.88
379,4,7,16,4,1.21,16,16,0,2,19.3
202,2,6,10,8,-1.38,13,14,0,2,8.76
157,3,10,12,8,-0.07,12,14,0,2,21.33
678,9,14,15,9,1.03,9,9,0,3,14.59
394,13,14,12,16,-0.26,12,9,0,2,12.06
749,9,10,12,14,-0.25,12,12,0,1,6.69
1126,2,8,12,5,-2.3,9,10,0,3,3.67
1437,3,12,13,10,0.45,12,16,0,1,18.36
1035,13,14,12,15,-0.58,12,12,0,4,10.59
1024,1,2,11,1,1.35,12,12,0,2,7.77
2067,3,2,12,5,-2.59,4,4,0,5,5.99
1966,13,13,12,15,-1.08,9,12,1,8,6.36
1707,1,3,12,2,-0.02,12,12,0,1,14.88
385,2,3,12,4,-0.38,9,12,0,2,7.46
250,1,11,15,5,1.05,12,13,0,2,10.07
1935,1,2,11,3,0.17,14,18,0,1,7.54
1414,1,2,14,3,0.31,14,16,0,3,15.96
1171,5,7,16,6,1.09,15,14,0,3,6.17
1762,4,7,13,8,-0.77,14,12,0,1,9.68
1846,5,10,18,7,1.07,12,16,0,2,11.7
671,9,8,12,10,-0.11,15,12,0,1,8.58
1162,4,6,12,4,0.09,12,12,0,2,2.83
1137,6,7,15,5,0.5,12,16,0,5,8.25
258,9,14,15,12,1.21,11,12,0,2,16.28
1961,5,6,13,8,-0.1,12,12,0,3,20.91
10,4,10,11,12,0.26,12,12,0,2,14.88
119,6,7,12,9,1.29,11,12,0,3,19.11
29,9,12,16,11,0.3,5,4,0,2,24.78
584,4,13,9,15,-1.36,12,4,1,4,5.53
1767,10,11,13,13,1.31,14,13,0,2,21.76
41,5,9,15,7,0.68,13,14,0,3,16.12
1241,2,6,12,6,-1.49,6,12,1,2,2.66
1209,4,5,13,2,0.46,13,12,0,2,6.96
231,9,12,14,11,0.49,12,12,0,3,16.78
107,11,12,12,15,-0.75,12,12,0,4,19.11
246,5,4,12,6,0.03,12,14,0,1,18.92
1123,4,9,10,10,-1.18,12,11,0,5,8.25
801,3,2,12,5,0.59,11,12,0,2,15.96
1556,12,12,12,12,0.83,12,12,0,1,17.81
1191,7,11,12,11,-0.58,12,12,0,6,9.58
2118,4,5,14,5,-1.07,12,15,0,2,10.07
323,1,0,12,4,-1.24,12,10,0,7,8.17
767,8,7,12,7,0.21,12,12,0,3,6.75
2009,6,8,11,11,-1.52,9,9,0,6,18.36
1720,13,12,10,15,-1.33,7,7,0,4,9.39
1782,3,2,12,3,-1.11,4,0,0,4,7.77
1847,8,9,14,7,1.05,12,15,0,3,21.33
1979,5,11,10,15,-1.63,9,12,1,4,3.32
1604,13,13,12,16,1.07,12,12,0,1,9.03
403,4,5,12,4,-2.09,6,3,0,1,5.37
1616,8,12,12,13,-0.32,18,20,0,3,7.61
2042,7,7,10,9,0.33,2,2,1,4,9.58
1077,9,8,12,11,-0.24,12,10,0,6,12.18
555,1,0,12,3,0.36,12,12,1,2,9.78
776,2,1,12,2,-2.03,11,9,1,3,6.11
1059,4,7,12,10,0.19,12,12,0,2,12.43
1550,7,6,12,10,-0.15,18,14,1,4,13.33
1531,3,3,12,2,0.71,12,12,0,1,1.52
605,5,12,12,10,0.31,12,12,0,1,10.18
1532,6,7,12,7,-1.76,8,11,0,2,4.95
1501,9,8,14,10,0.97,12,14,0,3,12.81
1555,12,11,12,12,0.92,12,12,0,1,26.05
1911,3,8,9,12,-1.62,10,4,1,6,11.47
1512,9,12,12,17,0.17,12,7,0,2,5.75
1197,6,9,17,6,0.84,12,12,0,1,12.18
1494,14,13,12,15,0.85,12,12,0,1,23.34
731,8,10,12,12,0.25,12,6,0,3,3.71
912,1,1,11,1,1.41,16,18,1,3,6.11
1353,5,4,11,9,-0.64,12,12,0,6,20.09
1849,7,13,12,15,0.21,14,11,0,2,12.43
553,8,9,12,12,-0.51,11,11,0,2,10.59
1479,9,13,12,14,1.07,8,11,0,7,9.49
331,5,8,13,9,0.87,12,16,0,3,7.85
1764,2,9,11,13,-0.32,9,6,1,2,7.03
1145,14,14,15,14,0.8,12,12,0,7,60.34
444,5,5,11,5,0.07,12,11,0,2,6.69
622,5,4,12,7,-0.58,12,12,0,6,6.55
995,7,12,11,14,-1.29,3,5,1,5,15.64
1730,10,11,12,15,-0.11,11,8,0,5,8.33
409,4,5,12,4,-1.06,11,12,0,3,10.07
5,1,3,15,2,0.3,12,12,1,1,11.13
1085,3,6,12,7,1.05,9,13,0,4,7.03
1777,9,14,12,14,-0.67,12,12,0,1,9.39
837,2,7,12,4,0.05,12,12,1,5,5.7
1200,6,7,14,8,0.83,10,12,1,3,10.49
1382,2,4,13,5,0.62,12,12,0,5,10.59
1357,2,6,15,3,0.8,16,16,0,3,10.38
1690,11,10,17,5,1.28,12,12,0,3,15.49
1690,10,9,17,4,1.28,12,12,0,3,14.3
888,2,8,12,5,-0.57,12,14,0,6,14.88
798,8,14,12,17,0.91,10,12,1,5,14.3
463,5,13,12,11,-0.26,11,11,0,3,9.12
1072,1,2,12,2,-0.19,9,12,0,2,7.92
1807,2,3,12,4,-2.2,8,4,0,0,5.42
1536,6,12,15,11,0.39,13,14,0,2,9.12
1429,5,11,15,9,1.27,12,16,0,1,13.07
532,6,10,9,12,-0.74,12,9,1,9,14.01
570,6,11,13,12,0.76,13,13,0,5,12.81
1548,2,12,16,9,1.5,19,20,1,2,8.5
1854,2,4,12,6,0.05,12,8,0,1,7.1
933,1,6,12,5,1.24,8,8,0,2,3.53
1081,9,9,13,11,1.25,12,12,0,1,26.31
66,2,3,12,4,0.77,16,16,0,1,7.46
559,4,6,12,6,-1.12,12,12,0,1,9.21
1604,11,11,12,14,1.07,12,12,0,1,10.18
33,4,4,12,9,0.18,6,7,0,3,5.81
1535,14,13,12,17,-1.0,12,9,0,1,17.46
553,6,6,12,9,-0.51,11,11,0,2,11.59
1909,4,11,14,6,0.29,0,5,0,1,11.47
1638,6,7,12,11,-0.26,12,12,0,5,12.06
907,9,14,14,11,1.11,12,12,0,2,7.69
1258,3,7,9,10,0.01,12,12,0,2,11.59
1522,2,8,17,5,1.24,16,12,0,1,14.59
1507,8,14,15,11,1.07,12,12,0,3,12.68
522,2,5,12,7,-1.73,12,14,1,5,11.13
1955,2,2,12,4,-0.36,9,6,0,5,5.87
2020,4,13,19,4,-0.06,0,0,1,5,9.12
307,10,9,14,6,1.17,12,12,0,6,8.25
886,3,6,15,5,0.55,10,8,0,1,13.87
1541,7,11,12,14,-0.58,12,12,0,5,13.74
104,2,8,15,4,1.78,12,16,0,3,16.12
689,2,3,9,4,-1.0,8,8,0,6,7.46
96,14,14,12,15,-1.04,12,8,0,4,14.44
772,1,0,12,2,0.75,12,18,0,3,4.95
1782,14,13,12,14,-1.11,4,0,0,4,11.94
61,10,13,17,10,1.15,10,16,0,1,1.97
466,3,4,12,3,0.6,10,12,0,1,14.01
303,6,7,15,8,0.99,12,14,0,2,21.76
2175,1,4,14,2,1.08,16,14,0,2,12.3
889,10,12,10,13,0.46,12,12,0,5,12.55
1971,2,3,13,3,-0.97,12,12,0,4,2.41
252,3,8,12,5,0.02,10,12,0,2,9.58
674,7,14,15,10,0.68,12,18,0,2,13.2
1391,2,10,14,11,1.44,10,8,0,1,9.12
1307,12,14,11,17,-0.55,6,7,0,3,9.12
520,4,7,14,8,0.01,11,11,0,0,5.64
106,10,14,12,18,-0.15,12,12,0,4,18.36
1801,8,14,12,13,-0.77,6,12,0,6,15.33
1933,3,9,16,5,-0.22,6,6,0,7,9.97
882,3,9,15,5,1.01,16,16,0,2,10.49
1459,11,11,10,14,-1.16,10,10,0,2,9.78
2018,5,9,12,10,0.51,3,0,1,3,11.94
851,9,10,15,9,0.8,12,12,0,4,9.87
1058,5,4,12,3,-0.95,12,10,0,3,19.49
2160,8,11,11,12,0.1,8,16,1,3,15.96
185,7,6,12,7,0.98,12,12,0,4,5.31
2133,11,10,16,10,0.28,12,12,1,1,15.33
1630,3,6,12,8,-1.09,10,6,0,6,8.25
1149,5,9,12,12,0.7,11,9,0,4,13.87
2001,11,14,12,16,-1.49,9,12,0,2,11.59
1618,7,7,14,9,-0.45,12,11,0,2,10.49
766,8,10,12,12,0.33,12,12,0,3,4.81
917,6,9,13,11,0.87,12,12,0,3,15.03
752,4,10,12,9,0.28,10,10,0,5,4.85
121,8,7,12,8,1.29,12,12,0,5,22.2
1776,7,10,11,12,-2.02,3,4,0,5,9.49
512,5,7,12,6,1.17,20,20,0,1,6.42
169,2,1,12,3,-1.01,11,11,0,2,12.18
1721,5,4,12,8,0.45,8,8,0,11,9.39
1197,5,8,17,5,0.84,12,12,0,1,12.06
1078,1,3,13,2,0.01,12,10,0,6,5.99
601,8,10,12,11,0.37,11,11,0,6,12.3
369,7,10,15,9,0.67,16,20,0,4,11.25
1317,5,6,12,4,-0.07,12,14,0,2,6.49
508,6,13,14,12,1.44,12,20,0,3,15.8
649,12,13,12,16,-0.31,12,10,0,0,18.17
346,9,14,17,8,1.19,12,12,0,3,56.83
2154,10,13,12,17,0.15,12,8,0,5,5.87
728,3,2,12,4,0.87,12,12,1,2,8.17
1007,1,13,9,18,-2.46,16,11,1,2,5.53
164,7,12,12,14,-0.79,12,12,0,3,9.49
1666,3,11,12,12,-2.09,11,9,0,4,9.3
1775,2,6,12,5,-0.8,6,7,0,2,7.46
129,12,13,12,17,-0.47,12,12,0,4,25.28
1417,2,3,15,4,0.95,18,20,1,4,25.03
1887,5,14,12,16,0.2,11,8,1,7,17.46
1920,8,9,11,13,-0.22,10,9,0,4,11.36
1902,2,6,10,5,-1.99,11,10,0,6,12.94
1180,9,8,12,10,-0.17,9,10,0,0,8.94
1334,4,11,11,9,0.55,13,12,1,1,14.59
885,7,11,12,13,-2.05,10,12,0,3,18.36
1380,4,12,13,9,1.27,13,20,0,0,9.78
1063,2,4,9,4,-1.65,5,12,0,3,5.81
1257,3,12,17,6,1.22,12,9,0,3,13.74
2034,4,10,11,12,0.27,2,9,0,6,16.28
2030,5,5,12,8,-0.44,12,12,0,3,16.12
1853,1,12,19,3,1.41,17,17,0,1,6.62
1441,6,7,14,6,0.63,13,14,0,3,10.8
154,8,14,17,11,0.84,16,16,0,2,17.29
1577,1,2,12,2,0.87,12,12,0,1,11.47
1997,8,14,12,16,0.48,12,12,1,3,12.3
1962,11,14,12,17,-1.53,12,6,0,6,7.24
1010,11,14,11,16,0.67,5,8,0,6,19.3
1260,2,7,12,4,1.11,12,12,0,1,8.67
2082,3,6,12,5,-0.51,12,8,0,2,7.24
1152,1,6,12,4,1.14,11,12,0,2,6.3
236,7,9,12,7,0.32,14,12,0,1,7.17
949,13,12,13,14,0.0,12,12,0,3,19.69
1240,6,5,12,8,0.4,12,12,0,2,13.33
1408,7,8,12,11,0.14,16,16,0,6,13.07
37,12,14,11,15,0.41,11,10,0,1,8.33
315,8,10,12,8,-0.21,12,12,0,3,18.36
1370,3,9,12,8,-0.09,12,12,1,1,10.49
1956,6,10,12,8,-0.98,3,5,1,5,4.76
1653,2,6,15,5,0.36,12,12,0,3,12.3
1148,9,12,12,17,0.36,5,5,0,2,11.47
1856,2,3,12,5,0.21,7,7,0,2,5.99
1281,2,5,10,6,0.81,12,13,0,2,8.0
1244,1,2,10,2,-0.62,16,16,0,1,5.47
1388,6,9,12,13,0.06,15,16,1,5,10.07
515,7,11,14,9,-0.49,14,20,0,2,5.42
713,5,5,12,4,0.14,12,10,0,1,18.92
1989,7,9,17,9,0.85,16,17,0,2,30.27
629,4,3,12,5,-0.58,12,12,0,4,12.18
1676,2,6,12,4,0.9,8,8,0,3,6.82
921,1,0,13,1,0.18,12,12,0,2,6.49
1119,9,14,12,14,0.35,12,10,0,2,10.28
1002,8,9,12,10,-0.51,2,16,1,2,21.33
1407,5,7,12,7,0.05,13,12,0,2,15.8
464,3,8,12,12,-0.1,12,10,1,7,3.39
1648,11,11,15,10,0.87,12,15,0,3,14.59
1945,1,2,12,3,-0.74,12,12,0,6,6.49
514,12,14,12,12,0.16,13,20,0,2,19.11
1517,1,10,15,4,-0.26,12,14,0,1,13.87
310,5,7,16,5,1.38,12,12,0,0,9.78
486,12,13,13,13,-0.81,6,4,0,1,10.91
1110,7,6,12,11,0.4,11,12,0,3,17.99
235,6,8,11,6,-0.34,12,8,1,6,7.1
1247,4,10,12,7,-0.53,12,12,0,5,9.87
1904,2,3,12,7,-0.2,5,6,0,4,8.94
1511,4,6,12,5,0.47,12,13,0,5,4.76
2147,2,5,13,1,0.64,20,20,1,2,3.71
1056,12,11,15,9,0.09,12,10,0,3,24.53
1442,2,2,12,4,0.58,12,16,0,2,11.25
520,5,8,14,9,0.01,11,11,0,0,9.68
437,4,13,16,8,1.44,16,16,0,3,19.11
2143,2,12,20,6,0.84,16,19,0,1,23.81
1413,4,10,15,10,1.2,15,20,0,2,13.2
1532,4,5,12,5,-1.76,8,11,0,2,4.22
2170,6,11,11,10,-0.07,8,9,0,5,5.42
2,8,13,15,11,1.5,12,12,0,1,12.94
460,4,6,12,10,0.29,12,12,0,3,14.15
281,7,10,13,10,1.26,15,18,0,3,4.44
1532,2,3,12,3,-1.76,8,11,0,2,5.58
59,5,8,16,8,0.45,12,12,0,1,20.29
428,3,9,15,7,-0.09,10,20,0,3,13.46
835,2,1,12,4,0.14,11,12,0,2,9.68
89,12,13,13,14,0.45,12,12,1,6,14.88
777,12,13,12,12,1.42,7,12,0,5,5.87
1845,5,7,12,10,-0.52,12,12,0,0,4.53
1657,8,12,12,10,0.91,12,12,0,1,13.33
175,4,3,12,5,-0.06,12,10,0,2,12.43
962,7,14,20,9,1.48,16,20,0,2,14.88
663,6,11,15,7,0.71,12,12,0,1,15.96
2119,12,12,12,16,0.06,12,11,0,1,12.94
448,6,9,12,11,-1.28,12,14,0,4,4.44
1084,5,9,12,8,0.92,11,9,0,8,8.25
1804,1,0,9,5,-2.49,6,3,0,8,5.99
325,6,8,12,10,0.31,12,12,0,4,11.94
126,12,11,12,12,0.25,12,16,0,1,15.33
1778,3,8,12,9,0.31,9,5,0,5,13.46
1082,3,5,15,4,1.33,16,18,0,3,15.96
684,5,6,12,10,-0.18,12,12,0,3,7.46
1805,7,7,12,9,0.48,12,12,0,2,12.06
492,3,8,10,7,0.48,12,12,1,3,2.12
519,5,9,11,12,-0.8,12,12,0,0,5.26
424,8,11,12,8,-0.43,9,12,1,2,11.7
712,8,7,12,11,-0.39,12,12,0,3,11.36
816,6,8,9,13,-1.84,6,4,0,10,17.12
782,10,14,12,14,0.07,8,8,0,3,11.94
1623,5,7,12,9,0.05,12,10,0,5,11.82
57,8,12,14,7,0.06,12,12,0,2,12.06
1963,5,12,12,12,-1.05,9,7,0,6,8.67
1962,6,7,12,10,-1.53,12,6,0,6,10.7
350,1,0,12,3,0.56,12,12,0,4,10.18
331,6,9,14,9,0.87,12,16,0,3,7.69
1601,7,12,9,13,0.71,11,6,1,4,8.5
1677,2,4,12,3,0.46,12,8,0,3,1.52
446,1,0,10,2,-0.7,12,7,0,4,6.96
1609,1,7,12,5,-1.25,10,12,0,3,7.39
1980,1,1,10,7,-1.02,14,12,1,2,12.68
732,3,4,14,6,1.49,14,12,0,4,8.33
1058,14,13,12,12,-0.95,12,10,0,3,29.08
1641,9,13,15,11,0.53,19,16,0,2,18.17
60,4,12,14,7,0.63,12,12,0,1,16.61
1193,7,12,17,8,1.55,12,13,0,2,13.46
2141,14,13,12,16,0.22,12,9,0,0,8.41
613,8,14,13,18,0.24,12,12,0,0,11.02
1338,11,13,15,14,0.9,12,12,0,3,15.96
658,6,12,15,8,0.83,16,16,0,5,21.98
91,6,6,12,8,-0.34,16,13,0,2,7.69
410,1,5,12,3,-0.73,11,12,0,2,6.42
1857,10,10,10,12,-1.03,7,7,0,2,8.85
1267,8,9,12,10,-0.42,12,8,1,2,3.56
159,2,6,14,5,0.3,12,18,0,3,13.87
864,5,11,12,15,-0.41,12,12,0,0,7.39
469,3,14,16,13,-0.42,13,13,0,5,8.67
1902,7,11,10,10,-1.99,11,10,0,6,12.94
1139,13,14,15,13,0.29,16,16,0,7,10.8
716,4,3,12,6,-0.8,16,12,0,5,18.36
1535,11,10,12,14,-1.0,12,9,0,1,17.12
949,1,0,13,2,0.0,12,12,0,3,7.46
1104,4,5,11,5,1.09,12,12,0,6,6.36
680,7,11,15,12,0.47,18,16,0,3,14.15
1240,5,4,12,7,0.4,12,12,0,2,14.44
1627,9,13,12,12,-1.26,12,14,0,3,11.7
739,5,10,12,9,1.21,10,12,0,5,8.41
990,5,8,12,7,0.13,12,8,1,4,9.03
1784,7,14,15,9,0.93,13,12,0,4,17.46
718,1,0,13,4,-0.49,12,12,1,3,15.49
1531,10,11,12,10,0.71,12,12,0,1,16.12
640,1,1,11,2,-0.74,12,12,0,3,5.7
1145,6,6,15,6,0.8,12,12,0,7,15.33
569,3,4,12,6,-1.96,12,12,0,3,7.32
564,7,10,15,7,1.05,12,12,0,1,15.64
268,6,9,12,13,-1.11,12,12,0,1,43.82
337,2,8,15,2,1.04,10,12,0,2,10.38
1360,2,4,13,1,0.82,12,14,1,2,5.05
1843,1,5,12,6,-0.8,10,12,1,5,7.1
208,13,13,12,16,-0.24,12,16,0,5,19.89
56,6,10,12,7,0.29,12,12,0,3,8.41
120,2,2,12,1,1.05,11,12,0,3,7.03
370,1,3,11,4,0.13,16,20,0,4,7.46
589,2,12,11,12,-2.5,12,12,0,7,6.17
1501,10,9,14,11,0.97,12,14,0,3,12.81
531,10,11,13,8,0.31,12,12,0,2,19.11
942,3,9,12,14,-0.05,9,11,0,3,19.49
1900,13,12,13,14,0.89,14,20,0,2,11.82
987,14,13,12,14,0.42,12,10,0,4,8.17
316,12,12,12,15,0.51,12,12,0,2,17.29
173,2,9,10,10,-0.91,8,8,1,3,2.48
1296,6,11,12,11,0.18,10,16,0,2,7.61
1844,1,0,9,5,-1.93,11,10,1,10,5.75
1308,11,10,12,12,0.44,12,12,1,6,13.46
814,6,9,9,10,-1.95,8,5,0,2,5.26
1164,2,3,12,1,1.16,12,10,0,3,5.64
1634,3,6,13,4,1.12,12,12,1,4,7.77
1022,6,7,13,9,-0.12,12,12,0,7,17.12
1297,13,14,12,16,-0.43,12,12,0,3,11.59
394,7,6,12,8,-0.26,12,9,0,2,10.7
1494,8,7,12,9,0.85,12,12,0,1,24.05
990,4,7,12,6,0.13,12,8,1,4,7.77
1069,15,14,12,18,0.58,12,12,0,5,19.3
199,10,14,12,11,0.21,12,12,0,2,12.18
907,1,6,14,3,1.11,12,12,0,2,5.0
681,11,13,16,12,1.05,16,16,0,5,28.79
1444,3,8,13,9,0.19,11,16,0,2,4.62
828,8,14,15,12,0.71,12,14,0,1,13.74
308,3,5,12,3,-0.5,12,12,0,6,6.96
122,6,9,16,9,0.9,16,16,0,6,13.87
1724,6,8,12,13,-0.72,12,6,0,2,4.76
966,6,14,15,12,0.4,16,16,0,2,16.44
458,3,5,12,6,0.63,12,12,0,4,5.47
1010,6,7,11,9,0.67,5,8,0,6,15.8
263,4,10,15,6,0.96,12,12,0,3,11.13
156,8,13,11,14,-1.09,12,10,0,4,7.77
1254,1,11,17,3,1.15,13,17,0,2,26.31
1715,3,7,15,6,1.38,12,4,0,5,12.81
1364,6,12,13,9,0.4,9,11,1,4,12.68
652,10,10,12,11,0.44,12,11,0,0,9.58
1040,3,4,16,4,0.56,16,17,0,4,13.33
1412,1,1,13,3,1.28,16,20,0,4,5.99
1295,2,1,10,6,-1.0,12,7,0,3,10.38
1961,6,7,13,9,-0.1,12,12,0,3,21.54
179,13,13,15,14,0.76,12,12,0,3,33.12
2102,1,0,12,3,0.56,10,9,0,3,9.97
1130,5,13,15,9,0.37,12,7,0,2,7.46
1658,15,14,12,18,0.42,12,12,0,3,5.75
125,8,9,12,11,-0.59,14,11,0,7,14.59
551,1,1,13,2,0.93,12,12,0,1,9.78
1593,5,4,11,6,0.25,14,14,0,1,9.03
1211,1,4,12,1,1.27,12,17,0,4,5.05
350,6,5,12,8,0.56,12,12,0,4,14.15
1200,3,4,14,5,0.83,10,12,1,3,10.07
411,3,7,12,5,0.01,12,12,0,1,5.1
690,9,11,9,16,0.17,15,13,1,5,7.69
1649,4,4,12,3,0.79,12,16,0,3,6.05
1684,2,6,12,8,-0.43,12,12,0,5,3.1
599,7,10,12,7,-0.94,12,12,0,2,10.8
475,10,14,15,15,0.84,12,12,0,4,49.9
1426,2,14,13,11,0.16,12,16,0,2,14.59
860,4,14,15,11,1.43,12,8,0,2,17.29
1266,2,4,9,5,-1.55,12,12,0,2,7.32
706,8,14,12,13,-0.73,11,12,0,3,10.91
1638,2,3,12,7,-0.26,12,12,0,5,12.3
1848,3,11,20,4,1.35,12,14,0,2,9.58
175,2,1,12,3,-0.06,12,10,0,2,12.18
1862,2,2,10,4,0.11,14,10,1,3,6.75
1191,2,4,12,4,-0.58,12,12,0,6,5.81
1755,3,3,15,3,0.47,12,14,0,2,10.07
492,2,7,10,6,0.48,12,12,1,3,4.53
1902,5,9,10,8,-1.99,11,10,0,6,10.8
531,12,14,13,11,0.31,12,12,0,2,57.4
1126,4,10,12,7,-2.3,9,10,0,3,5.05
1048,1,1,12,3,0.37,14,12,0,4,16.61
2018,1,4,12,5,0.51,3,0,1,3,7.24
845,4,10,12,9,-0.22,12,5,0,2,24.29
1529,2,3,12,4,-0.06,13,13,0,5,10.07
1721,7,6,12,10,0.45,8,8,0,11,15.03
149,6,12,10,14,-1.63,8,6,1,4,2.77
1101,8,7,12,9,0.43,12,12,0,2,12.68
2104,9,12,15,7,1.07,14,14,0,0,15.64
582,7,9,12,11,-1.21,17,17,0,1,13.74
1640,7,8,12,8,-0.56,12,12,0,4,11.47
677,5,6,12,5,-0.34,12,12,0,1,5.16
2038,4,3,10,8,-1.51,7,7,0,7,6.82
552,5,5,12,8,-1.1,10,9,0,3,5.1
1130,2,10,15,6,0.37,12,7,0,2,6.82
711,6,7,14,5,0.88,12,11,1,2,5.7
241,5,14,12,13,-0.78,10,12,0,6,2.66
1920,7,8,11,12,-0.22,10,9,0,4,15.33
925,3,2,15,3,-0.19,12,12,0,3,5.42
1370,7,13,12,12,-0.09,12,12,1,1,15.96
402,3,11,15,5,0.43,14,17,0,1,11.59
99,11,14,15,13,1.05,12,18,0,2,9.87
1764,1,1,11,5,-0.32,9,6,1,2,8.76
877,7,14,13,11,-0.04,16,16,0,2,27.39
292,3,6,15,2,0.61,13,16,0,1,5.47
424,7,10,12,7,-0.43,9,12,1,2,11.13
1700,1,12,9,17,-1.49,7,4,0,3,1.67
2017,6,9,9,11,-2.21,6,2,0,7,5.58
1321,14,14,12,14,-0.84,11,14,0,4,18.36
108,4,10,15,6,-0.06,12,12,0,4,17.29
1924,1,4,13,3,0.29,0,3,0,10,6.23
1049,5,12,12,9,-0.79,12,12,0,2,8.0
1159,2,3,12,2,0.66,12,12,1,3,6.49
2119,7,7,12,11,0.06,12,11,0,1,15.03
436,7,10,12,12,-0.82,6,9,0,1,12.3
2113,5,12,12,9,-1.37,3,3,0,8,1.84
341,2,13,17,10,1.06,14,16,0,0,3.63
1710,6,12,12,14,-1.02,12,12,0,3,18.36
1901,3,5,14,1,-1.1,8,12,0,0,2.2
484,12,14,12,13,-0.27,16,16,0,1,10.18
751,9,14,12,15,0.03,10,12,0,2,6.75
143,9,14,15,13,0.59,15,14,0,2,8.67
1349,4,9,12,6,-0.5,12,8,0,2,9.39
251,8,10,12,14,-1.22,10,10,0,6,13.33
1767,12,13,13,15,1.31,14,13,0,2,25.53
1445,7,11,12,8,0.97,12,14,0,2,24.29
624,6,8,12,7,-0.77,12,12,0,6,8.25
2166,1,1,12,1,0.04,12,12,0,4,7.03
942,2,8,12,13,-0.05,9,11,0,3,21.98
950,4,11,15,8,1.3,12,14,0,2,15.8
1083,5,8,12,9,0.53,9,9,0,6,14.73
866,8,9,12,8,0.78,12,13,0,6,8.94
1555,6,5,12,6,0.92,12,12,0,1,19.11
485,9,10,12,13,0.53,12,12,0,4,10.49
930,11,13,12,14,0.37,11,11,0,4,12.55
1542,4,8,15,4,1.31,12,16,0,3,12.94
323,9,9,12,13,-1.24,12,10,0,7,7.61
1379,4,7,16,7,-0.08,16,18,0,3,15.64
1168,2,1,14,3,0.67,10,8,0,3,22.42
2154,5,7,12,11,0.15,12,8,0,5,16.61
220,9,14,13,13,-0.19,11,10,0,0,16.78
1103,4,3,12,4,0.62,12,12,0,6,12.81
1643,3,5,12,4,-0.36,12,12,0,3,6.82
836,3,3,9,10,-1.58,11,5,0,1,5.53
1487,3,12,15,6,1.1,13,16,0,4,25.53
2141,15,14,12,17,0.22,12,9,0,0,6.36
191,14,14,12,17,1.06,12,12,1,1,9.39
1528,10,12,15,13,0.39,14,14,0,5,11.02
1805,9,9,12,11,0.48,12,12,0,2,12.55
135,7,10,12,8,-1.51,12,9,0,1,14.01
846,2,6,11,4,-2.09,12,9,0,2,6.42
1986,4,9,10,11,-1.78,5,3,1,3,3.82
848,3,10,15,7,1.41,12,12,0,1,14.44
1323,2,1,10,6,0.42,12,12,0,2,9.97
267,5,11,15,5,0.67,12,14,0,0,9.03
1197,3,6,16,4,0.84,12,12,0,1,6.05
794,9,14,12,12,0.46,12,12,0,2,10.91
227,3,2,12,5,-1.72,8,6,0,5,8.25
1089,9,12,12,13,0.79,12,12,0,4,10.18
772,4,7,15,6,0.75,12,18,0,3,6.75
1265,9,13,12,11,0.11,12,7,0,1,11.25
681,4,6,16,5,1.05,16,16,0,5,18.36
1347,14,13,13,16,0.6,12,20,1,9,12.18
1899,6,8,14,10,-0.46,6,6,0,1,5.26
679,1,9,16,2,1.8,17,16,0,1,14.15
384,4,10,10,11,-0.11,11,6,1,3,6.05
244,1,1,9,3,-1.53,12,12,0,3,5.47
1778,5,10,12,11,0.31,9,5,0,5,11.7
352,10,12,13,11,0.53,16,16,0,3,12.3
1762,5,8,13,9,-0.77,14,12,0,1,8.94
2023,11,12,12,15,0.31,6,12,0,5,21.12
1565,12,14,12,14,0.34,12,12,0,1,14.01
920,2,5,15,2,-0.25,12,11,0,1,16.95
1817,6,10,14,12,0.15,9,10,0,4,3.19
1915,7,14,15,9,0.4,12,14,0,2,9.87
1490,4,6,10,12,-0.79,12,12,0,8,7.85
2118,8,10,14,10,-1.07,12,15,0,2,34.47
1876,8,10,13,11,0.27,12,12,0,1,13.46
1068,13,12,12,17,-0.18,9,10,0,3,20.29
184,2,6,12,7,-0.34,12,12,0,5,11.82
1082,12,14,15,13,1.33,16,18,0,3,3.56
2047,5,13,12,11,-0.23,12,12,1,2,19.3
437,1,10,16,5,1.44,16,16,0,3,17.99
308,9,11,12,9,-0.5,12,12,0,6,11.7
1991,1,2,16,2,0.6,12,12,0,1,9.97
470,8,11,12,8,1.0,12,12,1,2,11.13
2155,7,8,15,6,0.88,13,14,0,3,12.81
1068,8,7,12,12,-0.18,9,10,0,3,10.49
975,8,8,14,8,1.06,11,12,0,3,17.99
1860,1,7,14,4,-0.34,10,9,0,3,10.28
2067,15,14,12,17,-2.59,4,4,0,5,5.05
754,10,13,12,13,1.54,12,17,0,3,13.87
439,9,14,15,14,0.93,18,14,1,1,8.94
369,5,8,15,7,0.67,16,20,0,4,19.49
1324,3,9,14,7,-1.68,12,11,0,1,4.26
407,3,8,9,13,-1.91,9,3,0,4,6.75
1424,5,4,12,5,-0.36,12,16,0,0,12.81
1797,14,13,12,14,-1.82,6,6,0,3,4.9
1748,2,8,11,8,0.68,11,12,0,3,8.94
1961,2,3,13,5,-0.1,12,12,0,3,18.73
1175,2,10,15,6,0.66,16,18,0,2,8.94
968,7,7,12,8,0.73,12,12,0,4,17.12
1596,4,14,16,9,0.7,12,16,1,1,19.89
1225,2,12,15,7,-0.11,16,16,0,1,6.69
481,4,7,16,1,1.77,12,16,0,3,9.97
87,9,10,15,9,0.68,12,18,0,0,28.22
188,1,1,12,2,0.01,14,16,0,1,5.81
1692,3,7,15,6,0.67,8,8,0,3,4.35
559,9,11,12,11,-1.12,12,12,0,1,12.18
502,1,1,12,2,-0.3,12,12,0,1,7.46
834,13,14,12,18,-0.03,11,4,0,2,10.59
229,5,13,12,10,-1.3,9,15,1,3,11.02
245,5,12,12,13,-0.22,12,12,0,1,10.38
974,15,14,12,18,-0.17,12,11,0,3,11.47
1036,1,0,11,2,-0.19,12,12,0,1,6.96
978,2,4,12,8,0.3,12,16,0,5,7.24
402,2,10,15,4,0.43,14,17,0,1,11.13
377,12,14,13,16,-0.81,14,9,0,2,21.54
1831,5,13,15,14,-1.54,12,9,0,3,15.8
1915,1,8,15,3,0.4,12,14,0,2,5.37
408,12,11,12,14,0.09,10,12,0,3,14.59
923,6,6,16,5,1.01,14,14,0,4,21.98
169,9,12,12,14,-1.01,11,11,0,2,25.79
1315,4,14,15,9,0.33,12,12,1,3,16.28
2097,6,14,12,12,0.21,12,13,0,2,5.64
1141,1,8,17,3,0.92,20,20,0,1,7.24
1603,6,5,14,7,-1.5,11,3,0,5,9.39
873,3,5,9,9,-2.47,10,12,1,3,6.36
912,4,9,15,5,1.41,16,18,1,3,23.57
562,13,14,12,13,-0.32,11,16,1,3,14.73
389,5,14,9,14,-0.57,12,12,0,1,3.32
1709,1,3,12,2,0.46,12,6,0,2,5.64
2149,2,9,12,7,0.51,12,12,0,1,3.82
1351,11,14,12,14,0.58,16,17,0,3,14.44
1433,1,6,12,10,-2.78,10,9,0,4,7.61
1230,5,6,14,3,0.62,12,10,0,2,12.3
2129,1,12,12,13,-2.36,12,12,0,0,5.16
1394,9,11,12,12,-0.31,12,12,0,5,15.18
1995,4,13,9,13,-1.16,6,16,0,3,19.11
323,8,8,12,12,-1.24,12,10,0,7,7.92
760,3,4,12,3,0.33,12,11,1,2,6.55
1982,6,5,11,7,-1.89,3,8,0,3,16.12
1306,2,2,10,6,-2.08,6,12,0,6,5.58
971,9,8,12,10,0.91,12,12,1,4,13.46
252,1,5,12,2,0.02,10,12,0,2,5.75
1328,8,8,11,11,-0.92,11,11,0,2,11.02
1677,1,0,10,1,0.46,12,8,0,3,2.32
1459,4,4,10,7,-1.16,10,10,0,2,9.03
434,6,5,13,9,0.31,12,10,0,1,8.33
186,8,12,12,9,1.89,12,12,0,4,6.05
380,3,6,15,2,1.16,12,12,0,2,13.6
562,8,9,12,8,-0.32,11,16,1,3,13.87
1439,5,13,15,9,-0.42,12,16,0,1,34.47
692,3,10,13,7,-0.19,12,12,0,2,7.32
1941,2,4,12,4,-0.7,1,0,0,7,5.31
1180,4,3,12,5,-0.17,9,10,0,0,5.16
1778,4,9,12,10,0.31,9,5,0,5,12.3
1269,11,14,11,16,-0.04,10,8,0,5,11.7
1733,10,13,12,11,-0.44,12,6,0,0,9.78
422,8,7,11,12,-2.02,9,8,0,6,3.22
1468,10,11,12,16,-0.21,12,12,0,2,17.64
1513,8,8,11,11,-0.91,12,8,0,2,9.3
1774,3,9,15,8,1.36,8,12,1,1,11.82
1220,5,13,15,8,1.7,12,12,1,1,13.6
1434,3,4,12,4,1.38,12,12,0,2,8.0
337,1,3,11,1,1.04,10,12,0,2,4.06
690,10,12,9,17,0.17,15,13,1,5,11.82
1961,1,2,13,4,-0.1,12,12,0,3,17.81
333,1,1,12,2,-0.18,12,15,0,2,7.92
2131,1,2,11,3,0.06,12,16,0,1,5.31
1961,11,13,13,15,-0.1,12,12,0,3,21.33
1630,8,11,12,13,-1.09,10,6,0,6,11.13
1719,5,8,9,13,-2.52,8,8,0,1,5.21
2082,6,12,12,11,-0.51,12,8,0,2,4.06
1579,10,11,11,14,0.23,12,12,0,5,12.3
1931,5,13,9,14,-1.9,4,5,0,7,7.54
632,1,0,12,3,0.02,12,12,0,1,12.43
1477,10,11,13,10,0.72,12,8,0,1,5.42
365,9,13,10,13,0.36,13,12,0,3,12.43
222,1,5,15,5,0.26,9,6,1,4,6.75
613,1,5,13,9,0.24,12,12,0,0,7.39
13,8,10,12,13,-0.63,12,12,1,4,13.33
624,1,1,10,2,-0.77,12,12,0,6,3.94
1671,9,8,14,10,0.61,12,8,0,8,9.3
2106,11,10,12,12,1.23,12,12,0,6,10.49
839,6,13,13,11,0.77,9,10,0,2,8.94
2162,6,12,15,9,0.46,17,16,0,2,20.91
1840,7,14,9,14,-0.45,12,9,0,2,9.58
1748,5,11,11,11,0.68,11,12,0,3,12.3
111,7,13,11,13,0.16,12,12,0,3,17.81
593,4,8,18,6,0.83,16,18,0,1,17.46
2142,5,12,16,10,0.87,12,12,0,2,18.92
201,2,3,12,1,0.35,12,15,0,1,5.99
529,2,8,12,10,-0.64,11,12,0,2,15.18
1144,5,5,13,8,-0.05,12,12,0,4,10.7
1490,7,10,10,16,-0.79,12,12,0,8,5.58
1583,4,4,12,5,-0.26,11,8,0,3,19.89
1510,2,1,12,1,1.07,12,13,0,5,6.11
1735,3,5,12,9,0.75,12,12,0,3,7.54
1694,6,7,12,7,0.29,12,12,0,2,7.1
1164,7,10,12,8,1.16,12,10,0,3,13.87
1535,4,3,12,7,-1.0,12,9,0,1,15.64
540,6,12,12,11,1.23,10,12,0,1,9.68
1727,5,13,9,13,-2.02,6,11,0,3,9.12
1389,5,11,16,8,0.96,15,18,0,1,19.49
850,5,11,12,9,-0.8,10,12,0,3,9.58
77,2,7,14,3,0.88,12,12,0,3,5.7
914,5,13,14,8,1.5,13,18,1,3,23.1
1642,13,12,12,14,0.53,12,12,0,3,8.41
1694,9,10,12,10,0.29,12,12,0,2,7.61
1357,5,10,16,6,0.8,16,16,0,3,13.07
338,11,12,12,11,-0.11,12,12,0,0,14.3
1803,4,4,15,3,0.53,12,12,0,3,6.11
600,5,12,15,11,1.32,17,20,0,1,15.33
818,4,4,15,3,1.43,15,15,0,4,20.29
1675,7,10,12,11,0.77,12,12,0,3,10.7
1686,5,4,15,4,0.12,12,12,0,5,2.66
1953,7,6,9,13,-1.17,12,7,0,4,8.76
1201,3,14,19,6,1.34,18,18,0,2,9.21
17,5,5,12,7,-0.01,9,10,1,2,10.91
804,2,8,10,7,-0.19,12,12,0,3,4.62
1976,8,11,12,8,-1.68,10,0,1,7,13.87
1588,2,8,12,9,0.3,12,14,0,2,6.17
2141,3,2,12,5,0.22,12,9,0,0,7.92
258,6,10,15,8,1.21,11,12,0,2,17.12
1042,8,10,13,12,0.23,16,14,0,2,16.78
978,12,14,12,18,0.3,12,16,0,5,10.8
1236,4,7,12,5,-0.01,12,8,0,0,5.87
1794,7,13,12,17,-0.66,0,12,0,3,9.12
313,11,10,13,13,0.77,10,12,0,9,18.92
1110,13,12,12,17,0.4,11,12,0,3,22.2
461,4,7,12,6,-0.02,16,13,0,1,9.21
52,13,14,13,13,0.91,10,12,0,3,12.81
1035,1,0,12,1,-0.58,12,12,0,4,15.49
1708,3,5,12,7,0.02,12,5,0,2,5.99
57,7,11,14,6,0.06,12,12,0,2,12.18
615,6,10,10,9,-1.46,12,7,0,3,1.21
2133,8,7,16,7,0.28,12,12,1,1,16.61
1038,3,9,15,5,1.52,12,12,0,3,15.49
482,1,1,10,2,0.15,12,12,0,6,5.1
1068,3,2,12,7,-0.18,9,10,0,3,9.97
1239,6,8,10,8,-0.41,10,12,0,4,8.25
767,6,5,12,5,0.21,12,12,0,3,6.42
16,3,13,12,11,-0.72,14,12,0,1,4.62
1460,4,9,12,7,0.53,11,8,1,6,6.89
307,14,13,14,10,1.17,12,12,0,6,9.58
144,2,6,15,3,1.25,12,18,0,2,11.82
1526,4,9,16,9,0.47,12,10,0,0,8.5
676,5,6,12,10,0.27,12,12,0,1,10.49
1550,11,11,12,15,-0.15,18,14,1,4,9.58
498,2,4,14,1,-0.39,18,14,1,2,5.58
697,5,13,10,16,-0.6,9,7,0,4,21.54
1215,7,12,15,8,1.51,12,16,0,4,11.82
327,2,4,12,2,1.25,11,12,0,3,5.81
1922,3,8,10,13,-3.96,6,6,1,4,11.02
1981,5,13,11,15,-2.58,3,3,0,8,9.21
1813,4,6,12,9,-0.02,12,12,0,4,7.69
87,10,11,15,10,0.68,12,18,0,0,29.67
1752,8,13,16,10,0.56,15,12,0,4,17.64
1105,6,11,12,12,-0.02,12,13,0,8,11.47
1102,2,6,12,8,1.39,12,11,0,3,5.42
338,4,5,12,4,-0.11,12,12,0,0,12.43
1957,4,3,13,6,-1.36,12,12,0,2,4.22
2002,11,12,12,11,-0.14,12,9,0,2,9.21
321,4,9,15,7,1.35,15,16,0,3,27.94
1444,6,12,13,13,0.19,11,16,0,2,21.33
1524,7,6,12,10,0.35,12,12,0,4,8.5
1292,6,11,15,12,-0.01,18,6,1,3,23.57
1309,2,3,11,7,0.85,11,10,1,4,9.68
1025,3,2,14,1,1.56,12,12,0,2,7.92
2122,8,9,17,8,0.67,16,18,0,2,18.73
1967,1,0,12,3,-1.03,6,14,0,4,5.58
1888,5,7,10,9,-1.13,12,12,1,4,6.89
1880,3,2,12,7,-1.48,0,0,0,4,12.68
1385,4,6,14,5,0.08,12,12,0,2,12.94
1117,2,1,13,3,0.29,11,15,0,5,6.05
749,13,14,12,18,-0.25,12,12,0,1,5.05
729,2,2,12,6,-0.38,12,12,0,2,3.32
1707,5,10,12,9,-0.02,12,12,0,1,14.59
186,7,11,12,8,1.89,12,12,0,4,7.32
1002,1,0,10,3,-0.51,2,16,1,2,5.75
2163,4,13,18,4,0.98,13,16,0,3,5.21
972,4,5,12,7,-0.36,10,8,0,4,11.25
870,11,13,15,10,1.05,15,16,0,5,15.96
463,2,9,12,7,-0.26,11,11,0,3,5.75
867,4,11,15,6,0.82,12,13,0,2,11.7
400,8,11,13,10,0.09,12,12,1,4,14.15
1519,5,10,12,8,0.79,12,12,0,3,11.25
1135,1,4,15,6,0.68,16,16,0,2,5.53
296,7,8,15,7,1.12,14,16,0,2,14.44
1706,3,7,12,7,-0.95,12,12,0,1,6.3
1211,8,13,15,7,1.27,12,17,0,4,12.43
1961,4,5,13,7,-0.1,12,12,0,3,21.12
1865,6,9,16,8,1.15,12,16,0,4,20.09
410,4,11,12,9,-0.73,11,12,0,2,6.36
278,9,13,12,13,0.66,11,12,1,4,8.25
696,6,14,15,13,0.35,16,13,1,3,8.41
1753,6,5,12,7,0.73,12,12,0,2,13.33
1059,5,8,12,11,0.19,12,12,0,2,13.46
844,4,9,12,6,-2.19,9,10,0,2,3.19
652,13,13,12,14,0.44,12,11,0,0,10.38
869,6,10,15,11,0.13,15,16,0,5,16.95
1696,1,7,15,3,1.11,14,16,0,4,11.36
1835,2,9,12,7,0.4,4,5,0,2,5.87
2004,6,8,16,5,1.45,17,20,0,2,35.87
1856,1,2,12,4,0.21,7,7,0,2,5.99
870,6,8,15,5,1.05,15,16,0,5,10.59
247,6,9,12,10,-0.19,10,12,0,4,2.75
1412,2,2,13,4,1.28,16,20,0,4,5.1
1406,6,13,12,10,1.04,13,8,0,2,12.3
2127,6,12,10,13,-0.07,14,12,0,1,9.39
2055,1,4,12,3,0.3,4,0,0,7,9.21
713,6,6,12,5,0.14,12,10,0,1,6.62
424,3,6,12,3,-0.43,9,12,1,2,12.81
8,10,9,13,13,0.51,12,15,1,2,11.82
248,6,14,15,11,1.6,12,13,0,2,17.81
687,10,9,14,10,1.32,12,12,0,2,19.89
281,5,8,13,8,1.26,15,18,0,3,8.25
1841,3,9,9,14,-1.44,11,10,1,10,7.92
149,2,7,10,9,-1.63,8,6,1,4,7.54
1280,9,9,9,11,-0.13,11,10,0,1,7.1
533,2,9,9,9,-1.42,12,9,1,9,14.01
313,8,7,13,10,0.77,10,12,0,9,23.1
702,11,14,10,15,-0.02,12,12,1,3,12.06
954,7,12,12,10,-0.16,12,12,0,0,3.74
119,8,9,12,11,1.29,11,12,0,3,19.49
1441,12,14,14,13,0.63,13,14,0,3,33.12
308,4,6,12,4,-0.5,12,12,0,6,11.7
1278,6,10,12,7,-1.88,6,6,0,4,7.61
50,2,3,14,1,1.4,16,17,0,2,5.58
1267,3,3,12,4,-0.42,12,8,1,2,9.03
1755,4,4,15,4,0.47,12,14,0,2,10.49
2069,1,3,10,5,-1.13,6,12,1,1,5.47
1545,2,3,13,4,1.3,16,17,0,0,16.28
1295,13,14,10,19,-1.0,12,7,0,3,6.69
1882,1,1,11,2,0.28,12,12,0,2,5.7
497,4,5,13,3,1.14,14,12,0,3,18.54
710,1,7,10,10,-0.24,12,10,0,1,17.29
551,5,5,13,6,0.93,12,12,0,1,12.43
1540,3,13,19,4,1.63,16,16,0,3,26.31
1563,4,10,16,4,0.48,12,12,0,2,13.33
2082,4,7,12,6,-0.51,12,8,0,2,9.78
1324,2,4,12,4,-1.68,12,11,0,1,10.18
1138,4,8,15,8,0.23,16,18,0,8,15.8
1469,5,12,12,11,-1.16,10,8,0,4,6.42
572,5,4,12,8,0.59,12,17,0,5,15.18
1006,9,9,17,5,0.78,12,12,0,2,17.64
1960,5,10,12,8,-0.7,10,12,0,4,8.58
2162,3,9,15,6,0.46,17,16,0,2,14.15
1094,12,12,12,14,0.76,12,13,0,1,10.7
1525,12,13,12,17,0.03,12,12,0,3,9.12
861,4,3,13,5,0.87,12,10,0,2,11.59
679,5,13,16,6,1.8,17,16,0,1,34.81
431,3,3,10,9,-0.32,10,10,0,1,10.59
1994,7,11,11,14,-0.81,8,8,0,2,10.7
1229,2,5,12,6,-0.34,12,11,0,4,10.07
1820,6,14,12,15,-1.13,1,9,1,8,10.91
671,7,6,12,8,-0.11,15,12,0,1,9.03
1955,9,9,12,11,-0.36,9,6,0,5,11.02
301,3,4,12,5,0.15,10,11,0,6,17.64
936,5,11,12,8,-0.43,11,11,0,6,6.62
174,12,12,12,14,-1.06,12,12,0,1,9.97
129,2,1,12,5,-0.47,12,12,0,4,20.29
729,5,10,12,14,-0.38,12,12,0,2,2.8
1768,1,1,12,2,1.1,12,6,0,1,15.8
1805,5,5,12,7,0.48,12,12,0,2,12.06
1862,1,1,10,3,0.11,14,10,1,3,5.64
1783,1,6,14,1,1.11,12,18,0,5,9.78
610,6,10,17,9,0.48,6,13,0,11,10.59
961,3,11,17,5,1.19,16,20,0,2,47.47
1142,4,5,9,7,-0.19,14,14,1,2,7.92
1738,10,13,17,10,0.57,12,18,0,2,9.58
1155,1,0,11,1,1.57,12,11,0,1,5.58
15,9,12,13,10,0.28,10,12,1,3,17.99
95,14,13,12,16,-0.41,12,12,0,5,17.64
356,5,4,12,7,-0.25,12,9,0,2,9.39
2002,6,7,12,6,-0.14,12,9,0,2,9.12
421,13,12,12,16,-0.85,8,8,0,7,13.2
1164,1,2,11,1,1.16,12,10,0,3,5.75
610,10,14,17,13,0.48,6,13,0,11,14.01
626,7,10,12,14,0.33,12,12,0,4,11.82
186,1,4,12,1,1.89,12,12,0,4,5.16
2089,9,13,12,11,-0.24,12,17,0,3,14.01
663,5,10,15,6,0.71,12,12,0,1,14.01
109,1,1,12,3,-1.32,12,16,0,3,7.46
1105,2,3,12,4,-0.02,12,13,0,8,9.3
1065,5,12,12,10,0.49,12,8,1,6,16.28
1929,4,7,12,11,-2.53,3,8,0,2,9.49
482,11,12,12,11,0.15,12,12,0,6,9.12
1234,1,0,10,6,-1.89,12,8,0,4,6.96
1983,6,13,19,10,0.74,12,12,0,0,12.43
626,3,6,12,10,0.33,12,12,0,4,6.55
291,7,6,15,7,0.34,11,10,0,7,3.03
1371,10,14,13,16,0.57,12,16,0,2,15.33
1676,3,7,13,4,0.9,8,8,0,3,7.1
823,3,4,15,5,0.65,5,0,1,8,17.12
1388,3,6,12,10,0.06,15,16,1,5,3.13
1903,3,10,15,6,-0.03,12,14,0,2,21.33
1299,9,13,12,12,-0.17,12,12,0,5,11.94
2158,2,4,12,2,0.58,12,12,0,2,4.95
823,7,8,15,9,0.65,5,0,1,8,24.53
1143,1,0,11,4,-0.04,12,10,0,4,9.97
1001,5,11,13,10,-0.24,5,14,0,2,11.82
1689,6,10,12,9,0.85,15,14,0,5,17.46
656,9,9,13,10,-0.32,12,12,1,2,16.12
1076,4,8,15,8,0.91,12,12,0,2,33.78
1205,4,10,14,10,-0.76,14,20,0,3,4.22
1975,10,12,13,14,0.77,3,5,0,4,13.07
1871,10,12,12,14,-0.79,0,0,0,9,8.0
1147,4,12,15,9,0.96,16,18,0,4,15.18
1805,11,12,12,14,0.48,12,12,0,2,14.15
1390,4,6,15,6,0.5,9,12,0,4,16.78
1618,5,5,14,7,-0.45,12,11,0,2,11.36
1076,7,13,15,13,0.91,12,12,0,2,2.48
1444,5,11,13,12,0.19,11,16,0,2,3.06
2151,11,14,15,14,0.64,16,16,0,2,14.88
1347,9,8,13,11,0.6,12,20,1,9,13.33
529,6,12,12,14,-0.64,11,12,0,2,10.49
725,5,8,11,8,0.18,12,16,0,6,7.32
511,7,7,13,7,0.2,14,12,0,3,11.94
199,2,6,12,3,0.21,12,12,0,2,7.39
607,6,11,17,6,1.35,13,17,0,1,19.3
240,5,11,12,12,-0.97,8,12,0,5,8.33
41,3,7,15,5,0.68,13,14,0,3,14.88
562,6,7,12,6,-0.32,11,16,1,3,13.33
825,2,7,12,4,-1.52,0,0,0,9,8.67
1862,5,5,10,7,0.11,14,10,1,3,5.05
254,2,10,12,8,0.7,12,11,0,2,12.81
2147,10,14,15,8,0.64,20,20,1,2,18.54
198,2,1,12,5,0.56,12,12,0,3,9.97
1343,3,5,13,8,-0.67,10,12,1,2,7.32
1394,1,1,12,2,-0.31,12,12,0,5,5.0
764,13,13,12,17,-1.02,12,12,0,4,20.91
747,12,13,15,15,0.91,14,16,0,5,18.92
1747,1,6,19,3,1.35,17,18,0,1,19.3
1992,4,12,11,15,-1.96,4,0,1,7,7.17
91,7,8,12,10,-0.34,16,13,0,2,6.89
142,1,4,15,4,0.02,12,14,0,2,9.03
1676,9,13,15,8,0.9,8,8,0,3,14.59
749,5,5,12,9,-0.25,12,12,0,1,7.32
835,6,6,12,9,0.14,11,12,0,2,9.68
1157,2,5,13,5,-0.49,11,12,0,0,10.8
1810,9,13,13,11,0.02,2,0,0,10,3.9
280,5,4,12,6,0.32,12,16,0,1,17.29
2093,6,10,12,13,0.54,10,12,1,2,21.12
648,10,12,11,17,-0.4,11,6,0,4,6.62
779,1,0,14,2,1.08,12,9,0,2,7.92
865,2,5,12,4,0.52,10,10,0,1,8.58
1699,1,3,12,3,-2.37,6,12,0,4,8.94
1336,2,10,15,12,0.29,12,16,0,1,12.94
1288,13,14,12,16,0.0,12,12,0,1,6.36
876,5,4,12,5,-1.04,10,9,1,4,12.43
1936,1,2,11,1,-0.11,12,14,0,3,5.31
613,4,8,13,12,0.24,12,12,0,0,12.81
868,1,8,16,2,2.01,14,15,0,1,14.73
530,1,1,12,2,0.17,12,12,0,2,10.49
2017,5,8,9,10,-2.21,6,2,0,7,5.75
674,2,9,15,5,0.68,12,18,0,2,10.38
122,11,14,16,14,0.9,16,16,0,6,22.65
456,9,12,15,9,1.08,12,15,0,3,14.59
452,1,4,12,3,0.87,12,14,0,4,6.75
441,9,12,13,8,1.22,14,16,0,3,18.92
787,5,8,10,10,-1.33,8,2,0,12,14.44
454,4,10,12,10,-0.68,12,18,0,1,8.41
2029,5,7,10,6,-1.18,12,12,0,6,8.33
1149,3,4,12,7,0.7,11,9,0,4,7.24
1608,9,14,12,13,-0.86,14,12,0,2,3.71
433,11,14,17,9,1.15,13,17,0,2,8.94
1252,2,1,11,4,0.43,7,7,0,5,7.46
2073,1,1,11,5,-0.34,11,10,0,3,9.97
15,10,13,13,11,0.28,10,12,1,3,24.78
375,5,9,15,8,1.27,14,11,0,2,12.81
129,3,2,12,6,-0.47,12,12,0,4,18.36
