totexp,pclothes,pfood,pfoodaway,pfuel,phealthcare,prent,pschool,ptelephone,pvice
2.5,0.0,0.6,0.0,0.024,0.08,0.0,0.0,0.0,0.0
6.0,0.1833,0.25,0.1667,0.0083,0.0023,0.0,0.0,0.0417,0.0
8.0,0.0,0.5,0.0625,0.0188,0.0,0.0,0.0,0.0,0.0
15.0,0.1133,0.2,0.01,0.1667,0.2067,0.0,0.1467,0.0,0.0
6.0,0.3333,0.5,0.0,0.0267,0.0,0.0,0.0,0.0,0.0
9.0,0.0778,0.5556,0.0556,0.0278,0.0,0.0,0.0556,0.0,0.0
12.0,0.0125,0.4167,0.025,0.05,0.0,0.0,0.025,0.0783,0.0
3.0,0.0,0.1667,0.3333,0.0,0.0,0.0,0.0,0.0,0.0
13.0,0.0923,0.3462,0.0408,0.0,0.0092,0.0,0.1154,0.0,0.0
4.0,0.0,0.75,0.0,0.15,0.0,0.0,0.0225,0.0,0.0125
10.0,0.3,0.2,0.02,0.05,0.01,0.0,0.25,0.0,0.0
15.0,0.28,0.2,0.0,0.1,0.0,0.0,0.0,0.0,0.0
3.5,0.0,0.0857,0.0286,0.0,0.0286,0.0,0.0571,0.0,0.0
5.5,0.0,0.3636,0.0,0.0909,0.0,0.0,0.0145,0.0227,0.0
3.0,0.1667,0.2,0.0667,0.0,0.05,0.0,0.0833,0.1667,0.0
5.0,0.0,0.4,0.2,0.02,0.002,0.0,0.0,0.0,0.0
8.0,0.0,0.3125,0.0,0.0625,0.005,0.0,0.0225,0.0,0.0
0.6,0.0,0.3,0.0,0.0833,0.0,0.0,0.0,0.0,0.0
6.5,0.3769,0.3846,0.0,0.0,0.0,0.0,0.1231,0.0,0.0
2.5,0.0,0.8,0.0,0.0,0.008,0.0,0.008,0.0,0.0
20.0,0.075,0.5,0.0,0.075,0.0,0.0,0.005,0.0,0.0
20.0,0.0,0.3,0.0015,0.1425,0.0,0.25,0.063,0.0,0.0
20.0,0.0,0.2,0.1,0.025,0.025,0.175,0.0175,0.3,0.0
28.0,0.0286,0.3214,0.0714,0.1,0.0,0.0,0.125,0.0,0.0
6.0,0.0417,0.5,0.0033,0.145,0.0033,0.0833,0.0,0.0,0.0
7.0,0.0,0.3571,0.0,0.1714,0.0,0.0,0.0,0.0,0.0
12.0,0.0183,0.5,0.0,0.175,0.0,0.0,0.0283,0.0,0.0
12.5,0.0,0.4,0.0,0.04,0.048,0.12,0.032,0.0,0.0
10.0,0.0,0.5,0.0,0.098,0.002,0.0,0.0,0.004,0.0
25.0,0.024,0.12,0.0,0.1,0.024,0.16,0.224,0.028,0.0
14.0,0.0,0.3,0.0286,0.2143,0.0536,0.0,0.0857,0.0,0.0
44.5,0.0787,0.1573,0.1124,0.0899,0.0157,0.2697,0.027,0.027,0.0
12.0,0.0208,0.2917,0.0,0.0892,0.0,0.0167,0.0025,0.0,0.0
34.0,0.0,0.2353,0.0,0.1353,0.0071,0.0735,0.0441,0.2941,0.0
15.85,0.0,0.5047,0.0252,0.0442,0.0473,0.0,0.0379,0.005,0.0252
37.0,0.0568,0.3108,0.0541,0.0216,0.0,0.1081,0.0324,0.1351,0.0
3.8,0.5,0.2632,0.0,0.0658,0.0,0.0,0.0132,0.0,0.0
28.0,0.05,0.25,0.0071,0.0625,0.0214,0.0,0.0036,0.0,0.0
8.0,0.0438,0.5,0.0,0.035,0.0,0.0,0.0,0.0,0.0
15.5,0.0355,0.3226,0.0,0.0581,0.1106,0.1613,0.0,0.0,0.0
13.0,0.1308,0.2308,0.0,0.0462,0.0,0.1385,0.0769,0.0538,0.0
120.0,0.0,0.25,0.0,0.0208,0.0,0.0,0.0792,0.325,0.0
30.0,0.1167,0.2,0.0667,0.0733,0.0,0.1533,0.1,0.0,0.0
33.0,0.0303,0.1818,0.0909,0.0879,0.0212,0.0758,0.0833,0.0848,0.0303
6.0,0.0,0.5333,0.0667,0.0833,0.0,0.0,0.0,0.0,0.0
45.0,0.0,0.2222,0.2222,0.0756,0.0,0.0556,0.0044,0.08,0.0
9.0,0.0389,0.4444,0.0444,0.0667,0.0,0.0,0.0167,0.0,0.0
15.0,0.1733,0.3,0.0333,0.2167,0.1,0.0,0.004,0.0,0.0
8.0,0.0,0.25,0.0,0.1313,0.0,0.0938,0.0,0.0875,0.0
50.0,0.1,0.11,0.01,0.05,0.03,0.06,0.02,0.36,0.0
20.0,0.0,0.25,0.0,0.025,0.0,0.1,0.02,0.12,0.0
37.0,0.0,0.1622,0.0405,0.1108,0.0027,0.0,0.4459,0.0378,0.0135
6.0,0.0,0.2042,0.0167,0.035,0.0,0.25,0.0083,0.1333,0.0167
7.0,0.0857,0.4286,0.0,0.1714,0.0,0.2143,0.0,0.0,0.0
8.0,0.0,0.4375,0.0,0.125,0.1063,0.1,0.0,0.0,0.025
5.0,0.15,0.3,0.0,0.08,0.0,0.1,0.0,0.14,0.0
18.0,0.0611,0.5,0.0,0.0833,0.0,0.0,0.1111,0.0,0.0
3.0,0.0,0.6667,0.0,0.0667,0.0067,0.0,0.0,0.0,0.0133
18.0,0.1111,0.2222,0.0111,0.2778,0.0025,0.0,0.0,0.0,0.0
20.0,0.095,0.4,0.01,0.06,0.0,0.0,0.0,0.11,0.0
13.0,0.0115,0.2385,0.1154,0.1154,0.0115,0.0,0.0577,0.0538,0.0
25.0,0.12,0.4,0.12,0.08,0.0,0.14,0.0,0.0,0.0
9.0,0.3,0.5,0.2,0.1111,0.0,0.0,0.6556,0.0,0.0
15.5,0.1548,0.2835,0.0071,0.0732,0.0548,0.2581,0.0258,0.0,0.0
9.0,0.0,0.3667,0.1111,0.0833,0.0,0.0,0.0,0.0,0.0
7.7,0.1299,0.1299,0.013,0.1247,0.0,0.0,0.2338,0.0,0.0
10.0,0.03,0.4,0.0,0.16,0.0,0.08,0.0,0.014,0.0
6.0,0.0,0.5,0.15,0.125,0.0,0.0,0.0,0.0,0.0
1.5,0.0,0.4667,0.0,0.0667,0.0,0.0,0.0667,0.0,0.02
10.5,0.0381,0.6667,0.0857,0.1105,0.1905,0.0,0.0476,0.0,0.0514
25.0,0.058,0.02,0.008,0.0,0.0,0.0,0.04,0.3,0.02
5.0,0.1,0.6,0.0,0.096,0.0,0.0,0.0,0.0,0.0
2.1,0.0,0.7143,0.0,0.181,0.0,0.0,0.0,0.0,0.0
25.0,0.058,0.6,0.02,0.04,0.0,0.0,0.0136,0.3,0.02
1.8,0.0,0.4167,0.0278,0.0389,0.0,0.0,0.2167,0.0,0.0
10.0,0.02,0.5,0.003,0.0405,0.007,0.0,0.003,0.0,0.0
4.5,0.0,0.7778,0.0,0.0544,0.0333,0.0,0.0,0.0,0.0
0.45,0.0,0.4444,0.0,0.0,0.0,0.0,0.0,0.0,0.0
29.0,0.2414,0.1552,0.0241,0.0145,0.0276,0.0,0.1724,0.0276,0.0
12.0,0.0833,0.4167,0.1,0.0417,0.0292,0.0,0.125,0.0,0.0
12.0,0.0,0.5,0.0333,0.2442,0.0667,0.0,0.3,0.0,0.0
10.0,0.0,0.5,0.0,0.13,0.0015,0.0,0.2,0.0,0.0
4.5,0.1,0.5556,0.0,0.2,0.0556,0.0,0.0033,0.0,0.0
42.0,0.0,0.2381,0.0,0.2857,0.0,0.0,0.4762,0.0,0.0
15.0,0.1467,0.6,0.2,0.13,0.0087,0.0,0.008,0.0,0.0
10.0,0.16,0.4,0.0,0.0,0.0,0.0,0.0,0.224,0.0
6.0,0.0667,0.6667,0.0,0.0375,0.0033,0.0,0.0333,0.0,0.0
8.0,0.1875,0.625,0.0,0.0938,0.0,0.0,0.0,0.0,0.0
6.0,0.0,0.6667,0.0,0.1083,0.0,0.0,0.0067,0.0,0.0
4.0,0.375,0.75,0.0,0.0,0.0,0.0,0.1875,0.0,0.0
6.0,0.0,0.5,0.0,0.0833,0.0,0.0,0.0167,0.0,0.0
15.0,0.0,0.5333,0.0,0.06,0.0733,0.0,0.0093,0.0,0.0
30.0,0.0192,0.2,0.0,0.0217,0.0,0.0,0.45,0.0333,0.0
8.0,0.0,0.625,0.0,0.225,0.0,0.0,0.0063,0.0,0.0
4.0,0.0,0.625,0.025,0.0888,0.0,0.175,0.0,0.0,0.0
3.5,0.0,0.5714,0.0,0.2171,0.0,0.0,0.0,0.0,0.0
6.0,0.0,0.8333,0.0,0.1,0.0,0.0,0.025,0.0,0.0
12.0,0.5833,0.5833,0.0083,0.1554,0.05,0.0,0.0,0.0,0.0
15.0,0.0633,0.6667,0.1,0.1067,0.0,0.2067,0.1,0.0,0.0
10.0,0.0,0.2,0.05,0.075,0.022,0.0,0.023,0.042,0.15
10.0,0.0,0.58,0.18,0.125,0.0,0.0,0.025,0.26,0.0
40.0,0.225,0.25,0.075,0.0625,0.0013,0.05,0.0875,0.05,0.0
9.0,0.2111,0.4,0.0056,0.0444,0.0,0.0,0.1111,0.0889,0.0
13.5,0.1852,0.037,0.0,0.2511,0.0,0.0,0.1519,0.1852,0.0
28.0,0.1429,0.3214,0.0714,0.0964,0.0,0.0,0.0571,0.0,0.0143
9.0,0.0,0.0556,0.0111,0.1333,0.0,0.0,0.02,0.0,0.0
4.0,0.0,0.5,0.0,0.19,0.0,0.0,0.0,0.025,0.0
34.0,0.1971,0.2941,0.0147,0.0985,0.0,0.1324,0.1471,0.0388,0.0
6.15,0.0,0.3252,0.0,0.1463,0.0,0.0,0.3577,0.052,0.0
25.0,0.06,0.064,0.12,0.02,0.08,0.0,0.4,0.0024,0.0
25.0,0.028,0.12,0.04,0.04,0.06,0.0,0.2,0.028,0.0
13.0,0.1923,0.3462,0.0077,0.0923,0.0038,0.0,0.0508,0.0038,0.0
29.0,0.0621,0.3448,0.0172,0.0593,0.0,0.2069,0.0621,0.0,0.0
95.0,0.0,0.0842,0.0221,0.0265,0.0008,0.0,0.0053,0.2387,0.0789
17.0,0.0059,0.1471,0.0353,0.0118,0.0059,0.1471,0.0059,0.0,0.0
10.0,0.23,0.2,0.02,0.065,0.0,0.0,0.0,0.0,0.0
12.0,0.0,0.125,0.0,0.25,0.0167,0.0,0.0,0.0,0.0
9.0,0.0667,0.1667,0.0222,0.1111,0.0111,0.0,0.2222,0.0,0.0
10.0,0.17,0.2,0.0,0.134,0.059,0.18,0.0,0.056,0.0
12.55,0.239,0.239,0.0239,0.0797,0.0199,0.0,0.1594,0.008,0.0
8.0,0.125,0.1875,0.0,0.125,0.0009,0.0,0.0063,0.0088,0.0
10.0,0.1,0.3,0.01,0.06,0.15,0.0,0.0,0.0,0.0
5.5,0.0,0.3273,0.0,0.1727,0.0038,0.0909,0.0,0.0,0.0
18.0,0.0556,0.1667,0.0278,0.0833,0.0556,0.0,0.0889,0.0389,0.0111
7.0,0.4286,0.1714,0.0079,0.1307,0.0,0.0,0.0371,0.0,0.0
10.0,0.0,0.25,0.05,0.2,0.02,0.0,0.15,0.028,0.0
15.0,0.1667,0.2,0.0067,0.01,0.0667,0.0,0.2333,0.0,0.0
4.0,0.2,0.375,0.0,0.175,0.0,0.0,0.125,0.0,0.0
39.0,0.0,0.1282,0.0,0.0513,0.0,0.0897,0.004,0.0036,0.0
16.0,0.1438,0.5,0.0,0.1309,0.0,0.0531,0.0,0.035,0.0
28.0,0.1786,0.7143,0.0,0.1071,0.0179,0.0,0.0,0.3571,0.0
3.0,0.49,0.5,0.0,0.0333,0.0,0.0,0.0,0.0,0.0167
15.0,0.0333,0.5333,0.0,0.1,0.0,0.1867,0.0867,0.0467,0.0
50.0,0.08,0.6,0.156,0.1,0.07,0.0,0.41,0.0,0.0
18.0,0.0833,0.2222,0.1111,0.1944,0.0,0.0,0.0,0.0,0.0
45.0,0.0,0.2222,0.0667,0.0222,0.0456,0.2222,0.0,0.0,0.0
15.0,0.0,0.4667,0.0,0.08,0.0,0.0,0.07,0.28,0.0
18.0,0.0,0.5,0.0,0.0833,0.0,0.0417,0.0556,0.0,0.0
25.0,0.1,0.4,0.02,0.032,0.0,0.28,0.06,0.1048,0.2
15.0,0.0,0.3333,0.0333,0.1667,0.0,0.0,0.0,0.0,0.0
29.7,0.0084,0.1515,0.101,0.004,0.0,0.1178,0.0121,0.404,0.0
25.0,0.022,0.4,0.0048,0.032,0.0,0.0,0.06,0.12,0.0
8.0,0.0563,0.375,0.0,0.2306,0.0,0.0,0.5,0.0,0.0
15.5,0.0451,0.1613,0.0045,0.0555,0.0,0.1161,0.4645,0.0,0.0
10.0,0.0,0.5,0.0,0.095,0.0,0.3,0.0,0.14,0.0
9.0,0.0,0.5556,0.0172,0.0811,0.0133,0.0,0.0444,0.0167,0.0172
30.0,0.04,0.5,0.15,0.0917,0.0,0.0,0.1533,0.0,0.0
6.0,0.0,0.8333,0.0,0.1417,0.0,0.0,0.1667,0.0467,0.0
10.0,0.0,0.4,0.024,0.169,0.0,0.15,0.4,0.024,0.0
15.0,0.0,0.3333,0.1,0.0667,0.0,0.0,0.0,0.0373,0.0
12.0,0.0,0.4167,0.0,0.0167,0.0,0.0,0.1667,0.0,0.0
20.0,0.0,0.25,0.0,0.109,0.0,0.05,0.1,0.0,0.0
25.0,0.0116,0.04,0.0224,0.1332,0.0,0.2,0.0,0.0616,0.0
30.0,0.0,0.5,0.0,0.1167,0.006,0.0,0.12,0.04,0.0
9.95,0.201,0.201,0.2513,0.1005,0.0,0.0553,0.0,0.0,0.0
1.2,0.0,0.4167,0.0417,0.125,0.0,0.0,0.0,0.0,0.0
20.0,0.0,0.25,0.0,0.0325,0.0,0.125,0.175,0.06,0.0
20.0,0.03,0.3,0.01,0.075,0.005,0.25,0.025,0.05,0.0
23.0,0.2174,0.0278,0.0,0.0726,0.0,0.2609,0.0043,0.0243,0.0
60.0,0.05,0.0833,0.0,0.0142,0.0,0.1167,0.05,0.0117,0.0
5.2,0.0,0.3846,0.0,0.0769,0.0,0.0,0.0,0.0,0.0
11.0,0.0273,0.6364,0.0,0.0227,0.0,0.0,0.0,0.0182,0.0
5.5,0.3145,0.4545,0.0,0.0273,0.0,0.0,0.0,0.0,0.0182
1.6,0.0,0.625,0.0,0.0125,0.0313,0.0,0.0,0.0,0.0
4.0,0.0475,0.675,0.025,0.075,0.0,0.0,0.0,0.0,0.0
5.0,0.14,0.3,0.06,0.01,0.02,0.0,0.02,0.0,0.0
1.6,0.0,0.75,0.0,0.0625,0.0,0.0,0.05,0.0,0.0
7.5,0.0933,0.3333,0.0,0.024,0.0933,0.0,0.0133,0.0,0.0
7.5,0.0267,0.2267,0.0,0.04,0.0,0.0,0.0,0.0,0.0
5.0,0.0,0.4,0.03,0.076,0.1,0.0,0.0,0.0,0.05
6.8,0.0,0.1471,0.1029,0.0191,0.0735,0.0,0.0,0.0,0.0
37.0,0.0059,0.3514,0.0,0.0189,0.0,0.0041,0.0,0.0076,0.0
28.0,0.0607,0.0714,0.0,0.0757,0.0,0.0,0.0114,0.2321,0.0
5.5,0.0691,0.3091,0.0,0.0382,0.0,0.0,0.0045,0.0,0.0545
8.0,0.0313,0.1875,0.0,0.0125,0.0725,0.0,0.0,0.0,0.0
3.5,0.0,0.2857,0.0,0.0243,0.3571,0.0,0.0,0.0,0.0
5.0,0.0,0.44,0.0,0.05,0.0,0.0,0.012,0.0,0.0
5.0,0.0,0.6,0.0,0.02,0.0,0.0,0.01,0.0,0.0
6.0,0.0583,0.2,0.0333,0.0467,0.0717,0.0,0.0333,0.0,0.0
19.0,0.0,0.1842,0.0158,0.0737,0.0263,0.0,0.0526,0.0,0.0
58.0,0.0103,0.0207,0.0,0.0026,0.0,0.0,0.0003,0.0,0.0
2.7,0.0,0.7407,0.0,0.037,0.0056,0.0,0.0,0.0,0.0
3.0,0.0,0.5,0.0,0.0,0.0067,0.0,0.025,0.0,0.0
3.5,0.0,0.5714,0.0,0.0571,0.0429,0.0,0.0,0.0,0.0
13.8,0.087,0.5797,0.0,0.0,0.0,0.0,0.0,0.0,0.0
4.385,0.0,0.4561,0.0228,0.1425,0.0,0.0,0.0,0.0,0.0912
10.0,0.07,0.4,0.04,0.028,0.057,0.0,0.05,0.0,0.0
5.0,0.1,0.2,0.05,0.036,0.06,0.0,0.14,0.0,0.0
19.0,0.0,0.1579,0.0,0.0184,0.0263,0.0,0.0126,0.0,0.0211
17.18,0.2328,0.2619,0.0873,0.0204,0.0407,0.0,0.0373,0.0,0.0
5.0,0.056,0.52,0.0,0.082,0.0,0.0,0.0,0.0,0.02
4.0,0.0,0.25,0.0,0.055,0.125,0.0,0.015,0.0,0.0
9.0,0.2222,0.3333,0.0,0.0333,0.0,0.0,0.0,0.0,0.1667
12.5,0.24,0.28,0.0,0.02,0.0,0.0,0.0,0.0,0.0
35.0,0.0,0.0286,0.0,0.0029,0.0,0.0,0.0,0.0,0.0029
3.5,0.0,0.5714,0.0,0.0286,0.0,0.0,0.0,0.0,0.0857
10.5,0.0571,0.1905,0.0476,0.0171,0.0,0.0,0.1905,0.0,0.0
6.0,0.0,0.25,0.0,0.0167,0.0,0.0,0.0133,0.0,0.0083
4.0,0.0,0.5,0.0,0.075,0.0,0.0,0.0,0.0,0.0
3.0,0.0833,0.3333,0.0,0.0333,0.01,0.0,0.0533,0.0,0.0133
8.0,0.0,0.4375,0.0375,0.0206,0.0625,0.0,0.0363,0.0,0.0
3.5,0.1,0.4857,0.0,0.0571,0.2143,0.0,0.0,0.0,0.0
51.0,0.0,0.0235,0.002,0.0078,0.001,0.0,0.0016,0.0,0.0
10.0,0.1,0.2,0.0,0.015,0.0,0.0,0.0225,0.0,0.0
15.0,0.0,0.1333,0.0,0.01,0.018,0.0,0.5333,0.0,0.0333
7.0,0.0,0.7143,0.0143,0.0286,0.0429,0.0,0.0714,0.0,0.0
5.0,0.15,0.56,0.0,0.04,0.06,0.0,0.0,0.0,0.0
1.9,0.1974,0.2105,0.0,0.0526,0.1053,0.0,0.0,0.0,0.1579
5.0,0.0,0.2,0.0,0.06,0.0,0.0,0.1,0.0,0.0
10.0,0.145,0.1,0.0,0.007,0.0,0.0,0.0,0.0,0.0
4.5,0.0867,0.6222,0.0,0.04,0.1,0.0,0.0,0.0,0.0
1.3,0.2308,0.1538,0.0,0.0615,0.2308,0.0,0.0,0.0,0.0
5.0,0.23,0.5,0.0,0.024,0.0,0.0,0.0,0.0,0.0
2.4,0.0,0.625,0.0,0.0625,0.0333,0.0,0.0,0.0,0.0
3.0,0.1567,0.5,0.0,0.0167,0.0333,0.0,0.005,0.0,0.0
2.5,0.0,0.4,0.0,0.08,0.12,0.0,0.0,0.0,0.016
10.0,0.0,0.1,0.0,0.01,0.004,0.0,0.0,0.0,0.02
6.5,0.0,0.6154,0.0538,0.0077,0.0769,0.0,0.0692,0.0,0.0
9.8,0.0306,0.2041,0.0102,0.0204,0.1633,0.0,0.0,0.0,0.0
5.0,0.2,0.4,0.002,0.01,0.02,0.0,0.005,0.0,0.1
2.7,0.0667,0.7407,0.0,0.0296,0.0,0.0,0.0,0.0,0.0
6.0,0.0,0.0833,0.05,0.02,0.0,0.0,0.0,0.0,0.0
6.0,0.0,0.3333,0.0333,0.0283,0.1667,0.0,0.0,0.0,0.0
10.0,0.09,0.2,0.0,0.016,0.02,0.0,0.0,0.056,0.05
3.6,0.2222,0.5556,0.0,0.0222,0.0,0.0,0.0,0.0,0.0778
3.0,0.0,0.1667,0.0,0.3,0.0,0.0,0.0,0.0,0.0
1.5,0.0,0.3333,0.0,0.0333,0.0,0.0,0.0,0.0,0.0
8.0,0.0875,0.5,0.0,0.0563,0.025,0.0,0.075,0.0,0.0
25.0,0.34,0.2,0.02,0.044,0.028,0.012,0.0,0.0,0.0
7.0,0.0,0.7143,0.0,0.0143,0.0929,0.0,0.0,0.0,0.0143
6.0,0.0,0.5833,0.0167,0.0167,0.05,0.0,0.0333,0.0,0.0
2.8,0.1607,0.3571,0.0,0.0607,0.0,0.0,0.0,0.0,0.0
17.0,0.2353,0.2941,0.0471,0.0265,0.0047,0.0,0.1765,0.0,0.0
3.0,0.19,0.2667,0.0,0.0667,0.0167,0.0,0.0,0.0,0.0667
9.0,0.1111,0.2778,0.0,0.0211,0.0167,0.0,0.0489,0.0,0.0111
3.2,0.0,0.4688,0.0,0.0469,0.0313,0.0,0.0125,0.0,0.0688
5.0,0.075,0.54,0.0,0.03,0.124,0.0,0.0,0.0,0.0
8.6,0.2326,0.6977,0.0,0.0116,0.0,0.0,0.0,0.0,0.0
4.0,0.045,0.25,0.0,0.025,0.3,0.0,0.0,0.0,0.0
2.0,0.0,0.25,0.0,0.1,0.165,0.0,0.0,0.0,0.0
8.0,0.0,0.15,0.0,0.0438,0.0,0.0,0.0313,0.0,0.0
2.0,0.0,0.3,0.0,0.05,0.0,0.0,0.03,0.0,0.0
3.5,0.0,0.4286,0.1429,0.02,0.0143,0.0857,0.0,0.0,0.0
2.5,0.0,0.4,0.0,0.04,0.16,0.0,0.0,0.0,0.0
8.0,0.1,0.1875,0.0,0.0125,0.025,0.0,0.035,0.0,0.0
25.0,0.376,0.08,0.0,0.008,0.02,0.0,0.0,0.0,0.0
6.0,0.0,0.5333,0.0333,0.0583,0.0,0.0,0.05,0.0,0.0
5.0,0.0,0.7,0.0,0.03,0.1,0.0,0.0,0.0,0.0
5.0,0.5,0.12,0.02,0.04,0.0,0.0,0.0,0.0,0.0
4.0,0.0,0.25,0.017,0.0625,0.0,0.0,0.0,0.0,0.01
14.0,0.0607,0.2429,0.0857,0.0164,0.0,0.0,0.0,0.0179,0.0214
0.8,0.6375,0.25,0.0,0.0,0.0,0.0,0.0,0.0,0.0
5.0,0.0,0.6,0.0,0.024,0.09,0.0,0.0,0.0,0.0
3.0,0.0,0.8333,0.0,0.04,0.0,0.0,0.0,0.0,0.0
2.5,0.0,1.0,0.04,0.044,0.02,0.0,0.0,0.0,0.06
0.4,0.0,0.75,0.0,0.05,0.0,0.0,0.0,0.0,0.0
2.3,0.2174,0.3478,0.0,0.0435,0.0,0.0,0.0,0.0,0.0
4.5,0.1722,0.3333,0.0,0.06,0.0,0.0,0.1222,0.0,0.0
18.0,0.1667,0.2222,0.0278,0.0333,0.0,0.0,0.0917,0.0,0.0556
2.0,0.1,0.25,0.005,0.04,0.01,0.0,0.0,0.0,0.0
8.0,0.25,0.1875,0.0688,0.0231,0.0688,0.0,0.0113,0.0,0.0
4.5,0.0267,0.4444,0.0,0.0556,0.1667,0.0,0.0,0.0,0.0556
4.0,0.05,0.5,0.0,0.05,0.0113,0.0,0.0,0.0,0.05
2.9,0.1034,0.5172,0.0,0.0448,0.031,0.0,0.0,0.0,0.0
13.0,0.0231,0.3077,0.0154,0.0146,0.0231,0.0385,0.2246,0.0231,0.0
5.0,0.0,0.3,0.01,0.06,0.3,0.0,0.0,0.0,0.0
7.0,0.0429,0.4286,0.0071,0.0214,0.1814,0.0,0.01,0.0,0.0714
4.0,0.0,0.375,0.01,0.065,0.0,0.0,0.1,0.0,0.05
9.5,0.0,0.1053,0.0,0.0316,0.06,0.0,0.0,0.0,0.0
8.0,0.0,0.0625,0.0,0.025,0.0231,0.0,0.04,0.0,0.0
6.0,0.0,0.4167,0.0,0.02,0.0,0.0,0.05,0.0,0.0
5.0,0.0,0.2,0.0,0.03,0.15,0.0,0.012,0.0,0.0
6.0,0.0,0.7,0.0167,0.0267,0.0,0.0,0.1,0.0,0.0333
4.0,0.0,0.15,0.075,0.05,0.075,0.0,0.0,0.0,0.0
32.0,0.0875,0.3125,0.2813,0.0188,0.0416,0.0,0.125,0.0,0.0
22.0,0.1273,0.1591,0.0682,0.0109,0.0091,0.0,0.0,0.3409,0.0
3.0,0.0,0.3333,0.0333,0.06,0.0,0.0,0.0,0.0,0.0
11.5,0.2174,0.2609,0.0435,0.0165,0.0435,0.0,0.0,0.0,0.0
3.5,0.0,0.5143,0.0,0.0143,0.16,0.0,0.0,0.0,0.0
2.0,0.0,0.4,0.0025,0.125,0.0,0.0,0.01,0.0,0.2
4.0,0.11,0.5,0.025,0.075,0.075,0.0,0.0,0.0,0.0
4.5,0.1556,0.4444,0.0,0.0333,0.0,0.0,0.0,0.0,0.0
0.8,0.0,0.625,0.0,0.0125,0.0125,0.0,0.0,0.0,0.0
4.0,0.0,0.5,0.0,0.0313,0.055,0.0,0.0,0.0,0.02
4.2,0.1333,0.1667,0.2024,0.0155,0.0476,0.0,0.0,0.0,0.1905
1.0,0.0,0.8,0.0,0.0,0.0,0.0,0.0,0.0,0.0
0.3,0.0,0.6667,0.0,0.0,0.0,0.0,0.0,0.0,0.0
4.0,0.0,0.375,0.05,0.025,0.1,0.0,0.0,0.0,0.0
3.8,0.0447,0.6579,0.0,0.0053,0.1842,0.0,0.0,0.0,0.0
2.0,0.0,0.35,0.05,0.075,0.0,0.0,0.04,0.0,0.0
8.0,0.0,0.75,0.0031,0.05,0.0,0.0,0.0125,0.0,0.0
3.8,0.0,0.2632,0.0,0.0947,0.1711,0.0,0.0789,0.0,0.0
14.5,0.1379,0.5517,0.0207,0.0621,0.0138,0.0,0.0138,0.0,0.0
11.0,0.0727,0.5,0.0045,0.0327,0.0,0.0,0.0727,0.0636,0.0
2.0,0.0,0.5,0.0,0.025,0.0,0.0,0.015,0.0,0.0
3.0,0.25,0.3333,0.0,0.1067,0.1367,0.0,0.0267,0.0,0.0
8.0,0.0,0.5,0.0,0.0375,0.025,0.0,0.025,0.01,0.0
2.0,0.0,0.25,0.0,0.1175,0.21,0.0,0.0,0.0,0.0
7.0,0.0457,0.7143,0.0,0.05,0.0029,0.0857,0.0,0.0,0.0
0.55,0.0,0.5455,0.0,0.0727,0.0,0.0,0.0,0.0,0.0
8.9,0.0865,0.4494,0.0,0.0337,0.0,0.0,0.0,0.0,0.0
10.71,0.0,0.2801,0.1867,0.1401,0.0,0.0,0.0187,0.0,0.0
4.0,0.0,0.625,0.0125,0.045,0.0,0.0,0.0,0.0,0.105
19.0,0.0789,0.3158,0.0211,0.0263,0.1,0.0,0.2368,0.0737,0.0421
1.5,0.0,0.5333,0.0,0.1333,0.0,0.0,0.04,0.0,0.0
16.0,0.075,0.1875,0.0,0.005,0.0625,0.0,0.0,0.075,0.0
4.0,0.0,0.5,0.025,0.075,0.05,0.0,0.05,0.0,0.0
23.0,0.0,0.3478,0.0,0.0587,0.0478,0.0,0.0,0.013,0.0
16.0,0.0,0.5625,0.0,0.06,0.025,0.0,0.0938,0.0175,0.0
2.9,0.0,0.5172,0.0,0.0345,0.1034,0.0,0.0,0.0,0.0
6.2,0.0,0.3871,0.0,0.1935,0.2653,0.0,0.0,0.0,0.0
1.55,0.0,0.3226,0.0,0.0645,0.3871,0.0,0.0,0.0,0.0
10.0,0.0,0.5,0.02,0.0675,0.045,0.0,0.0,0.04,0.0
4.5,0.0,0.1,0.0111,0.1667,0.0,0.3333,0.0,0.0,0.0
13.0,0.0308,0.5,0.0,0.1923,0.0519,0.0,0.0654,0.0,0.0
3.9,0.0,0.3846,0.0513,0.15,0.0,0.0,0.0,0.2154,0.0
0.6,0.0,0.5,0.0,0.1667,0.0333,0.0,0.0,0.0,0.0
8.0,0.0,0.25,0.0,0.1375,0.0,0.0,0.175,0.0,0.0
0.5,0.0,0.2,0.0,0.13,0.01,0.0,0.0,0.0,0.0
10.0,0.2,0.1,0.0,0.01,0.02,0.0,0.2,0.0,0.0
7.5,0.0867,0.6,0.0,0.0293,0.056,0.0,0.0,0.0,0.0
4.5,0.0,0.2667,0.0,0.0333,0.0556,0.0,0.0,0.0,0.0
3.5,0.0571,0.2286,0.0,0.0286,0.0,0.0,0.0,0.0,0.0
28.0,0.0,0.3571,0.0,0.0107,0.0893,0.0,0.0,0.1071,0.0
22.0,0.1091,0.1818,0.0227,0.0918,0.0007,0.0773,0.0,0.0182,0.0
7.0,0.0714,0.8143,0.0,0.0571,0.0,0.0,0.0,0.0,0.0
3.5,0.0,0.5143,0.0,0.0357,0.0086,0.0,0.0,0.0,0.0
5.5,0.0545,0.5455,0.0545,0.0473,0.1836,0.0,0.0018,0.0,0.0
18.0,0.2,0.3889,0.0278,0.065,0.0378,0.0,0.0194,0.0022,0.0
8.0,0.1875,0.1875,0.0,0.0938,0.025,0.0,0.0,0.0088,0.0
28.0,0.0,0.0714,0.0,0.04,0.0,0.0,0.3375,0.1464,0.0
15.5,0.0,0.3871,0.0,0.0645,0.0,0.0,0.0,0.1935,0.0
1.8,0.0,0.2222,0.0611,0.15,0.0,0.0,0.0,0.0,0.0
12.0,0.0,0.4167,0.0,0.0117,0.05,0.0,0.0958,0.0117,0.0
10.0,0.022,0.3,0.0,0.019,0.015,0.0,0.08,0.02,0.06
1.6,0.0,0.625,0.0,0.0625,0.0,0.0,0.0,0.0,0.0
4.4,0.0,0.4545,0.0,0.1136,0.0682,0.0,0.0136,0.0,0.0
2.5,0.12,0.4,0.0,0.078,0.0,0.0,0.0,0.2,0.0
3.5,0.0,0.4286,0.0,0.0286,0.0,0.0,0.0,0.04,0.0
1.2,0.0,0.1667,0.0,0.1,0.0375,0.0,0.0167,0.0,0.0
8.0,0.0875,0.225,0.0338,0.0663,0.0575,0.0,0.0,0.0,0.0313
4.0,0.0,0.375,0.0,0.1375,0.0,0.0,0.0,0.0,0.0
2.3,0.3043,0.4348,0.0217,0.0522,0.0,0.0,0.0,0.0,0.0
1.7,0.2059,0.2647,0.0,0.0765,0.0294,0.0,0.0,0.0,0.0
4.0,0.0,0.625,0.0,0.075,0.0,0.0,0.0,0.0,0.0
1.58,0.0,0.3165,0.0,0.1899,0.0633,0.0,0.1266,0.0,0.0
8.8,0.0,0.2273,0.0,0.0341,0.0455,0.0,0.4545,0.0,0.0
7.5,0.0,0.6667,0.0,0.0653,0.0547,0.0,0.0,0.0,0.0
5.0,0.0,0.2,0.0,0.032,0.0,0.0,0.0,0.056,0.0
5.55,0.0991,0.3604,0.0901,0.0901,0.1081,0.0,0.0541,0.0,0.0
20.0,0.0,0.45,0.0,0.0563,0.0,0.2,0.025,0.0,0.0
8.0,0.0,0.75,0.0,0.0063,0.0438,0.0,0.0,0.0,0.0
5.0,0.0,0.4,0.0,0.3,0.03,0.0,0.04,0.0,0.0
9.0,0.0,0.5556,0.0,0.0289,0.0,0.1444,0.05,0.0556,0.0
25.0,0.0,0.6,0.0,0.014,0.0216,0.16,0.008,0.0196,0.0
9.0,0.0,0.2778,0.0,0.0778,0.0,0.1667,0.0278,0.0778,0.0
4.0,0.0,0.5,0.0,0.0338,0.0,0.0,0.175,0.0,0.0
11.5,0.0174,0.8696,0.0,0.0174,0.0,0.0,0.0174,0.1565,0.0
9.5,0.0,0.3158,0.0526,0.0347,0.0789,0.0,0.0,0.0105,0.0
6.0,0.3333,0.2,0.0,0.1125,0.0008,0.0,0.0,0.035,0.0
47.0,0.5106,0.2128,0.0,0.0106,0.0149,0.0128,0.0255,0.1277,0.0
20.0,0.0349,0.19,0.053,0.0038,0.008,0.0,0.0,0.1025,0.0
10.0,0.0,0.5,0.0,0.0465,0.02,0.15,0.0,0.14,0.0
7.0,0.0,0.2857,0.0,0.1143,0.0686,0.0,0.0714,0.0,0.0
9.6,0.0,0.5208,0.0,0.3125,0.1563,0.0,0.0,0.0,0.0
12.0,0.0417,0.05,0.0083,0.0292,0.0583,0.0583,0.0,0.0,0.0
8.0,0.0,0.225,0.0188,0.0475,0.0419,0.0,0.0438,0.0,0.0
2.5,0.0,0.44,0.0,0.08,0.02,0.0,0.0,0.0,0.0
3.0,0.0,0.2833,0.0333,0.1,0.0,0.0,0.0667,0.0,0.0
7.5,0.0,0.4,0.0,0.0667,0.2,0.0,0.0,0.012,0.0133
4.0,0.15,0.175,0.0,0.08,0.0,0.0,0.0,0.0,0.0
1.5,0.0,0.4,0.0,0.0333,0.0,0.0,0.0,0.0,0.02
1.6,0.05,0.5,0.0,0.0094,0.0,0.0,0.0,0.0,0.0
5.0,0.0,0.4,0.0,0.06,0.046,0.0,0.0,0.0,0.2
3.0,0.0,0.6667,0.0,0.0333,0.0,0.0,0.0,0.0,0.0
6.0,0.0,0.3333,0.0,0.0275,0.0,0.0,0.2833,0.0,0.0
2.6,0.0,0.3846,0.0,0.0308,0.0,0.0,0.0,0.0,0.0
4.5,0.0,0.3333,0.0,0.0889,0.1222,0.0,0.1111,0.0,0.0778
7.0,0.0,0.3571,0.0,0.0571,0.0,0.0,0.0,0.0,0.0
2.5,0.0,0.48,0.02,0.04,0.07,0.0,0.048,0.0,0.0
1.6,0.0,0.5,0.0625,0.0813,0.1875,0.0,0.0,0.0,0.0
4.5,0.0833,0.6667,0.0,0.0311,0.0,0.0,0.0,0.0,0.0
7.0,0.2143,0.2143,0.0714,0.0571,0.0,0.0,0.05,0.0,0.0857
10.0,0.0,0.17,0.05,0.007,0.015,0.0,0.0,0.0,0.0
2.6,0.0,0.6923,0.0,0.0385,0.0,0.0,0.0,0.0,0.0
4.0,0.05,0.5,0.01,0.0175,0.0,0.0,0.0625,0.0,0.0
2.0,0.0,0.4,0.0,0.1,0.0,0.0,0.015,0.0,0.04
5.0,0.081,0.62,0.036,0.012,0.0,0.0,0.0,0.0,0.0
3.0,0.0,0.7333,0.0,0.0433,0.0,0.0,0.0,0.0,0.0
1.6,0.0469,0.625,0.0,0.1125,0.0,0.0,0.0125,0.0,0.0
20.0,0.125,0.15,0.0,0.0175,0.0,0.0,0.0,0.035,0.0
5.0,0.0,0.2,0.012,0.04,0.0,0.0,0.3,0.0,0.0
25.0,0.0,0.04,0.04,0.0072,0.0,0.0,0.0,0.0,0.0
5.0,0.0,0.4,0.01,0.05,0.0,0.0,0.0,0.0,0.0
2.0,0.0,0.1,0.05,0.025,0.0,0.0,0.0,0.05,0.0
2.8,0.0,0.4286,0.0,0.0536,0.0179,0.0,0.0214,0.0,0.0
7.5,0.0,0.3333,0.0133,0.0613,0.0,0.0,0.0493,0.0467,0.0
3.5,0.0,0.2286,0.0,0.0486,0.0429,0.0,0.0086,0.0,0.0
8.2,0.0671,0.3659,0.0305,0.0415,0.0134,0.0,0.0,0.0122,0.0
3.5,0.0,0.4286,0.0143,0.0714,0.1429,0.0,0.0,0.0,0.0
7.0,0.05,0.4286,0.0286,0.0357,0.0,0.0,0.0643,0.0,0.0
3.0,0.0,0.3333,0.0067,0.0833,0.1833,0.0,0.0333,0.0,0.0
4.0,0.045,0.75,0.0,0.0475,0.0,0.0,0.0,0.0,0.0
8.0,0.0,0.75,0.0,0.0063,0.0263,0.0,0.0563,0.0,0.0
8.5,0.0,0.2353,0.0,0.0353,0.0235,0.0,0.4412,0.0,0.0882
5.0,0.0,0.56,0.0,0.096,0.02,0.0,0.04,0.0,0.0
8.0,0.0,0.5,0.0,0.0225,0.0075,0.0,0.04,0.0,0.0
4.0,0.0,0.5,0.0,0.0425,0.0,0.0,0.125,0.0,0.0
3.0,0.0,0.2333,0.0667,0.07,0.0267,0.0,0.0,0.0,0.0
3.0,0.0,0.5,0.0,0.1667,0.0067,0.0,0.005,0.0467,0.0
3.0,0.0,0.2667,0.0333,0.0833,0.0,0.0,0.0,0.0,0.0
4.0,0.0,0.5,0.0,0.0975,0.0125,0.0,0.0,0.0,0.0
1.2,0.0,0.1667,0.0833,0.0833,0.0,0.0,0.0833,0.0,0.0
1.5,0.0,0.4,0.0,0.4,0.0,0.0,0.0,0.0,0.0
3.5,0.0,0.7143,0.0857,0.0343,0.0,0.0,0.0,0.08,0.0
2.0,0.0,0.25,0.025,0.02,0.005,0.0,0.075,0.0,0.0
5.0,0.156,0.48,0.032,0.036,0.0,0.0,0.0,0.0,0.0
2.2,0.0,0.6818,0.0,0.0455,0.0295,0.0,0.0,0.0,0.0
6.0,0.05,0.3333,0.0,0.0567,0.0292,0.0,0.0,0.0,0.0
5.0,0.0,0.5,0.0,0.06,0.2,0.0,0.0,0.0,0.0
10.5,0.0,0.5714,0.0476,0.0362,0.0286,0.0,0.0,0.0,0.0
2.5,0.256,0.48,0.0,0.04,0.02,0.0,0.0,0.0,0.0
6.0,0.1433,0.75,0.0,0.0067,0.0,0.0,0.0,0.0,0.0
25.0,0.028,0.4,0.012,0.016,0.0,0.0,0.0,0.12,0.0
6.0,0.0,0.75,0.0,0.0333,0.0,0.0,0.0,0.0,0.0
3.5,0.0,0.7143,0.0,0.0286,0.0,0.0,0.0,0.0,0.0
4.0,0.0,0.75,0.0125,0.045,0.0625,0.0,0.0,0.0125,0.0
5.0,0.0,0.2,0.0,0.12,0.02,0.0,0.0,0.012,0.2
3.0,0.0,0.6667,0.0,0.0333,0.0333,0.0,0.0,0.0,0.0
3.5,0.0,0.8571,0.0,0.0229,0.0,0.0,0.0,0.0,0.0
3.5,0.0,0.5714,0.0,0.0057,0.0,0.0,0.0,0.0,0.0
6.0,0.075,0.3333,0.0,0.0333,0.105,0.0,0.0,0.0,0.25
2.0,0.275,0.6,0.0,0.0325,0.0,0.0,0.0,0.0,0.0
9.0,0.1889,0.3889,0.0222,0.02,0.0,0.0,0.0,0.0389,0.0
6.0,0.0583,0.6667,0.0,0.0417,0.0167,0.0,0.0,0.0,0.0
25.0,0.04,0.48,0.02,0.04,0.0,0.0,0.0,0.168,0.0
5.5,0.0,0.7273,0.0,0.0182,0.0,0.0,0.0,0.0,0.0
14.0,0.1536,0.5714,0.0214,0.0129,0.0,0.0,0.0,0.0,0.0
13.5,0.137,0.4963,0.0296,0.0148,0.0,0.0,0.0,0.0444,0.0
5.5,0.1382,0.7273,0.0,0.0073,0.0,0.0,0.0,0.0,0.0
3.5,0.0,0.5714,0.0,0.0229,0.0,0.0,0.0,0.0,0.0
6.0,0.0,0.3333,0.0167,0.0417,0.0333,0.0,0.0,0.0167,0.0
10.0,0.0,0.4,0.0,0.02,0.0,0.0,0.0,0.0,0.0
6.5,0.0,0.5692,0.0,0.0231,0.1385,0.0,0.0,0.0,0.0
4.8,0.1719,0.5,0.0,0.0146,0.0,0.0,0.0,0.0,0.0
6.0,0.0,0.5833,0.0,0.0333,0.04,0.0,0.0,0.0,0.0
3.0,0.0,0.5,0.0,0.0433,0.0,0.0,0.0,0.0,0.0
2.5,0.1,0.56,0.0,0.024,0.0,0.0,0.0,0.0,0.0
4.5,0.0,0.6667,0.0,0.0267,0.0,0.0,0.0,0.0,0.0
36.0,0.1814,0.2778,0.0,0.0528,0.0347,0.0,0.0139,0.0,0.0417
2.4,0.1521,0.3333,0.0,0.0292,0.2083,0.0,0.0,0.0,0.0
6.0,0.0,0.8333,0.0,0.0083,0.0,0.0,0.0,0.0,0.0
4.5,0.1556,0.3333,0.0,0.0511,0.0,0.0,0.0,0.0,0.0
8.0,0.0813,0.5,0.025,0.0688,0.0275,0.0,0.0,0.0,0.0
4.5,0.0556,0.4444,0.0,0.0667,0.0889,0.0,0.0,0.0,0.0556
4.0,0.13,0.625,0.0,0.0875,0.0125,0.0,0.0,0.0,0.0
6.0,0.0,0.6667,0.0,0.05,0.02,0.0,0.0,0.0,0.0
15.0,0.0,0.4,0.0,0.08,0.03,0.0667,0.03,0.0,0.16
4.0,0.0925,0.625,0.0,0.0,0.0,0.0,0.0,0.0,0.0
4.0,0.24,0.5,0.0,0.025,0.0,0.0,0.0313,0.0,0.0
6.0,0.0533,0.6667,0.0,0.0133,0.0,0.0,0.0,0.0,0.0
6.2,0.0,0.3226,0.0,0.0161,0.3065,0.0,0.0,0.0,0.0161
4.0,0.0625,0.75,0.0,0.0,0.0,0.0,0.0,0.0,0.0
6.0,0.0,0.6667,0.0167,0.1,0.0083,0.0,0.0,0.0083,0.0
10.6,0.283,0.3774,0.0,0.0613,0.0,0.0,0.0,0.1887,0.0
7.5,0.0,0.6667,0.0,0.0893,0.0053,0.0,0.0,0.0,0.0667
2.8,0.1964,0.4643,0.0286,0.0339,0.0,0.0,0.0,0.0,0.0
20.0,0.0,0.25,0.0025,0.15,0.005,0.0,0.0,0.05,0.0
12.0,0.025,0.3083,0.0417,0.0792,0.065,0.0583,0.0104,0.0,0.0
3.5,0.0,0.2857,0.0,0.06,0.0286,0.0,0.0,0.0,0.0
30.0,0.0,0.3333,0.01,0.06,0.0083,0.0,0.0,0.0,0.06
40.0,0.0,0.5,0.005,0.025,0.125,0.0,0.0,0.025,0.0
7.0,0.1786,0.5,0.0,0.0286,0.0,0.0,0.0,0.0,0.0
3.0,0.0,0.6,0.0533,0.0667,0.0,0.0,0.0,0.0,0.0
12.0,0.0,0.4167,0.0,0.06,0.001,0.0833,0.0292,0.0,0.0
4.5,0.1,0.4444,0.0,0.0222,0.1111,0.0,0.0,0.1556,0.0
9.0,0.1778,0.4444,0.0,0.2011,0.0,0.0,0.0,0.0,0.0
7.0,0.1143,0.7143,0.0,0.0143,0.0,0.0,0.0,0.0,0.0
6.5,0.0077,0.4615,0.0,0.2654,0.0077,0.0,0.0,0.0,0.0
7.0,0.0,0.7143,0.0,0.0429,0.0,0.0,0.0,0.0,0.0
10.0,0.0,0.8,0.05,0.03,0.005,0.0,0.0,0.0,0.0
2.2,0.1591,0.5455,0.0,0.0182,0.0,0.0,0.0,0.0,0.0068
15.0,0.0333,0.3333,0.0067,0.1233,0.0333,0.0,0.0,0.0,0.0
5.5,0.0,0.4545,0.0,0.0545,0.0182,0.0,0.0,0.0,0.2727
0.7,0.0,0.7143,0.0286,0.0714,0.0,0.0,0.0,0.0,0.0
6.0,0.1333,0.6667,0.0,0.05,0.0,0.0,0.0,0.0,0.0
7.0,0.0714,0.5,0.0,0.0857,0.0143,0.0,0.0,0.0,0.0
4.5,0.0,0.6667,0.0,0.0667,0.0,0.0,0.0,0.0,0.0
7.5,0.0507,0.2667,0.0,0.04,0.04,0.0,0.0,0.0,0.04
2.4,0.2479,0.4167,0.0333,0.0271,0.025,0.0,0.0,0.0,0.0
4.0,0.04,0.5,0.0,0.05,0.0063,0.0,0.0,0.0,0.0
3.7,0.1622,0.4324,0.0216,0.023,0.0162,0.0,0.0,0.0,0.0
6.0,0.075,0.5,0.0,0.025,0.0333,0.0,0.0,0.0,0.0
1.3,0.3846,0.4615,0.0,0.0615,0.0077,0.0,0.0,0.0,0.0
3.0,0.0,0.2667,0.0,0.0333,0.0,0.0,0.0,0.0,0.0
4.0,0.0,0.75,0.0,0.06,0.025,0.0,0.0,0.0,0.0
8.0,0.0,0.5625,0.0,0.025,0.0125,0.0,0.0,0.0,0.0125
7.3,0.1151,0.137,0.0,0.0315,0.0,0.0,0.0,0.0,0.0
7.0,0.3571,0.2857,0.0086,0.0857,0.0,0.0,0.0,0.0143,0.0
4.0,0.0,0.35,0.0,0.0525,0.025,0.0,0.0,0.0,0.0
3.5,0.1,0.5714,0.0,0.0429,0.02,0.0,0.0,0.0,0.0
10.0,0.0,0.3,0.0,0.02,0.0,0.0,0.0,0.1,0.0
2.5,0.0,0.6,0.0,0.04,0.0,0.0,0.0,0.0,0.0
1.7,0.0,0.5882,0.0,0.1765,0.0,0.0,0.0,0.0,0.0
5.0,0.0,0.5,0.0,0.022,0.1,0.0,0.0,0.0,0.0
2.0,0.0,0.5,0.0,0.125,0.0,0.0,0.0,0.0,0.0
2.0,0.0,0.5,0.0,0.05,0.0,0.0,0.0,0.0,0.0
3.5,0.0,0.5714,0.0,0.0486,0.2286,0.0,0.0,0.0,0.0
11.5,0.087,0.3478,0.0087,0.0304,0.0,0.0,0.0,0.0609,0.0
4.5,0.1333,0.5556,0.0444,0.0556,0.0,0.0,0.0,0.0,0.0
14.8,0.2703,0.1351,0.0,0.0203,0.0,0.0,0.0,0.0,0.0
7.0,0.0557,0.4086,0.0,0.1321,0.0,0.0,0.0029,0.0,0.0
4.3,0.0326,0.2791,0.0,0.0372,0.0,0.0,0.0,0.0,0.0
11.0,0.0,0.4545,0.0,0.05,0.3545,0.0,0.0,0.1273,0.0
3.0,0.0,0.5,0.0,0.0833,0.04,0.0,0.0333,0.0,0.0
6.0,0.232,0.5,0.0,0.0417,0.0,0.0,0.0,0.0,0.0
3.8,0.1053,0.3421,0.1053,0.0263,0.0,0.0,0.0,0.0,0.0
4.0,0.0625,0.5,0.0,0.03,0.05,0.0,0.0,0.0,0.0
6.0,0.0,0.3333,0.0833,0.04,0.4333,0.0,0.0,0.0,0.0
4.0,0.0,0.5,0.0,0.075,0.125,0.0,0.0,0.0,0.0
4.0,0.095,0.25,0.0,0.125,0.0,0.0,0.075,0.225,0.0
6.535,0.0,0.3826,0.0,0.0536,0.1377,0.0,0.0,0.0765,0.0
5.5,0.0,0.5455,0.0,0.0436,0.0909,0.0,0.0,0.0,0.0
4.0,0.275,0.5,0.0,0.045,0.0,0.0,0.0,0.0,0.0
3.5,0.0,0.7143,0.0,0.0686,0.0,0.0,0.0,0.0,0.0
3.1,0.0,0.6452,0.0,0.0645,0.0,0.0,0.0,0.1355,0.0
7.0,0.1,0.5,0.0,0.0286,0.0214,0.0,0.0,0.0,0.0
2.5,0.0,0.6,0.0,0.016,0.01,0.0,0.0,0.0,0.0
5.5,0.0,0.4545,0.0,0.0436,0.1273,0.0,0.0,0.1273,0.0
12.0,0.1333,0.4167,0.0667,0.0333,0.0,0.0,0.0,0.0467,0.0
4.5,0.0622,0.4444,0.0889,0.1111,0.0622,0.0,0.0,0.0,0.0
3.2,0.0,0.1563,0.0,0.0625,0.0,0.0,0.0,0.0,0.0
3.0,0.0,0.8333,0.0,0.04,0.2,0.0,0.0,0.0,0.0
3.0,0.0,0.5,0.0,0.07,0.2133,0.0,0.0,0.0,0.0
2.9,0.0,0.4483,0.0,0.069,0.0,0.0,0.0,0.0,0.0
5.7,0.5351,0.1754,0.0,0.0351,0.0,0.0,0.0,0.0,0.0
4.5,0.0,0.3333,0.0,0.0889,0.0,0.0,0.0,0.0,0.0
1.0,0.0,0.2,0.0,0.07,0.07,0.0,0.0,0.0,0.0
12.0,0.1667,0.4167,0.0,0.0208,0.0,0.0,0.0,0.0583,0.0
12.0,0.0,0.4167,0.0,0.0417,0.0333,0.0,0.0,0.0375,0.0
2.5,0.0,0.6,0.0,0.056,0.0,0.0,0.0,0.0,0.0
6.42,0.0,0.3115,0.0,0.0312,0.0,0.0,0.0,0.0,0.0
3.5,0.0,0.7143,0.0,0.0457,0.0457,0.0,0.0,0.0,0.0
6.0,0.0,0.3,0.0833,0.025,0.1167,0.0,0.0,0.0583,0.0
3.5,0.0,0.7143,0.0,0.0543,0.0,0.0,0.0,0.0,0.0
3.6,0.0,0.5556,0.0,0.05,0.0444,0.0,0.0,0.0,0.0
7.5,0.0,0.4,0.0,0.0267,0.0133,0.0,0.0,0.0,0.0667
5.7,0.1316,0.2632,0.0,0.0316,0.0,0.0,0.0,0.0982,0.0
3.0,0.0,0.6667,0.0,0.0567,0.1,0.0,0.0,0.0,0.0
3.5,0.0,0.7143,0.0,0.0686,0.0,0.0,0.0,0.0,0.0
2.58,0.0,0.3876,0.0349,0.0581,0.1085,0.0,0.0,0.0,0.0
1.5,0.0867,0.4667,0.0,0.0333,0.02,0.0,0.0133,0.0,0.0
1.0,0.0,0.5,0.0,0.1,0.0,0.0,0.0,0.0,0.0
1.2,0.0,0.4167,0.0,0.0667,0.25,0.0,0.0,0.0,0.0
2.8,0.0,0.5357,0.0,0.1071,0.0357,0.0,0.0,0.0,0.0
10.0,0.45,0.25,0.02,0.045,0.05,0.0,0.0,0.0,0.02
4.0,0.0,0.25,0.0,0.0375,0.0625,0.0,0.0,0.0,0.0
1.6,0.0,0.625,0.0,0.0625,0.0188,0.0,0.0,0.0,0.0
3.6,0.0347,0.2778,0.0,0.0417,0.0056,0.0,0.0,0.0,0.0
4.0,0.0,0.4,0.375,0.0425,0.025,0.0,0.0,0.0,0.0
5.8,0.0,0.2586,0.0,0.1379,0.0,0.0,0.0,0.0,0.0862
10.0,0.0,0.5,0.06,0.012,0.0,0.0,0.0,0.0,0.0
2.0,0.0,0.35,0.0,0.0525,0.0,0.0,0.0,0.0,0.0
3.5,0.0,0.5714,0.0,0.0857,0.0,0.0,0.0,0.0,0.0
16.0,0.275,0.1563,0.0,0.0431,0.025,0.0,0.0,0.0109,0.0
1.0,0.0,0.3,0.0,0.1,0.0,0.0,0.0,0.0,0.0
5.0,0.04,0.4,0.0,0.06,0.0,0.0,0.0,0.0,0.0
4.7,0.0,0.1383,0.0,0.0128,0.0,0.0,0.0,0.0,0.0
2.5,0.12,0.18,0.04,0.1,0.0,0.0,0.0,0.0,0.0
13.0,0.1923,0.2308,0.0231,0.0385,0.2308,0.0,0.0,0.0,0.0769
6.0,0.0833,0.1,0.0,0.0667,0.0917,0.0,0.0667,0.0,0.0
1.2,0.0,0.6667,0.0,0.0833,0.0417,0.0,0.0,0.0,0.0
9.0,0.1111,0.4444,0.0056,0.1111,0.1111,0.0,0.0056,0.0,0.0
5.0,0.16,0.6,0.006,0.024,0.0,0.0,0.0,0.0,0.0
7.82,0.0,0.2302,0.0639,0.0281,0.0192,0.0,0.0256,0.0,0.0
15.0,0.0,0.1333,0.0,0.036,0.0,0.0,0.0,0.0,0.0
6.0,0.0,0.0667,0.025,0.1667,0.25,0.0,0.0,0.0,0.0
11.0,0.0,0.2273,0.0,0.0091,0.0,0.0,0.0473,0.1527,0.0
2.5,0.0,0.2,0.0,0.12,0.0,0.0,0.0,0.0,0.0
4.588,0.3269,0.218,0.0,0.0436,0.0,0.0,0.0,0.0,0.0
3.0,0.0,0.5,0.03,0.0667,0.04,0.0,0.0667,0.0,0.0
5.0,0.16,0.4,0.004,0.04,0.0,0.0,0.24,0.0,0.0
15.0,0.18,0.1333,0.002,0.1067,0.0,0.0,0.0,0.2667,0.0
5.0,0.0,0.16,0.0,0.03,0.0,0.0,0.0,0.0,0.056
15.0,0.1993,0.1267,0.1667,0.0033,0.1,0.0,0.04,0.0,0.0
2.5,0.0,0.48,0.0,0.16,0.0,0.0,0.0,0.0,0.0
7.0,0.0,0.2857,0.0,0.0,0.0286,0.0,0.0,0.0,0.0
9.5,0.0,0.3158,0.0211,0.0368,0.0737,0.0,0.0421,0.0,0.0
2.0,0.0,0.5,0.0,0.05,0.0,0.0,0.0,0.0,0.0
2.5,0.2,0.2,0.04,0.04,0.0,0.0,0.0,0.0,0.0
3.0,0.0,0.6667,0.0,0.0667,0.0333,0.0,0.0,0.0,0.0
8.0,0.375,0.25,0.0,0.0875,0.125,0.0,0.0,0.0,0.0175
8.0,0.0,0.375,0.0,0.0538,0.0,0.0,0.0938,0.0,0.025
4.3,0.5349,0.1163,0.0,0.014,0.0233,0.0,0.0,0.0,0.0
1.2,0.0,0.4167,0.0,0.0625,0.0417,0.0,0.0,0.0,0.0
6.0,0.0533,0.5,0.0,0.0083,0.0083,0.0,0.0,0.0,0.0
16.0,0.0,0.4688,0.0,0.075,0.0,0.0094,0.0938,0.0,0.0
2.5,0.4,0.32,0.0,0.064,0.016,0.0,0.0,0.0,0.0
7.5,0.0,0.0533,0.0067,0.032,0.0,0.0,0.0,0.0,0.0453
3.5,0.1286,0.5714,0.0143,0.0271,0.0,0.0,0.0,0.0,0.0171
5.5,0.0,0.7273,0.0,0.0364,0.0364,0.0,0.0,0.0,0.0364
5.0,0.056,0.56,0.06,0.028,0.0,0.0,0.0,0.0,0.0
12.0,0.0833,0.3333,0.0,0.0167,0.2083,0.0,0.0,0.0583,0.0
4.0,0.0,0.625,0.0,0.025,0.0,0.0,0.0,0.0,0.0
4.0,0.19,0.5,0.0,0.0,0.0,0.0,0.0,0.0,0.0
4.0,0.0,0.325,0.025,0.0625,0.2,0.0,0.0,0.0,0.0
5.5,0.0,0.2727,0.0,0.0818,0.2618,0.0,0.0,0.0,0.0909
2.0,0.0,0.4,0.0,0.05,0.0,0.0,0.0,0.35,0.0
7.5,0.0667,0.6,0.0267,0.0333,0.04,0.0,0.0,0.0,0.0
3.0,0.0,0.6667,0.0333,0.04,0.0,0.0,0.0,0.0,0.0
5.0,0.16,0.2,0.02,0.04,0.0,0.0,0.0,0.0,0.02
5.0,0.22,0.5,0.0,0.03,0.0,0.0,0.0,0.0,0.0
2.0,0.0,0.5,0.0,0.0325,0.095,0.0,0.0,0.0,0.015
0.9,0.0,0.5556,0.0,0.1111,0.0,0.0,0.0,0.0,0.0
13.9,0.054,0.3237,0.0,0.0156,0.036,0.0,0.0,0.0,0.0
4.0,0.025,0.5,0.0,0.05,0.0,0.0,0.025,0.0,0.0625
1.5,0.0,0.5333,0.1,0.1733,0.0,0.0,0.0,0.0,0.0
10.0,0.135,0.5,0.04,0.0525,0.0,0.0,0.0,0.0,0.0
2.0,0.0,0.09,0.1,0.1575,0.0,0.0,0.0,0.0,0.0
6.0,0.055,0.5,0.0,0.0167,0.0,0.0,0.0067,0.0,0.0
3.5,0.0,0.5714,0.0,0.0086,0.0,0.0,0.2286,0.0,0.0
25.0,0.0,0.32,0.0,0.0848,0.0288,0.0,0.06,0.0,0.0
7.0,0.0,0.3571,0.0,0.0286,0.0071,0.0,0.0714,0.1,0.0357
11.5,0.0,0.1739,0.0,0.0435,0.0087,0.0,0.0174,0.1217,0.0
35.0,0.2286,0.2857,0.0,0.0514,0.02,0.0,0.0,0.1886,0.0
2.5,0.0,0.28,0.0,0.028,0.0,0.0,0.304,0.0,0.0
5.7,0.2632,0.5263,0.0175,0.0246,0.0088,0.0,0.0,0.0,0.0
9.5,0.0368,0.5263,0.0053,0.1053,0.0105,0.0,0.1053,0.0,0.0
2.8,0.0536,0.1786,0.0,0.0643,0.4643,0.0,0.0,0.0,0.0
10.0,0.095,0.4,0.02,0.025,0.0,0.0,0.06,0.0,0.05
4.5,0.0444,0.4444,0.0,0.0333,0.0,0.0,0.0667,0.0,0.0
10.46,0.0,0.3824,0.0478,0.0287,0.0076,0.0,0.0,0.0,0.0
3.5,0.1429,0.2166,0.0286,0.0629,0.0,0.0,0.0643,0.0,0.0
0.8,0.0,0.625,0.0,0.0625,0.0,0.0,0.0,0.0,0.0
4.0,0.0,0.5,0.0,0.025,0.0,0.0,0.075,0.0,0.0
2.0,0.0,0.25,0.0,0.035,0.0,0.0,0.25,0.0,0.0
4.5,0.0,0.6667,0.0,0.0356,0.0444,0.0,0.0,0.0,0.0
3.0,0.0,0.5,0.0,0.0083,0.0,0.0,0.1667,0.0,0.0
5.5,0.0,0.5455,0.0,0.0364,0.07,0.0,0.0255,0.0,0.0
2.7,0.0,0.037,0.0,0.1111,0.0556,0.0,0.2593,0.1037,0.0
4.4,0.2727,0.2273,0.0,0.042,0.0,0.0,0.3864,0.0,0.0
16.55,0.0,0.4834,0.0242,0.0906,0.016,0.0,0.003,0.0,0.0
6.0,0.1667,0.5,0.0,0.0333,0.0083,0.0,0.05,0.0,0.0
3.8,0.0,0.3947,0.0,0.0263,0.0,0.0,0.1316,0.0,0.0
16.0,0.0,0.1875,0.0,0.0525,0.1563,0.0938,0.375,0.0,0.0
5.8,0.0,0.1207,0.0,0.0405,0.0,0.0,0.6552,0.0,0.0
1.5,0.0,0.6,0.0,0.0333,0.0,0.0,0.0,0.0,0.0
3.5,0.1429,0.2286,0.0571,0.0657,0.0,0.0,0.0429,0.0,0.0
2.0,0.2,0.15,0.05,0.0525,0.04,0.0,0.17,0.0,0.0
6.5,0.0,0.1538,0.0,0.0692,0.0538,0.0,0.04,0.0769,0.0
4.5,0.0,0.5556,0.0,0.0222,0.1111,0.0,0.0222,0.0,0.0
2.0,0.0,0.4,0.0,0.14,0.0,0.0,0.0,0.21,0.0
9.0,0.2444,0.0556,0.0111,0.0233,0.0,0.0,0.4056,0.0167,0.0
6.4,0.0,0.2344,0.0,0.0336,0.0313,0.0,0.0047,0.0219,0.0
25.5,0.5098,0.2745,0.0,0.0157,0.0,0.098,0.0196,0.0,0.0
10.0,0.0,0.2,0.3,0.023,0.008,0.0,0.024,0.0,0.0
2.78,0.0,0.5396,0.0,0.0288,0.0,0.0,0.036,0.0,0.0
3.0,0.05,0.5,0.0,0.0333,0.0,0.0,0.005,0.0,0.0
5.0,0.14,0.4,0.0,0.042,0.0,0.0,0.0,0.0,0.0
2.5,0.0,0.6,0.02,0.058,0.02,0.0,0.0,0.0,0.0
30.0,0.0247,0.3333,0.0,0.0267,0.0,0.0,0.2,0.0467,0.0
2.0,0.0,0.25,0.0,0.02,0.0,0.0,0.5,0.0,0.0
9.0,0.1167,0.6667,0.0,0.0356,0.0,0.0,0.0222,0.0,0.0
3.0,0.0,0.2333,0.0,0.05,0.0167,0.0,0.0667,0.0,0.0
20.1,0.2836,0.1741,0.0,0.0746,0.0,0.0,0.1244,0.0299,0.0
4.0,0.0,0.625,0.015,0.03,0.175,0.0,0.0,0.0,0.0
13.5,0.0,0.3704,0.0407,0.0444,0.0185,0.0,0.0519,0.0,0.0
9.0,0.0,0.3333,0.02,0.0222,0.2778,0.0,0.0333,0.0,0.0
8.0,0.0,0.5,0.0375,0.01,0.0,0.0,0.125,0.0,0.0
1.0,0.0,0.8,0.0,0.05,0.0,0.0,0.0,0.0,0.0
9.2,0.2174,0.3261,0.0217,0.0304,0.0,0.0,0.0239,0.0,0.0
3.0,0.0133,0.6667,0.0333,0.0333,0.0,0.0,0.0417,0.0,0.0
4.3,0.0,0.5814,0.0233,0.0326,0.0,0.0,0.1791,0.0,0.0
8.9,0.0787,0.2247,0.0225,0.0966,0.0,0.0,0.4836,0.0,0.0
18.0,0.0,0.1667,0.0167,0.0206,0.0333,0.0,0.0083,0.0333,0.0
3.3,0.0,0.6061,0.0,0.0455,0.0152,0.0,0.2182,0.0,0.0
5.9,0.0847,0.5085,0.0,0.0237,0.0,0.0,0.1712,0.0,0.0
13.0,0.0,0.7692,0.0,0.0331,0.0,0.0,0.0408,0.0,0.0385
4.3,0.0,0.4651,0.0,0.0326,0.0,0.0,0.0,0.0,0.0
7.5,0.0,0.5333,0.0,0.2087,0.096,0.0,0.0333,0.0,0.0
8.5,0.0824,0.0941,0.0588,0.0529,0.0,0.0,0.4129,0.0,0.0
10.5,0.1429,0.2857,0.0,0.0714,0.0095,0.0,0.1429,0.0,0.0
8.0,0.1375,0.1875,0.0,0.0225,0.0313,0.0,0.015,0.0,0.0
8.4,0.0,0.5952,0.0,0.0786,0.0,0.0,0.0595,0.0,0.0
6.0,0.0,0.4167,0.0167,0.07,0.0,0.0,0.025,0.0,0.0
25.0,0.0,0.12,0.0,0.048,0.032,0.0,0.08,0.168,0.0
48.0,0.0229,0.3958,0.0438,0.0071,0.0438,0.0,0.0042,0.1354,0.0
8.8,0.0398,0.5682,0.0568,0.0455,0.1364,0.0,0.0,0.0,0.0
8.0,0.0,0.1875,0.0,0.025,0.0,0.0,0.5,0.035,0.0
2.5,0.0,0.6,0.0,0.06,0.024,0.0,0.02,0.0,0.0
5.1,0.0,0.5882,0.0,0.0275,0.0,0.0,0.1275,0.0,0.0
7.0,0.05,0.0743,0.0,0.0214,0.0,0.0,0.0,0.0,0.0
8.0,0.0625,0.125,0.0125,0.0125,0.0313,0.0,0.0625,0.0,0.0
5.0,0.34,0.36,0.04,0.05,0.002,0.0,0.0,0.0,0.0
1.9,0.0,0.2632,0.0,0.0526,0.0,0.0,0.0,0.0,0.0
8.0,0.0481,0.125,0.0,0.0063,0.0,0.0,0.0244,0.0,0.0
6.0,0.1333,0.0833,0.0167,0.0333,0.1,0.0,0.0167,0.0,0.0
6.0,0.1167,0.1667,0.05,0.0333,0.0,0.0,0.015,0.0,0.0
2.5,0.24,0.2,0.04,0.032,0.0,0.0,0.02,0.0,0.0
15.0,0.02,0.1333,0.0067,0.0133,0.0667,0.0,0.2,0.0,0.0
2.5,0.132,0.2,0.06,0.068,0.004,0.0,0.02,0.0,0.0
8.0,0.0438,0.15,0.0213,0.0625,0.125,0.0,0.25,0.0,0.0
0.8,0.1625,0.5,0.0,0.125,0.05,0.0,0.0,0.0,0.0
1.5,0.0,0.6,0.06,0.03,0.0133,0.0,0.0247,0.0,0.0
6.0,0.0,0.0833,0.0,0.0167,0.0417,0.0,0.0333,0.0,0.0083
5.0,0.0,0.26,0.02,0.02,0.04,0.0,0.1,0.0,0.0
10.0,0.0,0.05,0.01,0.05,0.07,0.0,0.1,0.0,0.0
3.0,0.0,0.1667,0.0067,0.0733,0.0167,0.0,0.005,0.0,0.09
2.5,0.144,0.24,0.012,0.008,0.0,0.0,0.104,0.0,0.0
2.0,0.175,0.15,0.0,0.085,0.005,0.0,0.0,0.0,0.05
15.0,0.0,0.0667,0.0133,0.02,0.02,0.0,0.2,0.0,0.0
1.71,0.2515,0.2924,0.0877,0.0234,0.0,0.0,0.0,0.0,0.0
1.5,0.2467,0.2,0.0333,0.04,0.0,0.0,0.0,0.0,0.0
2.5,0.0,0.2,0.0,0.12,0.08,0.0,0.08,0.0,0.048
4.0,0.175,0.45,0.0,0.0188,0.0,0.0,0.0,0.0,0.0
0.5,0.0,0.3,0.0,0.06,0.04,0.0,0.03,0.0,0.0
2.5,0.27,0.26,0.04,0.02,0.0,0.0,0.0,0.0,0.0
1.0,0.0,0.5,0.05,0.15,0.0,0.0,0.0,0.0,0.0
3.0,0.125,0.15,0.005,0.02,0.0167,0.0,0.0,0.0,0.0167
2.0,0.4,0.25,0.0,0.025,0.0,0.0,0.0,0.0,0.0
3.0,0.0,0.3333,0.0,0.0567,0.0233,0.0,0.0,0.0,0.0
8.0,0.15,0.125,0.0625,0.025,0.095,0.0,0.0,0.0,0.0
5.0,0.194,0.3,0.06,0.02,0.0,0.0,0.0,0.0,0.02
2.5,0.072,0.24,0.06,0.06,0.0,0.0,0.0,0.0,0.0
2.0,0.0,0.25,0.0,0.025,0.01,0.0,0.1,0.0,0.0
6.0,0.0233,0.5,0.0117,0.0317,0.0,0.0,0.0433,0.0,0.0
2.0,0.0,0.5,0.01,0.035,0.0225,0.0,0.04,0.0,0.0
3.5,0.1143,0.5286,0.0286,0.0171,0.1,0.0,0.0314,0.0,0.0
3.5,0.0,0.4286,0.0286,0.0857,0.0,0.0,0.0,0.0,0.0
7.8,0.0385,0.1923,0.0,0.0256,0.0359,0.0,0.1282,0.0128,0.0
8.0,0.025,0.25,0.0125,0.0625,0.015,0.0,0.1875,0.0,0.025
10.0,0.02,0.1,0.015,0.02,0.025,0.0,0.3,0.0,0.0
3.4,0.0,0.2941,0.0,0.0882,0.0147,0.0,0.0132,0.0,0.0824
2.0,0.0,0.35,0.0,0.11,0.02,0.0,0.1,0.0,0.05
5.0,0.07,0.3,0.02,0.05,0.0,0.0,0.04,0.0,0.0
1.4,0.0,0.3571,0.0286,0.0357,0.0,0.0,0.0,0.0,0.1429
5.0,0.06,0.3,0.03,0.02,0.14,0.0,0.2,0.0,0.0
8.5,0.1459,0.1412,0.0176,0.0053,0.2353,0.0,0.0141,0.0,0.0
1.5,0.0,0.4,0.03,0.1,0.0,0.0,0.0,0.0,0.0133
7.0,0.0,0.2143,0.0429,0.0714,0.0357,0.0,0.2,0.0,0.0143
5.0,0.106,0.6,0.0,0.03,0.06,0.0,0.004,0.0,0.0
5.5,0.0455,0.3636,0.0273,0.0545,0.0909,0.0,0.0909,0.0,0.0
0.8,0.0,0.375,0.0625,0.0625,0.0125,0.0,0.0313,0.0,0.0
2.0,0.0,0.5,0.01,0.075,0.0,0.0,0.02,0.0,0.0
1.2,0.15,0.4167,0.0167,0.0417,0.0208,0.0,0.0208,0.0,0.0
8.0,0.025,0.1875,0.0125,0.025,0.025,0.0,0.0875,0.0,0.0
9.0,0.0,0.1111,0.0222,0.0222,0.0278,0.0,0.1111,0.0,0.0333
0.8,0.0,0.625,0.0,0.0625,0.0,0.0,0.0063,0.0,0.0
3.5,0.24,0.2857,0.1,0.0857,0.0,0.0,0.0,0.0,0.0
3.5,0.16,0.2857,0.1429,0.04,0.0,0.0,0.0029,0.0,0.0
1.0,0.0,0.5,0.0,0.15,0.0,0.0,0.0,0.0,0.0
8.0,0.025,0.0875,0.0125,0.025,0.125,0.0,0.0625,0.0088,0.0
2.5,0.112,0.4,0.008,0.08,0.08,0.0,0.0,0.0,0.0
8.0,0.0375,0.35,0.0,0.0625,0.025,0.0,0.125,0.0,0.0188
5.0,0.0,0.2,0.01,0.02,0.08,0.0,0.05,0.0,0.0
5.0,0.0,0.1,0.04,0.06,0.0,0.0,0.0,0.0,0.0
10.0,0.07,0.15,0.02,0.05,0.05,0.0,0.1,0.07,0.025
8.0,0.15,0.25,0.0775,0.0438,0.0,0.0,0.0,0.025,0.0
5.0,0.09,0.2,0.01,0.01,0.0,0.0,0.0,0.0,0.0
0.7,0.0,0.7143,0.0286,0.0357,0.0,0.0,3.1857,0.0,0.0
1.5,0.1333,0.3333,0.0133,0.06,0.0133,0.0,0.0533,0.0,0.0467
10.0,0.015,0.23,0.01,0.05,0.045,0.0,0.2,0.0,0.0
2.8,0.125,0.5357,0.025,0.0286,0.0,0.0,0.0268,0.0,0.0
2.0,0.0,0.5,0.0,0.01,0.0,0.0,0.05,0.0,0.0
2.0,0.025,0.25,0.05,0.05,0.0,0.0,0.025,0.0,0.0
8.5,0.2941,0.1412,0.0412,0.0412,0.0,0.0,0.0,0.0,0.0
0.8,0.05,0.625,0.0,0.0625,0.0,0.0,0.0,0.0,0.0
4.5,0.0889,0.5556,0.0,0.0289,0.0,0.0,0.0,0.0,0.0
2.5,0.0,0.48,0.0,0.18,0.0,0.0,0.032,0.0,0.0
3.5,0.0,0.1714,0.0,0.0629,0.0,0.0,0.0,0.0,0.0857
3.0,0.1167,0.2,0.0,0.0467,0.0067,0.0,0.0,0.0,0.0333
1.2,0.0,0.5,0.0417,0.0833,0.0417,0.0,0.0,0.0,0.0
2.0,0.0,0.25,0.045,0.03,0.0,0.0,0.0,0.0,0.0
2.5,0.0,0.82,0.0,0.07,0.004,0.0,0.0,0.0,0.0
1.5,0.0,0.4,0.0,0.4,0.0,0.0,0.1,0.0,0.0
8.0,0.0,0.5625,0.0038,0.0169,0.0,0.0,0.0563,0.0125,0.0
9.1,0.1319,0.5495,0.0,0.0198,0.0,0.0,0.0604,0.0,0.0
4.7,0.0,0.6809,0.0,0.054,0.0064,0.0,0.0,0.0,0.0
0.72,0.0,0.6944,0.0,0.0972,0.0,0.0,0.0,0.0,0.0
4.0,0.07,0.5,0.0,0.025,0.005,0.0,0.0,0.0,0.0
8.8,0.0,0.6591,0.0114,0.0057,0.0,0.0,0.0148,0.0568,0.0
9.0,0.0,0.6667,0.0222,0.0333,0.0333,0.0,0.0056,0.0333,0.0
8.0,0.15,0.3125,0.0,0.0525,0.1875,0.0,0.0,0.0,0.0125
1.0,0.0,0.5,0.0,0.3,0.0,0.0,0.0,0.0,0.0
2.3,0.4783,0.3478,0.0,0.087,0.0,0.0,0.0435,0.0,0.0065
15.0,0.0267,0.2333,0.0133,0.04,0.0233,0.0,0.22,0.0,0.0173
16.0,0.0963,0.05,0.0313,0.0088,0.0,0.0,0.0063,0.0,0.0438
1.0,0.0,0.5,0.0,0.0,0.005,0.0,0.1,0.0,0.0
2.0,0.0,0.5,0.0,0.085,0.015,0.0,0.03,0.0,0.0
2.5,0.0,0.6,0.0,0.042,0.0,0.0,0.024,0.0,0.0
15.0,0.1133,0.18,0.02,0.011,0.012,0.0,0.0,0.0,0.0
2.0,0.0,0.25,0.0,0.06,0.11,0.0,0.025,0.0,0.0
2.5,0.0,0.52,0.0,0.07,0.08,0.0,0.04,0.0,0.0
7.5,0.0333,0.5333,0.0133,0.0576,0.0,0.0,0.016,0.0,0.0
3.7,0.4865,0.2703,0.0,0.0703,0.0135,0.0,0.027,0.0,0.0
6.9,0.2101,0.0833,0.0,0.0507,0.0,0.0,0.087,0.0,0.0
24.5,0.0,0.0457,0.0,0.0327,0.0367,0.0,0.0,0.0,0.0
7.0,0.0,0.2857,0.0,0.0214,0.0286,0.0,0.1221,0.0143,0.0
2.5,0.0,0.48,0.04,0.044,0.02,0.0,0.056,0.028,0.0
7.0,0.0,0.3,0.0,0.0243,0.0429,0.0,0.2857,0.1143,0.0
3.0,0.0,0.6333,0.0,0.0833,0.05,0.0,0.0,0.0,0.0
10.0,0.12,0.36,0.02,0.03,0.0,0.0,0.024,0.0,0.0
5.0,0.08,0.4,0.036,0.036,0.014,0.0,0.04,0.0,0.18
2.8,0.0,0.1071,0.0,0.0179,0.0,0.0,0.0,0.0,0.0
7.5,0.256,0.4,0.0,0.0453,0.02,0.0,0.0293,0.0,0.0333
20.0,0.15,0.25,0.01,0.05,0.0175,0.0,0.0,0.035,0.0
5.0,0.0,0.2,0.0,0.02,0.0,0.0,0.0,0.0,0.0
6.5,0.3769,0.4615,0.0,0.0223,0.0,0.0,0.0123,0.0,0.0092
7.0,0.0,0.3571,0.0857,0.085,0.2571,0.0,0.0143,0.0,0.0
3.8,0.0,0.0789,0.0789,0.0158,0.1026,0.0,0.0526,0.0,0.0
1.35,0.0,0.4444,0.0,0.3704,0.0,0.0,0.037,0.0,0.0148
6.0,0.0,0.5833,0.0167,0.025,0.0,0.0,0.0583,0.0,0.0
6.0,0.135,0.2167,0.0,0.0117,0.005,0.0,0.25,0.0167,0.0033
4.0,0.0,0.75,0.0,0.0425,0.0,0.0,0.0,0.0,0.0
10.0,0.0,0.25,0.0,0.024,0.0,0.0,0.0,0.0,0.0
2.5,0.0,0.72,0.0,0.06,0.0,0.0,0.02,0.0,0.0
8.5,0.1412,0.4235,0.0,0.0941,0.0588,0.0,0.0824,0.0,0.0
0.9,0.0,0.5556,0.0,0.0944,0.0,0.0,0.0,0.0,0.0
0.9,0.3333,0.2778,0.0,0.0278,0.0167,0.0,0.0,0.0,0.0
3.2,0.625,0.1563,0.0,0.0688,0.0016,0.0,0.0,0.0,0.0125
5.5,0.0682,0.2727,0.0,0.0136,0.0818,0.0,0.0655,0.0,0.0218
34.0,0.1176,0.3529,0.0059,0.0588,0.0147,0.0,0.0294,0.0353,0.0
8.0,0.25,0.4375,0.025,0.0225,0.005,0.0,0.015,0.0,0.0
4.2,0.0,0.4762,0.0,0.0452,0.0476,0.0,0.0,0.0,0.0238
11.0,0.0273,0.3636,0.1091,0.0182,0.0,0.0,0.3182,0.0,0.0273
4.0,0.0,0.5,0.025,0.03,0.0,0.0,0.0,0.14,0.0
3.5,0.0,0.1714,0.0,0.0343,0.0143,0.0,0.0429,0.0429,0.0
4.0,0.0,0.375,0.0,0.0413,0.0,0.0,0.4075,0.0,0.0
1.2,0.0,0.4167,0.0833,0.0583,0.005,0.0,0.0833,0.0,0.025
19.5,0.1795,0.4359,0.0179,0.0513,0.0513,0.0,0.0051,0.0,0.0
3.5,0.0,0.2,0.0,0.04,0.0257,0.0,0.0343,0.0286,0.0857
3.25,0.0677,0.2308,0.0615,0.0615,0.1385,0.0,0.1077,0.0,0.0123
2.0,0.0,0.5,0.0,0.025,0.02,0.0,0.0,0.0,0.0
5.0,0.056,0.42,0.0,0.01,0.0,0.0,0.37,0.0,0.06
5.0,0.3,0.6,0.0,0.0,0.0,0.0,0.042,0.0,0.0
2.0,0.0,0.5,0.0,0.04,0.0,0.0,0.075,0.0,0.0
3.0,0.1333,0.6667,0.0,0.0,0.0833,0.0,0.0,0.0,0.0
9.0,0.2222,0.4444,0.0,0.0444,0.0,0.0,0.1111,0.0,0.0
1.71,0.0,0.7602,0.0,0.117,0.0058,0.0,0.0,0.0,0.0
4.0,0.0,0.375,0.0,0.0,0.0,0.0,0.0,0.0,0.375
8.0,0.25,0.25,0.125,0.0625,0.0125,0.0,0.02,0.0375,0.0
2.59,0.278,0.2703,0.0386,0.0772,0.0,0.0,0.1931,0.0,0.0
5.0,0.14,0.4,0.0,0.052,0.0,0.0,0.0,0.0,0.0
2.33,0.3648,0.2575,0.0429,0.0773,0.0,0.0,0.0429,0.0,0.0
3.0,0.0,0.3333,0.0,0.02,0.0,0.0,0.0,0.0,0.0
1.83,0.1858,0.4372,0.0546,0.082,0.1093,0.0,0.0,0.0,0.0
1.6,0.0,0.3125,0.0,0.0938,0.0625,0.0,0.0313,0.0,0.0
5.0,0.285,0.3,0.0,0.016,0.0,0.0,0.21,0.0,0.0
2.5,0.0,0.48,0.0,0.076,0.04,0.0,0.04,0.0,0.0
5.0,0.0,0.5,0.0,0.026,0.0,0.0,0.0,0.0,0.0
3.0,0.0,0.2333,0.0,0.0667,0.0,0.0,0.3333,0.0,0.0
12.0,0.0,0.1833,0.0,0.0,0.0,0.0,0.3517,0.0,0.025
2.375,0.0,0.4211,0.0842,0.0632,0.0,0.0,0.2105,0.0,0.0
5.0,0.0,0.4,0.0,0.0,0.2,0.0,0.0,0.0,0.0
7.0,0.05,0.1429,0.0,0.0286,0.0,0.0,0.0,0.0,0.0
2.5,0.0,0.6,0.0,0.06,0.0,0.0,0.0,0.0,0.08
5.0,0.3,0.5,0.2,0.036,0.04,0.0,0.0,0.0,0.0
7.0,0.0,0.0714,0.0,0.0107,0.0,0.0,0.0,0.0,0.0
5.0,0.0,0.76,0.02,0.02,0.0,0.0,0.0,0.0,0.0
7.0,0.0,0.4286,0.0,0.0264,0.0071,0.0,0.0257,0.0,0.0
7.0,0.7714,0.5714,0.0571,0.0143,0.0,0.0,0.1071,0.0,0.0
7.0,0.0,0.5714,0.0,0.0193,0.0,0.0,0.0,0.0,0.0
5.0,0.066,0.6,0.0,0.037,0.0,0.0,0.0,0.0,0.0
1.5,0.0,0.3333,0.0,0.0567,0.0,0.0,0.0,0.0,0.0
3.0,0.0,0.1667,0.0,0.0,0.2,0.0,0.06,0.0,0.0
5.0,0.336,0.2,0.0,0.015,0.03,0.0,0.0,0.0,0.0
11.0,0.0636,0.2727,0.0,0.0136,0.0,0.0,0.0,0.1364,0.0
6.0,0.0,0.3467,0.0,0.0283,0.0067,0.0,0.0,0.0,0.0
5.5,0.0,0.3636,0.0,0.0382,0.0,0.0,0.4545,0.0,0.0
8.0,0.0,0.375,0.0375,0.0163,0.0245,0.0,0.0,0.0,0.0
8.0,0.0,0.3125,0.0,0.0256,0.15,0.0,0.425,0.0,0.0
2.8,0.0,0.7143,0.0,0.0357,0.0121,0.0,0.0321,0.0,0.0
2.0,0.28,0.45,0.0,0.075,0.02,0.0,0.0,0.0,0.0
2.81,0.3381,0.3559,0.0178,0.0569,0.0,0.0,0.0,0.0,0.0
3.0,0.0,0.5,0.0,0.0,0.0,0.0,0.0,0.0,0.0
1.89,0.2116,0.4233,0.0,0.0794,0.0,0.0,0.0159,0.0,0.0
5.0,0.07,0.76,0.0,0.026,0.0,0.0,0.0,0.0,0.0
1.4,0.0,0.5714,0.0,0.0714,0.0,0.0,0.0,0.0,0.0
7.0,0.2143,0.2857,0.0,0.0186,0.0,0.0,0.0143,0.0571,0.0
18.3,0.0956,0.1639,0.0164,0.0765,0.0137,0.0,0.0393,0.0317,0.0
7.0,0.2929,0.2857,0.0,0.0314,0.0,0.0,0.0,0.0,0.0
5.5,0.3636,0.5455,0.0364,0.0909,0.0,0.0,0.0655,0.0,0.0
2.93,0.0,0.3413,0.0341,0.0614,0.0,0.0,0.3413,0.0,0.0
5.0,0.15,0.6,0.0,0.031,0.003,0.0,0.075,0.0,0.0
5.0,0.5,0.3,0.0,0.0,0.04,0.0,0.082,0.0,0.0
7.005,0.1999,0.2855,0.005,0.0143,0.1142,0.0,0.1285,0.0,0.0
4.0,0.175,0.5,0.0,0.0325,0.005,0.0,0.4,0.0,0.0
1.5,0.0,0.44,0.0,0.1,0.0,0.0,0.08,0.0,0.0
4.5,0.0778,0.4444,0.0667,0.0,0.0,0.0,0.0444,0.0,0.0
2.0,0.25,0.5,0.015,0.0,0.025,0.0,0.04,0.0,0.0
5.0,0.48,0.16,0.0,0.0,0.0,0.0,0.18,0.0,0.06
5.0,0.0,0.4,0.0,0.01,0.0,0.0,0.096,0.0,0.0
1.77,0.0,0.565,0.0282,0.0734,0.0,0.0,0.113,0.0,0.0
3.43,0.0,0.4373,0.0292,0.0525,0.0,0.0,0.1166,0.0,0.0
1.5,0.0,0.6667,0.0,0.0333,0.0,0.0,0.0,0.0,0.0
5.0,0.46,0.5,0.004,0.0,0.04,0.0,0.03,0.0,0.0
34.0,0.1206,0.0588,0.0032,0.0088,0.0,0.0,0.0082,0.0,0.0
0.8,0.0,0.625,0.0,0.075,0.0063,0.0,0.0,0.0,0.0
4.0,0.175,0.45,0.2,0.02,0.0,0.0,0.0688,0.0,0.0
10.0,0.0,0.2,0.0,0.025,0.01,0.0,0.057,0.38,0.0
6.0,0.0,0.5,0.0083,0.0583,0.0083,0.0,0.0617,0.0,0.0
1.3,0.0,0.6154,0.0,0.1385,0.0385,0.0,0.0,0.0,0.0
1.32,0.0,0.303,0.0,0.1136,0.0,0.0,0.2652,0.0,0.0
9.0,0.0,0.2222,0.0,0.0,0.0,0.0,0.61,0.0,0.0
1.2,0.0,0.8333,0.0,0.0167,0.0,0.0,0.0,0.0,0.0
4.5,0.2,0.3778,0.0022,0.0222,0.0,0.0,0.04,0.0,0.0
3.0,0.0,0.3333,0.0067,0.0633,0.0,0.0,0.04,0.0,0.0
5.0,0.068,0.64,0.004,0.04,0.0,0.0,0.036,0.0,0.07
2.17,0.0,0.553,0.0,0.0691,0.0,0.0,0.0461,0.0,0.0
15.0,0.1707,0.1133,0.0133,0.012,0.0,0.0,0.03,0.0,0.0
7.0,0.2143,0.5,0.0,0.0,0.0,0.0,0.1714,0.0,0.0
6.5,0.0846,0.4615,0.0308,0.0262,0.0031,0.0,0.3077,0.0,0.0
9.0,0.2778,0.2222,0.0,0.0722,0.0,0.0,0.3111,0.0,0.0
10.0,0.0,0.2,0.0,0.02,0.0,0.0,0.0,0.084,0.0
7.0,0.0,0.4857,0.0,0.0986,0.0,0.0,0.045,0.0,0.0357
3.1,0.0,0.8065,0.0323,0.0387,0.0194,0.0,0.0,0.0,0.0
6.0,0.0833,0.5,0.0167,0.0467,0.0,0.0,0.0,0.0333,0.0
12.5,0.0,0.8,0.0,0.04,0.0,0.0,0.0,0.0,0.0
13.5,0.1481,0.2963,0.0074,0.0944,0.0,0.0,0.0,0.0519,0.0
1.0,0.0,0.3,0.0,0.05,0.014,0.0,0.3,0.0,0.0
5.0,0.0,0.5,0.0,0.06,0.0,0.0,0.15,0.028,0.0
30.0,0.0,0.1667,0.0667,0.0167,0.0,0.0,0.0,0.1,0.0
3.0,0.2,0.5,0.0,0.0667,0.0,0.0,0.0,0.0,0.0
3.7,0.0,0.2703,0.0,0.0541,0.0,0.0,0.0,0.0,0.027
10.5,0.0,0.3333,0.0,0.0238,0.0,0.0,0.0,0.0,0.0124
10.0,0.025,0.43,0.045,0.024,0.002,0.0,0.236,0.0,0.0
5.0,0.0,0.6,0.0,0.02,0.0,0.0,0.05,0.16,0.0
6.0,0.075,0.5833,0.0,0.0667,0.0067,0.0,0.01,0.0,0.0
6.5,0.0,0.6923,0.0308,0.0308,0.0031,0.0,0.0185,0.0,0.0
6.5,0.0,0.3077,0.0,0.0769,0.0011,0.0,0.3231,0.0,0.0
11.8,0.0847,0.4237,0.0847,0.1271,0.0,0.0,0.0085,0.0,0.0
5.0,0.0,0.4,0.0,0.01,0.0,0.0,0.0,0.42,0.0
15.0,0.0,0.2,0.1,0.0867,0.0,0.0,0.02,0.1,0.0
4.0,0.0,0.625,0.0,0.025,0.0,0.0,0.005,0.0,0.0
25.0,0.138,0.2,0.08,0.042,0.004,0.0,0.0252,0.06,0.16
12.0,0.5,0.3333,0.0,0.0083,0.0,0.0,0.025,0.0233,0.0
11.0,0.2273,0.4091,0.0,0.0182,0.0,0.0,0.0255,0.0,0.2182
5.3,0.0566,0.6604,0.0,0.0189,0.0,0.0,0.0113,0.0,0.0
7.5,0.0333,0.3333,0.0267,0.08,0.0107,0.0,0.0667,0.0387,0.08
15.0,0.0,0.4,0.0,0.02,0.0033,0.0,0.0133,0.1333,0.0
13.0,0.1423,0.3077,0.0038,0.0154,0.0077,0.0,0.0269,0.0,0.0
6.3,0.0,0.3968,0.0,0.027,0.0,0.0,0.0,0.0,0.1429
0.55,0.0,0.7273,0.0,0.0455,0.0,0.0,0.0,0.0,0.0
4.0,0.0,0.5,0.0,0.0375,0.0,0.0,0.285,0.0,0.0
2.5,0.28,0.4,0.0,0.072,0.0,0.0,0.0,0.0,0.0
1.5,0.0,0.6667,0.0,0.0667,0.0,0.0,0.0,0.0,0.0
5.0,0.058,0.3,0.02,0.03,0.09,0.0,0.0,0.0,0.0
4.5,0.0,0.3333,0.0,0.0222,0.0,0.0,0.0,0.0,0.0
7.0,0.0,0.3571,0.0,0.0343,0.0,0.0,0.0,0.0,0.0
13.0,0.0,0.4615,0.1923,0.0231,0.0,0.0,0.0538,0.0,0.0
30.0,0.0943,0.2667,0.0333,0.0433,0.0,0.0,0.1667,0.0,0.0
7.0,0.4286,0.2857,0.0286,0.0357,0.0,0.0,0.0571,0.05,0.0
5.0,0.0,0.7,0.006,0.18,0.0,0.0,0.0,0.0,0.04
2.0,0.0,0.5,0.0,0.075,0.0,0.0,0.0,0.0,0.0
0.9,0.0,0.4444,0.0,0.0556,0.0333,0.0,0.0222,0.0,0.0
6.5,0.1077,0.1385,0.0,0.0215,0.0154,0.0,0.0,0.0154,0.0
9.0,0.0,0.4444,0.1578,0.0311,0.0,0.0,0.0,0.0,0.0222
7.0,0.2143,0.1,0.0,0.0093,0.0,0.0,0.0007,0.0,0.0
6.0,0.0,0.6667,0.0,0.0667,0.0,0.0,0.0,0.0,0.0
1.0,0.0,0.5,0.0,0.1,0.0,0.0,0.0,0.0,0.0
6.0,0.0,0.3333,0.0,0.0117,0.0,0.0,0.0,0.0,0.0
36.0,0.0703,0.1667,0.0,0.021,0.0,0.0,0.0319,0.0286,0.0083
10.0,0.035,0.25,0.2,0.036,0.0,0.0,0.013,0.1,0.0
10.0,0.0,0.45,0.0,0.16,0.0,0.0,0.018,0.0,0.0
6.0,0.1333,0.3,0.0,0.0333,0.0167,0.0,0.1667,0.0,0.1667
15.0,0.0,0.4,0.0,0.0333,0.0,0.0,0.0,0.0933,0.0
10.0,0.12,0.4,0.1,0.054,0.025,0.0,0.09,0.0,0.05
4.0,0.175,0.25,0.0,0.105,0.07,0.0,0.025,0.0,0.0
25.0,0.0,0.08,0.008,0.01,0.0,0.0,0.2,0.0,0.0
4.5,0.0,0.4444,0.0,0.04,0.0889,0.0,0.0,0.0,0.0
7.0,0.0514,0.7143,0.0,0.0071,0.0,0.0,0.0,0.0,0.0
10.0,0.05,0.4,0.02,0.02,0.02,0.0,0.03,0.0,0.05
8.0,0.0,0.75,0.0,0.0063,0.0,0.0,0.0,0.0,0.0
10.0,0.0,0.5,0.0,0.01,0.0,0.0,0.0,0.0,0.0
5.5,0.0,0.7273,0.0,0.0091,0.0,0.0,0.0182,0.0,0.0
0.95,0.0,0.3158,0.0,0.0421,0.0,0.0,0.0,0.0,0.0
10.0,0.0,0.3,0.0,0.02,0.0,0.0,0.0045,0.0,0.0
6.8,0.0794,0.1912,0.1029,0.1471,0.0735,0.1176,0.0,0.0,0.0
6.0,0.065,0.4333,0.0,0.125,0.0,0.0,0.0,0.0,0.0
13.0,0.0,0.3846,0.1538,0.1923,0.0,0.0,0.0,0.0154,0.0
3.0,0.0,0.5,0.0333,0.0467,0.0,0.0,0.0,0.0,0.0
5.0,0.0,0.16,0.2,0.0,0.0,0.0,0.0,0.0,0.0
7.0,0.0,0.2857,0.0143,0.0071,0.0,0.0,0.0114,0.1429,0.0
25.0,0.0348,0.2,0.0,0.026,0.0016,0.0,0.0,0.02,0.0
13.5,0.0,0.337,0.0111,0.0296,0.0,0.0,0.043,0.1037,0.0
15.0,0.04,0.3667,0.14,0.0347,0.011,0.7333,0.0,0.0,0.0
9.0,0.0,0.3333,0.0333,0.0778,0.0056,0.0,0.0,0.0,0.0
15.0,0.0,0.3333,0.0,0.0667,0.0,0.0,0.0,0.0,0.0
13.5,0.2222,0.2074,0.0222,0.0222,0.083,0.0,0.0,0.0,0.0
8.5,0.0294,0.0941,0.1176,0.0235,0.0,0.0,0.0094,0.0,0.0
8.5,0.3529,0.1176,0.0,0.0353,0.0176,0.0,0.0,0.0329,0.0
3.0,0.3333,0.5333,0.0,0.01,0.0,0.0,0.015,0.0,0.0033
1.8,0.0,0.5556,0.0,0.0278,0.0,0.0,0.0444,0.0,0.0
13.0,0.1308,0.2692,0.0,0.0769,0.0204,0.0308,0.1154,0.0,0.0
17.0,0.0176,0.1176,0.0,0.0588,0.0882,0.0,0.0,0.0412,0.0
25.0,0.16,0.24,0.02,0.02,0.0,0.0,0.0,0.0,0.004
14.0,0.0,0.2143,0.0,0.0393,0.0,0.0,0.0357,0.0,0.0
9.0,0.0611,0.2778,0.1556,0.0222,0.0,0.0,0.0956,0.0778,0.0
3.5,0.0,0.1714,0.0,0.0571,0.0,0.0,0.0,0.0,0.0
16.0,0.025,0.325,0.075,0.0938,0.0,0.0,0.125,0.07,0.0
8.0,0.0,0.25,0.0,0.025,0.0063,0.0,0.0025,0.0,0.0
30.0,0.15,0.1333,0.0667,0.0533,0.025,0.0,0.0058,0.0333,0.0
4.0,0.225,0.5,0.0,0.035,0.0,0.0,0.005,0.0,0.0
2.0,0.0,0.5,0.0,0.05,0.0,0.0,0.0,0.0,0.0
4.5,0.1111,0.2222,0.0111,0.0267,0.0067,0.0,0.022,0.0,0.0
3.0,0.0,0.6667,0.0,0.1567,0.0,0.0,0.0,0.0,0.0
13.0,0.3269,0.3077,0.0,0.0038,0.0,0.0,0.0231,0.0,0.0
4.5,0.1778,0.2222,0.0,0.0444,0.0,0.0,0.0311,0.0,0.0
15.0,0.0,0.1333,0.0333,0.02,0.0,0.0,0.004,0.0467,0.0
4.0,0.0,0.7,0.0,0.0,0.0,0.0,0.05,0.0,0.0
13.0,0.0923,0.2692,0.1385,0.0846,0.0346,0.0,0.0031,0.0154,0.0
3.5,0.0714,0.1429,0.0,0.0229,0.0286,0.0,0.0,0.0,0.0
9.0,0.0611,0.3333,0.1111,0.1667,0.0,0.0,0.0189,0.0,0.0
3.5,0.0,0.2,0.0,0.0443,0.0571,0.0,0.0229,0.0,0.0
5.0,0.0,0.4,0.0,0.03,0.0,0.0,0.0,0.0,0.0
20.0,0.09,0.225,0.125,0.035,0.0,0.025,0.04,0.125,0.0
4.0,0.0,0.5,0.0,0.0375,0.0,0.0,0.0,0.0,0.0
13.8,0.0435,0.1087,0.0072,0.0217,0.0036,0.0,0.0362,0.0,0.0
0.35,0.0,0.3429,0.0,0.0286,0.0,0.0,0.0143,0.0,0.0
5.0,0.068,0.4,0.0,0.03,0.0,0.0,0.008,0.0,0.0
4.0,0.0625,0.4,0.0,0.07,0.005,0.0,0.02,0.0,0.0
1.0,0.0,0.6,0.0,0.07,0.0,0.0,0.0,0.0,0.0
35.0,0.0,0.2286,0.1,0.0257,0.0109,0.0,0.0,0.0857,0.1143
5.0,0.0,0.4,0.0,0.024,0.002,0.0,0.04,0.0,0.0
20.0,0.0,0.5,0.0,0.07,0.0,0.0,0.025,0.014,0.0
18.0,0.0417,0.4333,0.1667,0.0444,0.0,0.0,0.0,0.0556,0.0
30.0,0.1167,0.1333,0.0,0.0233,0.0,0.0,0.0,0.0,0.0
13.0,0.0,0.1154,0.0,0.0346,0.1,0.0,0.0615,0.0,0.0
0.8,0.0,0.25,0.0,0.125,0.0,0.0,0.0,0.0,0.0
21.0,0.0357,0.1905,0.0952,0.0238,0.0,0.0167,0.0,0.0571,0.119
6.5,0.0,0.1208,0.0,0.0108,0.0,0.0,0.0031,0.0,0.0
4.5,0.0,0.4444,0.0,0.0222,0.0,0.0,0.0,0.0,0.0
7.1,0.3775,0.1408,0.0704,0.0331,0.0,0.0,0.0,0.0,0.0
13.0,0.0654,0.2308,0.3077,0.0192,0.01,0.0923,0.0,0.0538,0.0
20.0,0.0,0.24,0.0,0.0575,0.0,0.055,0.0125,0.105,0.0
18.8,0.0691,0.3989,0.1702,0.0239,0.0449,0.0585,0.0106,0.0319,0.0
18.5,0.0378,0.2811,0.027,0.0432,0.0243,0.0,0.0189,0.0422,0.0
34.0,0.0588,0.3529,0.0024,0.0294,0.0471,0.0441,0.0294,0.1118,0.0
12.0,0.1667,0.2083,0.0,0.1,0.0,0.0,0.0,0.0,0.0
25.0,0.32,0.06,0.008,0.04,0.0,0.12,0.0,0.0448,0.0
18.0,0.0489,0.3,0.1167,0.0489,0.0,0.0,0.0333,0.1111,0.0
14.0,0.0,0.2143,0.0107,0.05,0.0,0.0357,0.0071,0.0,0.0357
3.5,0.0,0.2286,0.0571,0.0571,0.0,0.0,0.0,0.0,0.0
4.0,0.375,0.625,0.0,0.035,0.0,0.0,0.0,0.0,0.0
5.0,0.1,0.6,0.0,0.028,0.0,0.0,0.11,0.0,0.0
4.0,0.275,0.375,0.1,0.03,0.0,0.0,0.0125,0.0,0.0
6.0,0.0,0.5833,0.0,0.1,0.0,0.0,0.0,0.0,0.0
1.0,0.0,0.5,0.0,0.1,0.0,0.0,0.02,0.0,0.0
5.0,0.3,0.4,0.0,0.02,0.0,0.0,0.04,0.0,0.0
5.0,0.0,0.6,0.0,0.06,0.0,0.0,0.18,0.0,0.0
1.5,0.0,0.3333,0.0,0.1133,0.0,0.0,0.0467,0.0,0.0
4.0,0.3,0.2,0.0,0.0263,0.0,0.0,0.2375,0.0,0.25
15.0,0.0267,0.1667,0.0,0.0167,0.0033,0.0,0.0333,0.0067,0.0
5.0,0.0,0.8,0.0,0.036,0.0,0.0,0.04,0.0,0.0
7.0,0.4286,0.2143,0.0,0.0214,0.0,0.0,0.0714,0.0,0.0429
5.0,0.0,0.4,0.0,0.028,0.072,0.0,0.01,0.0,0.0
2.0,0.0,0.4,0.0,0.15,0.0,0.0,0.01,0.0,0.0
3.0,0.04,0.2333,0.0333,0.07,0.01,0.0,0.0133,0.0233,0.0
10.0,0.0,0.4,0.0,0.05,0.0,0.0,0.015,0.07,0.0
1.0,0.0,0.3,0.0,0.04,0.0,0.0,0.04,0.0,0.0
6.0,0.05,0.5,0.0167,0.0667,0.0,0.0,0.0167,0.0,0.0
3.0,0.0,0.5,0.0,0.2,0.0,0.0,0.0333,0.0,0.3333
6.0,0.0,0.4167,0.0,0.0767,0.4167,0.0,0.0,0.0,0.0
4.5,0.0,0.4444,0.0,0.0222,0.0,0.0,0.0,0.0,0.0
1.5,0.24,0.3333,0.0,0.0667,0.0,0.0,0.0267,0.0,0.0
3.0,0.0,0.3333,0.1667,0.0,0.1167,0.0,0.0,0.0,0.0
5.0,0.133,0.5,0.05,0.052,0.0,0.0,0.01,0.0,0.0
5.0,0.07,0.6,0.0,0.052,0.03,0.0,0.008,0.0,0.0
30.0,0.0,0.2,0.0,0.0,0.04,0.0,0.0067,0.0933,0.0
9.0,0.0,0.5556,0.0067,0.1111,0.0089,0.0,0.0222,0.0156,0.0
6.0,0.0,0.3333,0.0,0.0167,0.0,0.0,0.0,0.0,0.0
3.0,0.2333,0.1667,0.0,0.0517,0.0,0.0,0.0,0.0,0.0
8.0,0.0938,0.075,0.0,0.0375,0.005,0.0,0.2125,0.0,0.0
13.0,0.1231,0.5769,0.0,0.0154,0.0,0.0,0.0062,0.0,0.0
7.0,0.0,0.1286,0.0,0.0286,0.0,0.0,0.6429,0.0,0.0
4.5,0.0778,0.4,0.0,0.0444,0.0,0.0,0.0556,0.0,0.0533
8.0,0.25,0.225,0.075,0.025,0.0,0.0,0.0438,0.035,0.0
2.4,0.0,0.5,0.1667,0.05,0.0292,0.0,0.0167,0.0,0.0
3.5,0.0,0.7429,0.0,0.0286,0.0,0.0,0.0,0.0,0.0571
6.3,0.0,0.5556,0.0794,0.081,0.0,0.0,0.0,0.0,0.0
4.5,0.0889,0.6667,0.0,0.0,0.0,0.0,0.0,0.0,0.0
7.0,0.5286,0.4286,0.0,0.0457,0.02,0.0,0.1143,0.0,0.0
8.0,0.25,0.25,0.0625,0.0288,0.0075,0.0,0.0875,0.0,0.0
2.5,0.0,0.6,0.0,0.02,0.0,0.0,0.04,0.0,0.0
8.0,0.0,0.375,0.0,0.0313,0.0,0.0,0.25,0.0,0.0
6.0,0.1167,0.6667,0.0,0.0,0.0,0.0,0.0,0.0,0.0
5.0,0.0,0.4,0.0,0.006,0.14,0.0,0.0,0.0,0.0
1.8,0.0,0.4444,0.0333,0.0111,0.0139,0.0,0.0333,0.0,0.0
29.0,0.1724,0.2069,0.0345,0.0507,0.0172,0.0,0.1034,0.2483,0.0
25.0,0.124,0.1,0.04,0.0112,0.0,0.0,0.0024,0.0264,0.0
10.0,0.0,0.35,0.0,0.0185,0.0,0.0,0.0,0.028,0.0
10.0,0.0,0.5,0.0,0.07,0.005,0.0,0.01,0.0,0.1
7.0,0.0,0.4286,0.0714,0.0571,0.0,0.0,0.0,0.0,0.0
6.0,0.0,0.1333,0.0,0.125,0.0,0.0,0.025,0.0,0.0
30.0,0.1675,0.2,0.032,0.0173,0.0,0.0,0.0267,0.14,0.0
7.0,0.0,0.4286,0.0714,0.0286,0.0,0.0,0.0,0.0,0.1429
5.0,0.0,0.4,0.0,0.032,0.0,0.0,0.06,0.0,0.0
8.0,0.0,0.5,0.0,0.05,0.0188,0.0,0.025,0.0,0.0
8.0,0.3125,0.625,0.025,0.0375,0.0,0.0,0.0,0.0,0.0
2.5,0.0,0.8,0.0,0.052,0.0,0.0,0.0,0.0,0.0
3.0,0.4333,0.1333,0.0,0.2,0.0,0.0,0.03,0.0,0.0
6.0,0.0,0.3333,0.0,0.15,0.0,0.0,0.0,0.0,0.0
5.0,0.06,0.2,0.014,0.03,0.0,0.0,0.04,0.0,0.0
2.0,0.0,0.5,0.0,0.025,0.005,0.0,0.32,0.0,0.0
4.5,0.0,0.4444,0.0,0.0356,0.0333,0.0,0.0,0.0,0.0
4.0,0.0,0.375,0.0,0.0175,0.1175,0.0,0.0,0.0,0.0
2.5,0.0,0.6,0.0,0.108,0.0,0.0,0.0,0.0,0.03
2.8,0.0,0.5357,0.0,0.0357,0.0,0.0,0.0143,0.0,0.0
2.0,0.15,0.35,0.0,0.0375,0.0,0.0,0.0,0.0,0.0
2.5,0.0,0.8,0.0,0.04,0.0,0.0,0.0,0.0,0.0
2.8,0.0,0.3571,0.0,0.0411,0.0036,0.0,0.1786,0.0,0.0
3.0,0.0,0.2333,0.0,0.1,0.1667,0.0,0.0333,0.0,0.0
5.0,0.36,0.2,0.0,0.03,0.07,0.0,0.036,0.0,0.0
4.0,0.0,0.25,0.0,0.05,0.0,0.0,0.0025,0.0,0.0
5.0,0.03,0.44,0.0,0.231,0.0,0.0,0.0,0.042,0.0
4.5,0.0,0.6667,0.0,0.0756,0.0667,0.0,0.0,0.0,0.0
5.0,0.0,0.5,0.0,0.066,0.1,0.0,0.0,0.0,0.0
11.0,0.1364,0.3636,0.0,0.0136,0.1045,0.0,0.0091,0.0,0.0
19.0,0.0789,0.3684,0.0158,0.0316,0.0,0.0,0.1316,0.1105,0.0
10.3,0.2524,0.1942,0.0,0.0209,0.3107,0.0,0.034,0.0,0.0
20.1,0.0249,0.2488,0.0,0.0498,0.0199,0.0,0.4975,0.0,0.0
7.0,0.0,0.1429,0.0,0.1429,0.0429,0.0,0.0229,0.0686,0.0
10.5,0.1143,0.1429,0.0029,0.0619,0.0667,0.0,0.1429,0.0381,0.1714
5.1,0.0,0.4902,0.0,0.0588,0.0098,0.0,0.0176,0.0,0.0
3.9,0.141,0.2564,0.0,0.0385,0.0513,0.0,0.0372,0.0,0.0
4.0,0.0563,0.5,0.0,0.075,0.035,0.0,0.1875,0.0,0.0
10.0,0.04,0.25,0.05,0.02,0.048,0.0,0.15,0.0,0.01
15.0,0.04,0.4,0.0213,0.04,0.0333,0.0,0.0187,0.0147,0.0
7.0,0.0964,0.4714,0.0071,0.0286,0.0557,0.0,0.2857,0.0,0.0
4.6,0.0,0.7609,0.0,0.0261,0.0,0.0,0.0,0.0,0.0
4.0,0.39,0.625,0.0,0.06,0.0625,0.0,0.0,0.0,0.0
7.0,0.3,0.5,0.0,0.0357,0.0429,0.0,0.0229,0.0,0.0
18.0,0.0222,0.1111,0.01,0.0111,0.0222,0.0,0.2778,0.01,0.0
6.5,0.0,0.5385,0.0,0.02,0.0115,0.0,0.2108,0.0323,0.0
4.0,0.0,0.625,0.0,0.03,0.0,0.0,0.0,0.0,0.0
3.4,0.1176,0.5882,0.0,0.0735,0.0882,0.0,0.0,0.0,0.0
15.0,0.3333,0.1333,0.0,0.0333,0.0333,0.0,0.0267,0.0,0.2
0.5,0.0,0.6,0.0,0.14,0.0,0.0,0.0,0.0,0.0
5.5,0.0,0.1818,0.0,0.0109,0.0727,0.1818,0.0,0.0255,0.0
14.29,0.0343,0.2449,0.021,0.0126,0.0035,0.0,0.0294,0.105,0.0
7.0,0.0,0.2857,0.0,0.0571,0.1114,0.0,0.0036,0.04,0.0
2.7,0.0,0.7407,0.0,0.0741,0.0,0.0,0.0,0.0,0.0
4.5,0.0,0.4444,0.0,0.0356,0.0,0.0,0.3333,0.0,0.0
4.5,0.0,0.6667,0.0,0.0778,0.0,0.0,0.0,0.0,0.0
13.5,0.1504,0.2593,0.0,0.0444,0.0,0.0,0.1356,0.0352,0.0
2.0,0.0,0.35,0.0,0.075,0.0,0.0,0.15,0.0,0.0
3.7,0.0,0.4054,0.0,0.0405,0.4595,0.0,0.0,0.0,0.0041
11.0,0.2,0.0909,0.0,0.0455,0.3636,0.0,0.0909,0.0,0.0
7.1,0.0,0.4225,0.0,0.0282,0.0746,0.0,0.238,0.0,0.0
3.5,0.0,0.3429,0.0,0.0286,0.0,0.0,0.3143,0.0,0.0
12.0,0.0,0.1667,0.0,0.0083,0.025,0.0,0.25,0.0,0.0
8.6,0.0,0.2326,0.0,0.0123,0.0605,0.0,0.1163,0.0,0.0
5.5,0.1818,0.3636,0.0,0.0273,0.0,0.0,0.0109,0.0,0.0
30.0,0.0833,0.3333,0.0,0.1,0.01,0.0,0.1667,0.1667,0.0
4.515,0.0,0.3101,0.0,0.0388,0.1484,0.0,0.0,0.0,0.0
10.0,0.015,0.6,0.0,0.03,0.017,0.0,0.006,0.0,0.02
4.0,0.0,0.5,0.025,0.0163,0.0,0.0,0.0,0.0,0.0
1.5,0.0,0.6667,0.0,0.0333,0.0,0.0,0.0,0.0,0.0
60.0,0.0833,0.1167,0.0167,0.0108,0.0025,0.0108,0.0083,0.0,0.05
2.5,0.0,0.16,0.0,0.06,0.03,0.0,0.0,0.0,0.0
6.8,0.0,0.3676,0.0103,0.0471,0.0147,0.0,0.0,0.0,0.0
5.8,0.0,0.2586,0.0,0.0353,0.0517,0.0,0.0,0.0,0.0
10.0,0.0,0.3,0.005,0.0105,0.008,0.0,0.0,0.0,0.03
6.5,0.0,0.6154,0.0,0.0062,0.0554,0.0,0.0,0.0077,0.0615
7.0,0.0,0.4286,0.0,0.0286,0.0,0.0,0.0829,0.0,0.0143
18.0,0.0267,0.1556,0.0167,0.0139,0.0025,0.0389,0.0278,0.0833,0.0
4.0,0.0,0.5,0.0,0.025,0.095,0.0,0.25,0.0,0.0
41.0,0.0,0.0439,0.0024,0.0037,0.0054,0.0,0.0,0.0,0.0
5.0,0.0,0.8,0.0,0.025,0.0,0.0,0.0,0.0,0.0
17.0,0.0,0.4706,0.0,0.0165,0.0206,0.0,0.1176,0.0247,0.0141
12.0,0.0,0.2917,0.0,0.0083,0.0133,0.0,0.0167,0.0042,0.0
41.8,0.0,0.0239,0.0004,0.0038,0.0,0.0,0.0,0.0,0.0
20.0,0.0,0.3,0.0,0.06,0.025,0.0,0.14,0.0,0.0
4.0,0.0,0.45,0.0,0.07,0.25,0.0,0.0,0.0,0.0
8.5,0.0,0.2118,0.0544,0.0188,0.0176,0.0,0.0188,0.0,0.0
15.0,0.2133,0.2333,0.0,0.1333,0.0,0.0267,0.0,0.0,0.0
3.5,0.0,0.7143,0.0,0.0429,0.0,0.0,0.0286,0.0,0.0057
4.0,0.0,0.075,0.0,0.0375,0.0,0.0,0.0,0.0,0.0
10.0,0.16,0.25,0.0,0.12,0.05,0.04,0.0,0.0,0.0
4.0,0.325,0.25,0.0375,0.0625,0.0,0.0,0.0,0.0,0.0
5.0,0.0,0.4,0.0,0.07,0.0,0.0,0.0,0.03,0.0
4.0,0.05,0.4,0.0,0.0463,0.0,0.0,0.2375,0.0,0.0
14.79,0.092,0.3381,0.0473,0.0541,0.0,0.0,0.0101,0.0947,0.0
12.0,0.0792,0.15,0.0,0.0167,0.0,0.0,0.25,0.1167,0.0
50.0,0.02,0.12,0.01,0.009,0.007,0.0,0.024,0.016,0.0
8.0,0.08,0.625,0.0,0.0125,0.0,0.0,0.0,0.0,0.0
1.8,0.0,0.1667,0.0,0.0389,0.0,0.0,0.1111,0.0,0.0
2.8,0.0,0.5357,0.0,0.0393,0.0,0.0,0.0,0.0,0.0357
3.5,0.0,0.5714,0.0,0.4286,0.0,0.0,0.0,0.0,0.0
2.5,0.0,0.4,0.0,0.24,0.0,0.0,0.0,0.0,0.0
2.5,0.0,0.28,0.0,0.04,0.18,0.0,0.032,0.0,0.0
9.0,0.0,0.4444,0.0222,0.0,0.0,0.0,0.1667,0.0,0.0
14.0,0.2143,0.3571,0.1071,0.0286,0.0014,0.0,0.0143,0.0054,0.0
4.0,0.325,0.25,0.0,0.02,0.0,0.0,0.15,0.0,0.0
7.0,0.0,0.5,0.0014,0.0571,0.0,0.0,0.0714,0.0,0.0
5.0,0.22,0.4,0.0,0.146,0.04,0.0,0.07,0.0,0.0
17.4,0.0,0.1954,0.0,0.0603,0.0115,0.0,0.0776,0.069,0.0
5.0,0.0,0.4,0.0,0.056,0.1,0.0,0.03,0.028,0.0
5.0,0.0,0.5,0.0,0.03,0.0,0.0,0.0,0.0,0.0
3.0,0.2,0.5,0.0,0.0333,0.0,0.0,0.0267,0.0,0.0
