bin,d,share,share2,share3,share4,sharenext
-0.1875,0,-0.1862999946,0.034707688,-0.0064660421,0.0012046236,0.443
-0.0425,0,-0.0417000018,0.0017388902,-7.25117e-05,3.0237e-06,0.3652
0.1725,1,0.1743000001,0.03038049,0.0052953194,0.0009229742,0.5081
-0.1475,0,-0.1472000033,0.021667841,-0.0031895063,0.0004694953,0.521
-0.1825,0,-0.1823000014,0.0332332905,-0.0060584289,0.0011044516,0.3815
-0.0625,0,-0.0606000014,0.0036723602,-0.000222545,1.34862e-05,0.0
0.1725,1,0.1746000051,0.0304851618,0.0053227094,0.0009293451,0.5958
-0.0025,0,-0.0015,2.25e-06,-3.4e-09,0.0,0.4869
0.1575,1,0.1559000015,0.0243048105,0.00378912,0.0005907238,0.611
-0.1175,0,-0.1176000014,0.0138297603,-0.0016263798,0.0001912623,0.4205
-0.2025,0,-0.200000003,0.0400000012,-0.0080000004,0.0016000001,0.5622
-0.1825,0,-0.1809999943,0.0327609979,-0.0059297404,0.001073283,0.5329
-0.0575,0,-0.0581,0.00337561,-0.0001961229,1.13947e-05,0.7092
0.0175,1,0.0186000001,0.00034596,6.4349e-06,1.197e-07,0.5305
0.0175,1,0.0165999997,0.00027556,4.5743e-06,7.59e-08,0.5362
-0.1625,0,-0.164199993,0.0269616377,-0.0044271007,0.0007269299,0.2256
-0.0775,0,-0.0759999976,0.0057759996,-0.000438976,3.33622e-05,0.3875
0.1675,1,0.1650000066,0.0272250022,0.0044921255,0.0007412007,0.6117
0.2275,1,0.2284000069,0.0521665631,0.0119148434,0.0027213503,0.7245
-0.2125,0,-0.2141000032,0.0458388114,-0.0098140897,0.0021011966,0.5462
-0.1725,0,-0.1740999967,0.0303108088,-0.0052771117,0.0009187451,0.4345
-0.2225,0,-0.2217999995,0.0491952398,-0.0109115042,0.0024201716,0.4531
-0.0025,0,-0.0020000001,4e-06,-8e-09,0.0,0.5509
-0.1525,0,-0.1520999968,0.023134409,-0.0035187435,0.0005352009,0.3989
0.2075,1,0.2087000012,0.0435556905,0.0090900727,0.0018970982,0.6941
-0.0675,0,-0.0688000023,0.0047334403,-0.0003256607,2.24055e-05,0.4312
0.2075,1,0.207100004,0.0428904116,0.0088826044,0.0018395874,1.0
-0.0175,0,-0.0189999994,0.000361,-6.859e-06,1.303e-07,0.3561
0.1875,1,0.1886000037,0.0355699614,0.0067084949,0.0012652222,0.6379
-0.0275,0,-0.0289999992,0.000841,-2.4389e-05,7.073e-07,0.4319
-0.2125,0,-0.2117000073,0.0448168931,-0.0094877366,0.0020085539,0.5694
-0.0675,0,-0.0672999993,0.0045292899,-0.0003048212,2.05145e-05,0.3908
0.0975,1,0.0956000015,0.0091393603,0.0008737229,8.35279e-05,0.5348
-0.1225,0,-0.1220000014,0.0148840003,-0.0018158481,0.0002215335,0.4172
0.0125,1,0.0140000004,0.000196,2.744e-06,3.84e-08,0.4837
0.1325,1,0.1308999956,0.0171348088,0.0022429464,0.0002936017,0.5679
-0.2225,0,-0.2210000008,0.0488410004,-0.0107938611,0.0023854433,0.3739
0.0775,1,0.0780000016,0.0060840003,0.000474552,3.70151e-05,0.5083
0.0325,1,0.0346999988,0.0012040899,4.17819e-05,1.4498e-06,0.4652
0.0675,1,0.0658000037,0.0043296405,0.0002848904,1.87458e-05,0.4988
0.2375,1,0.2392999977,0.0572644889,0.0137033921,0.0032792217,0.7527
0.0775,1,0.0791999996,0.0062726399,0.0004967931,3.9346e-05,0.5598
-0.1525,0,-0.1521999985,0.0231648395,-0.0035256885,0.0005366098,0.4489
0.2075,1,0.2050999999,0.04206601,0.0086277386,0.0017695492,0.6724
0.0975,1,0.0961999968,0.0092544394,0.000890277,8.56446e-05,0.5741
-0.0875,0,-0.0891999975,0.0079566396,-0.0007097322,6.33081e-05,0.4741
-0.0325,0,-0.0331000015,0.0010956101,-3.62647e-05,1.2004e-06,0.4607
0.2075,1,0.2079000026,0.0432224111,0.0089859394,0.0018681768,0.5759
-0.0975,0,-0.0982000008,0.0096432402,-0.0009469662,9.29921e-05,0.3493
0.0825,1,0.0833000019,0.0069388903,0.0005780096,4.81482e-05,0.4839
-0.1675,0,-0.1680999994,0.0282576098,-0.0047501042,0.0007984925,0.4931
0.0325,1,0.0328000002,0.00107584,3.52876e-05,1.1574e-06,1.0
0.0275,1,0.0264999997,0.00070225,1.86096e-05,4.932e-07,0.5696
0.2075,1,0.2066999972,0.0427248888,0.0088312344,0.0018254161,0.6319
0.2225,1,0.2239000052,0.0501312123,0.0112243787,0.0025131385,0.5545
0.0675,1,0.0688999966,0.0047472095,0.0003270827,2.2536e-05,0.4515
-0.1775,0,-0.1785999984,0.0318979594,-0.0056969755,0.0010174798,0.2797
0.0425,1,0.0423999988,0.0017977599,7.6225e-05,3.2319e-06,0.6367
0.0325,1,0.0337000005,0.00113569,3.82728e-05,1.2898e-06,0.4738
-0.2325,0,-0.2346999943,0.0550840873,-0.012928235,0.0030342567,0.4796
-0.1525,0,-0.1504999995,0.0226502499,-0.0034088626,0.0005130338,0.3484
-0.0375,0,-0.0368999988,0.0013616099,-5.02434e-05,1.854e-06,0.6572
0.2325,1,0.2345000058,0.0549902527,0.0128952146,0.0030239279,0.5646
-0.1275,0,-0.1264999956,0.0160022489,-0.0020242844,0.000256072,0.3768
-0.0675,0,-0.0680999979,0.0046376097,-0.0003158212,2.15074e-05,0.2773
0.2275,1,0.2259999961,0.0510759982,0.0115431754,0.0026087576,0.5636
0.2475,1,0.2465000004,0.0607622502,0.0149778947,0.003692051,0.6628
-0.0275,0,-0.0273000002,0.00074529,-2.03464e-05,5.555e-07,0.332
0.1525,1,0.1523000002,0.0231952901,0.0035326427,0.0005380215,0.5437
-0.0075,0,-0.0082,6.724e-05,-5.514e-07,4.5e-09,0.4568
0.0125,1,0.0138999997,0.00019321,2.6856e-06,3.73e-08,0.5036
0.0275,1,0.0280000009,0.000784,2.1952e-05,6.147e-07,0.4797
-0.2475,0,-0.2474000007,0.0612067603,-0.0151425526,0.0037462675,0.4061
-0.0675,0,-0.0656000003,0.00430336,-0.0002823004,1.85189e-05,0.4346
-0.1425,0,-0.1441999972,0.0207936392,-0.0029984427,0.0004323754,0.3869
0.1775,1,0.1785999984,0.0318979594,0.0056969755,0.0010174798,0.6843
0.0175,1,0.0161000006,0.00025921,4.1733e-06,6.72e-08,0.5331
-0.2125,0,-0.2132000029,0.0454542412,-0.0096908444,0.002066088,0.2922
0.0675,1,0.0665000007,0.0044222501,0.0002940796,1.95563e-05,0.6101
0.1825,1,0.1827999949,0.0334158382,0.006108415,0.0011166182,0.5949
-0.0625,0,-0.0627000034,0.0039312904,-0.0002464919,1.5455e-05,0.3378
-0.1575,0,-0.1564999968,0.024492249,-0.0038330369,0.0005998703,0.2399
0.2025,1,0.2023999989,0.0409657596,0.0082914697,0.0016781935,0.6304
0.0925,1,0.0948000029,0.0089870405,0.0008519715,8.07669e-05,0.7152
-0.1375,0,-0.1393000036,0.019404491,-0.0027030457,0.0003765343,0.4971
-0.1725,0,-0.1712000072,0.0293094425,-0.0050177768,0.0008590434,0.437
0.1275,1,0.1280999929,0.0164096082,0.0021020707,0.0002692752,1.0
0.0975,1,0.0978000015,0.0095648403,0.0009354414,9.14862e-05,0.7077
-0.0375,0,-0.0384000018,0.0014745601,-5.66231e-05,2.1743e-06,0.4145
0.0725,1,0.072300002,0.0052272903,0.0003779331,2.73246e-05,0.4952
0.1425,1,0.1440999955,0.0207648087,0.0029922088,0.0004311773,0.6168
0.2075,1,0.2073999941,0.0430147576,0.0089212605,0.0018502694,0.5734
0.0325,1,0.0344000012,0.0011833601,4.07076e-05,1.4003e-06,0.4817
0.0975,1,0.0967999995,0.0093702399,0.0009070392,8.78014e-05,0.4974
-0.1025,0,-0.1030000001,0.010609,-0.001092727,0.0001125509,0.5461
-0.2225,0,-0.2220000029,0.0492840013,-0.0109410484,0.0024289128,0.4044
0.0625,1,0.064000003,0.0040960004,0.000262144,1.67772e-05,0.5937
-0.0525,0,-0.0522999987,0.0027352899,-0.0001430557,7.4818e-06,0.3876
-0.1725,0,-0.1735000014,0.0301022505,-0.0052227405,0.0009061455,0.4456
-0.0775,0,-0.0764999986,0.0058522498,-0.0004476971,3.42488e-05,0.4463
0.2175,1,0.2169000059,0.0470456126,0.0102041936,0.0022132897,0.5194
-0.0625,0,-0.0631999969,0.0039942396,-0.0002524359,1.5954e-05,0.357
0.1675,1,0.1692000031,0.0286286411,0.0048439662,0.0008195991,0.5863
-0.0675,0,-0.066399999,0.0044089599,-0.0002927549,1.94389e-05,0.4255
0.0475,1,0.0458999984,0.0021068099,9.67026e-05,4.4386e-06,0.7609
-0.0775,0,-0.0768000036,0.0058982406,-0.0004529849,3.47892e-05,0.4933
0.1825,1,0.1841000021,0.0338928108,0.0062396665,0.0011487226,0.6519
0.1425,1,0.1444000006,0.0208513602,0.0030109364,0.0004347792,0.7003
-0.1125,0,-0.1119000018,0.0125216104,-0.0014011682,0.0001567907,0.4115
0.0075,1,0.0051000002,2.601e-05,1.327e-07,7e-10,0.4023
-0.2425,0,-0.2422000021,0.058660841,-0.0142076558,0.0034410943,0.3645
-0.1075,0,-0.1092000008,0.0119246402,-0.0013021707,0.000142197,0.5674
-0.0975,0,-0.0989999995,0.0098009999,-0.000970299,9.60596e-05,0.3134
-0.2375,0,-0.238199994,0.0567392371,-0.0135152859,0.003219341,0.408
0.2125,1,0.2120999992,0.0449864097,0.0095416175,0.0020237771,0.6479
0.0925,1,0.0901999995,0.0081360399,0.0007338708,6.61951e-05,0.6266
-0.2025,0,-0.2036000043,0.0414529618,-0.0084398232,0.001718348,0.3538
0.2225,1,0.222299993,0.0494172869,0.0109854625,0.0024420682,0.7405
0.1925,1,0.194600001,0.0378691604,0.0073693386,0.0014340733,0.6305
0.0125,1,0.0120999999,0.00014641,1.7716e-06,2.14e-08,0.5442
-0.1125,0,-0.1143999994,0.0130873599,-0.001497194,0.000171279,0.5056
-0.1975,0,-0.1986999959,0.0394816884,-0.0078450113,0.0015588037,0.3898
-0.1675,0,-0.1684000045,0.0283585615,-0.0047755819,0.000804208,0.5031
-0.2225,0,-0.2229000032,0.0496844114,-0.0110746555,0.0024685407,0.3938
0.2125,1,0.2131000012,0.0454116105,0.0096772143,0.0020622144,0.6186
0.0175,1,0.0181000009,0.00032761,5.9297e-06,1.073e-07,0.6196
0.0375,1,0.0397000015,0.0015760901,6.25708e-05,2.4841e-06,0.5137
-0.1975,0,-0.1963,0.03853369,-0.0075641633,0.0014848453,0.4555
-0.2375,0,-0.2355999947,0.0555073575,-0.0130775331,0.0030810667,0.4841
0.1325,1,0.1327999979,0.0176358394,0.0023420394,0.0003110228,0.613
0.2375,1,0.2363000065,0.0558376931,0.0131944472,0.003117848,0.5472
-0.1075,0,-0.1064999998,0.0113422499,-0.0012079496,0.0001286466,0.3582
-0.2375,0,-0.2351000011,0.0552720105,-0.0129944497,0.0030549951,0.3485
0.1825,1,0.1808000058,0.0326886421,0.0059101067,0.0010685473,0.5108
-0.1575,0,-0.1596000046,0.0254721615,-0.0040653571,0.000648831,0.466
-0.1175,0,-0.1198000014,0.0143520403,-0.0017193745,0.0002059811,0.4737
-0.1925,0,-0.1909999996,0.0364809999,-0.006967871,0.0013308634,0.3709
-0.0825,0,-0.0807000026,0.0065124904,-0.000525558,4.24125e-05,0.4587
-0.2225,0,-0.2204000056,0.0485761625,-0.0107061865,0.0023596436,0.4959
0.1125,1,0.1108999997,0.0122988099,0.001363938,0.0001512607,1.0
-0.1725,0,-0.171299994,0.0293436879,-0.0050265736,0.000861052,0.3307
0.0075,1,0.0051000002,2.601e-05,1.327e-07,7e-10,0.5323
-0.1225,0,-0.122299999,0.0149572898,-0.0018292765,0.0002237205,0.4148
-0.0425,0,-0.0410999991,0.0016892099,-6.94265e-05,2.8534e-06,0.3576
-0.1975,0,-0.1985999942,0.0394419577,-0.0078331726,0.001555668,0.4666
0.0675,1,0.0675999969,0.0045697596,0.0003089157,2.08827e-05,0.5658
0.1475,1,0.1488000005,0.0221414402,0.0032946463,0.0004902434,0.7069
-0.1425,0,-0.142900005,0.0204204114,-0.0029180769,0.0004169932,0.3951
-0.1675,0,-0.168599993,0.0284259576,-0.0047926163,0.0008080351,0.2929
0.2075,1,0.2057999969,0.0423536387,0.0087163787,0.0017938307,0.6324
-0.0625,0,-0.0612999983,0.0037576898,-0.0002303464,1.41202e-05,0.2566
-0.1575,0,-0.1562000066,0.0243984421,-0.0038110368,0.000595284,0.4461
0.2175,1,0.2166000009,0.0469155604,0.0101619104,0.0022010698,0.7116
0.0625,1,0.0614,0.00376996,0.0002314755,1.42126e-05,0.5165
-0.1525,0,-0.1536999941,0.0236236882,-0.0036309607,0.0005580786,0.3738
0.0825,1,0.0820999965,0.0067404094,0.0005533876,4.54331e-05,0.5317
0.2325,1,0.2307000011,0.0532224905,0.0122784286,0.0028326335,0.713
-0.0825,0,-0.0842000023,0.0070896404,-0.0005969477,5.0263e-05,0.5418
-0.1075,0,-0.1067000031,0.0113848907,-0.0012147679,0.0001296157,0.3508
-0.0075,0,-0.0099999998,0.0001,-1e-06,1e-08,0.442
0.0225,1,0.0221999995,0.00049284,1.0941e-05,2.429e-07,0.3704
0.2175,1,0.2154999971,0.0464402488,0.0100078735,0.0021566967,0.6113
-0.1675,0,-0.1687999964,0.0284934388,-0.0048096924,0.0008118761,0.3552
0.0425,1,0.0421000011,0.0017724101,7.46185e-05,3.1414e-06,0.4909
0.0625,1,0.061900001,0.0038316101,0.0002371767,1.46812e-05,0.617
-0.1125,0,-0.1123000011,0.0126112902,-0.0014162479,0.0001590446,0.4742
0.1675,1,0.1692000031,0.0286286411,0.0048439662,0.0008195991,0.5832
0.1125,1,0.1145000011,0.0131102502,0.0015011237,0.0001718787,0.574
0.2225,1,0.2249000072,0.0505800133,0.0113754453,0.0025583377,0.6232
0.0875,1,0.0898000002,0.00806404,0.0007241508,6.50287e-05,0.5685
0.1375,1,0.1351999938,0.0182790383,0.0024713259,0.0003341232,0.5915
0.0175,1,0.0155999996,0.00024336,3.7964e-06,5.92e-08,0.4327
-0.0625,0,-0.0626000017,0.0039187602,-0.0002453144,1.53567e-05,0.4507
0.1075,1,0.1071000025,0.0114704105,0.001228481,0.0001315703,0.5242
-0.1825,0,-0.1844000071,0.0340033626,-0.0062702203,0.0011562287,0.3612
-0.1075,0,-0.108099997,0.0116856094,-0.0012632143,0.0001365535,0.4701
-0.1275,0,-0.1274999976,0.0162562494,-0.0020726718,0.0002642656,0.3903
0.2125,1,0.2122000009,0.0450288404,0.00955512,0.0020275965,0.6604
-0.1475,0,-0.1480000019,0.0219040006,-0.0032417921,0.0004797852,0.4104
0.0975,1,0.0974000022,0.0094867604,0.0009240105,8.99986e-05,0.6068
-0.2125,0,-0.212500006,0.0451562525,-0.0095957039,0.0020390871,0.4823
0.0025,1,0.0005,2.5e-07,1e-10,0.0,0.6613
-0.1975,0,-0.1967000067,0.0386908926,-0.0076104988,0.0014969852,0.3873
-0.2175,0,-0.2169999927,0.0470889968,-0.010218312,0.0022173736,0.3553
0.1225,1,0.1231999993,0.0151782398,0.0018699591,0.000230379,0.7063
-0.1025,0,-0.1046999991,0.0109620898,-0.0011477308,0.0001201674,0.4725
0.0625,1,0.0627000034,0.0039312904,0.0002464919,1.5455e-05,0.5049
-0.2225,0,-0.2213000059,0.0489736926,-0.0108378785,0.0023984226,0.4514
0.0125,1,0.0120999999,0.00014641,1.7716e-06,2.14e-08,0.511
-0.2175,0,-0.2192000002,0.0480486401,-0.0105322619,0.0023086718,0.335
-0.2175,0,-0.2178999931,0.047480407,-0.0103459804,0.002254389,0.3662
-0.0325,0,-0.0344999991,0.0011902499,-4.10636e-05,1.4167e-06,0.4461
-0.1075,0,-0.1071999967,0.0114918393,-0.0012319251,0.0001320624,0.485
-0.1675,0,-0.1691000015,0.0285948105,-0.0048353825,0.0008176632,0.5203
0.1425,1,0.1448999941,0.0209960083,0.0030423215,0.0004408324,0.5427
0.2325,1,0.2304999977,0.053130249,0.0122465223,0.0028228234,1.0
-0.0475,0,-0.0467999987,0.0021902399,-0.0001025032,4.7972e-06,0.3798
0.1825,1,0.1836999953,0.0337456883,0.0061990828,0.0011387715,0.5683
-0.1325,0,-0.1324999928,0.0175562481,-0.0023262027,0.0003082218,0.4302
-0.1275,0,-0.1255999953,0.0157753588,-0.001981385,0.0002488619,0.3702
-0.0225,0,-0.0201999992,0.00040804,-8.2424e-06,1.665e-07,0.5133
0.1175,1,0.1185000017,0.0140422504,0.0016640067,0.0001971848,0.6888
-0.1175,0,-0.1164999977,0.0135722495,-0.001581167,0.000184206,0.4125
0.1475,1,0.1459999979,0.0213159994,0.0031121359,0.0004543718,0.6143
0.1425,1,0.1445000023,0.0208802507,0.0030171963,0.0004359849,0.5383
0.0225,1,0.0207000002,0.00042849,8.8697e-06,1.836e-07,0.4618
-0.0275,0,-0.0272000004,0.00073984,-2.01236e-05,5.474e-07,0.4324
0.0525,1,0.0522999987,0.0027352899,0.0001430557,7.4818e-06,0.5911
-0.1675,0,-0.1696999967,0.0287980889,-0.0048870356,0.0008293299,0.4404
-0.0925,0,-0.0934000015,0.0087235603,-0.0008147805,7.61005e-05,0.3728
-0.2225,0,-0.2208999991,0.0487968096,-0.0107792152,0.0023811286,0.0
-0.0475,0,-0.0476999991,0.0022752899,-0.0001085313,5.1769e-06,0.3379
0.1225,1,0.1208000034,0.0145926408,0.0017627911,0.0002129452,0.5398
0.0025,1,0.0011,1.21e-06,1.3e-09,0.0,0.4621
0.1925,1,0.1938000023,0.0375584409,0.0072788259,0.0014106365,0.575
0.0275,1,0.0287999995,0.00082944,2.38879e-05,6.88e-07,0.6469
0.1325,1,0.131099999,0.0171872097,0.0022532432,0.0002954002,0.674
-0.1775,0,-0.1757999957,0.0309056385,-0.0054332111,0.0009551585,0.4076
-0.1175,0,-0.1162,0.01350244,-0.0015689835,0.0001823159,0.4744
0.0825,1,0.0830999985,0.0069056098,0.0005738562,4.76874e-05,0.5401
0.0125,1,0.0149999997,0.000225,3.375e-06,5.06e-08,0.4768
-0.0575,0,-0.0590000004,0.003481,-0.000205379,1.21174e-05,0.3666
-0.1225,0,-0.1207000017,0.0145684904,-0.0017584168,0.0002122409,0.4332
-0.1225,0,-0.1246000007,0.0155251602,-0.001934435,0.0002410306,0.3663
0.2425,1,0.2433999926,0.0592435564,0.0144198812,0.003509799,0.5707
-0.1175,0,-0.115199998,0.0132710395,-0.0015288237,0.0001761205,0.3198
-0.2125,0,-0.2105000019,0.0443102508,-0.0093273079,0.0019633983,0.4274
-0.2125,0,-0.2115000039,0.0447322517,-0.0094608714,0.0020009743,0.2557
0.1725,1,0.1702000052,0.0289680418,0.0049303609,0.0008391474,0.581
0.1375,1,0.1366000026,0.0186595607,0.002548896,0.0003481792,0.642
0.2325,1,0.2301000059,0.0529460127,0.0121828778,0.0028032803,0.627
-0.0525,0,-0.0502999984,0.0025300898,-0.0001272635,6.4014e-06,0.4955
0.1025,1,0.1005000025,0.0101002505,0.0010150752,0.0001020151,0.6397
-0.0425,0,-0.0412999988,0.0017056899,-7.0445e-05,2.9094e-06,0.4453
0.0475,1,0.0483999997,0.00234256,0.0001133799,5.4876e-06,0.6158
0.0475,1,0.0452000014,0.0020430401,9.23454e-05,4.174e-06,0.4888
-0.1875,0,-0.1852999926,0.0343360872,-0.0063624767,0.0011789669,0.3536
0.0025,1,0.0011,1.21e-06,1.3e-09,0.0,0.6579
0.0375,1,0.0377999991,0.0014288399,5.40101e-05,2.0416e-06,0.6569
-0.1925,0,-0.1926999986,0.0371332895,-0.0071555848,0.0013788812,0.4398
-0.1425,0,-0.1421000063,0.0201924118,-0.0028693418,0.0004077335,0.3895
-0.0625,0,-0.0649999976,0.0042249997,-0.000274625,1.78506e-05,0.4267
-0.2225,0,-0.2229000032,0.0496844114,-0.0110746555,0.0024685407,0.4604
-0.1225,0,-0.1203999966,0.0144961592,-0.0017453375,0.0002101386,0.461
-0.1175,0,-0.1187999994,0.0141134398,-0.0016766766,0.0001991892,0.2936
-0.0275,0,-0.0256999992,0.00066049,-1.69746e-05,4.362e-07,0.4932
0.1775,1,0.1762000024,0.0310464409,0.005470383,0.0009638815,0.5692
0.0525,1,0.0546999983,0.0029920898,0.0001636673,8.9526e-06,0.2503
-0.1225,0,-0.1247000024,0.0155500906,-0.0019390963,0.0002418053,0.0
-0.0475,0,-0.0465000011,0.0021622501,-0.0001005446,4.6753e-06,0.5324
-0.0775,0,-0.0799999982,0.0063999997,-0.000512,4.096e-05,0.3668
0.1975,1,0.1950999945,0.0380640079,0.0074262877,0.0014488687,0.5234
-0.1075,0,-0.1076999977,0.0115992895,-0.0012492435,0.0001345435,0.4795
-0.2175,0,-0.2152999938,0.0463540873,-0.0099800347,0.0021487014,0.4219
0.1325,1,0.1349000037,0.018198011,0.0024549117,0.0003311676,0.6973
-0.1525,0,-0.1519999951,0.0231039985,-0.0035118077,0.0005337947,0.4033
-0.0425,0,-0.0410000011,0.0016810001,-6.8921e-05,2.8258e-06,0.3524
-0.0825,0,-0.0828000009,0.0068558402,-0.0005676636,4.70025e-05,0.2711
0.2075,1,0.2094999999,0.04389025,0.0091950074,0.001926354,0.5611
0.1725,1,0.174999997,0.030624999,0.0053593747,0.0009378906,0.6547
-0.0975,0,-0.0992000028,0.0098406406,-0.0009761916,9.68382e-05,0.4508
0.1075,1,0.1081999987,0.0117072397,0.0012667233,0.0001370595,0.5142
0.1175,1,0.1158000007,0.0134096402,0.0015528363,0.0001798184,0.5412
-0.1525,0,-0.1524000019,0.0232257606,-0.003539606,0.000539436,0.4637
-0.0075,0,-0.0066,4.356e-05,-2.875e-07,1.9e-09,0.4908
0.0975,1,0.0957000032,0.0091584906,0.0008764676,8.3878e-05,0.6636
0.2325,1,0.2316000015,0.0536385607,0.0124226907,0.0028770952,0.6099
-0.1575,0,-0.1552000046,0.0240870414,-0.0037383089,0.0005801856,0.3546
-0.1375,0,-0.135800004,0.0184416411,-0.0025043749,0.0003400941,0.5401
-0.1925,0,-0.1907999963,0.0364046386,-0.0069460049,0.0013252977,0.3218
-0.0325,0,-0.0342000015,0.0011696401,-4.00017e-05,1.3681e-06,0.3315
0.0025,1,0.0013,1.69e-06,2.2e-09,0.0,0.5457
-0.1875,0,-0.1875,0.03515625,-0.0065917969,0.0012359619,0.4254
0.2075,1,0.2097000033,0.0439740914,0.0092213671,0.0019337207,0.7064
-0.0925,0,-0.0908999965,0.0082628094,-0.0007510893,6.8274e-05,0.4303
0.0425,1,0.0419000015,0.0017556101,7.35601e-05,3.0822e-06,0.592
-0.1625,0,-0.1630000025,0.0265690008,-0.0043307472,0.0007059118,0.0
0.0475,1,0.0485000014,0.0023522501,0.0001140841,5.5331e-06,0.479
0.2475,1,0.2477000058,0.0613552929,0.0151977064,0.003764472,0.5527
0.1925,1,0.1900999993,0.0361380097,0.0068698356,0.0013059557,0.701
0.0825,1,0.0830999985,0.0069056098,0.0005738562,4.76874e-05,0.5401
-0.1325,0,-0.1326999962,0.017609289,-0.0023367526,0.0003100871,0.4413
-0.1425,0,-0.1437000036,0.020649691,-0.0029673607,0.0004264097,0.4193
-0.1275,0,-0.1298999935,0.0168740083,-0.0021919336,0.0002847322,0.4419
-0.0375,0,-0.0364000015,0.0013249601,-4.82285e-05,1.7555e-06,0.4467
0.0775,1,0.0771000013,0.0059444102,0.000458314,3.5336e-05,0.4728
0.1325,1,0.1345999986,0.0181171596,0.0024385697,0.0003282315,0.53
0.0675,1,0.069600001,0.0048441601,0.0003371536,2.34659e-05,0.5877
0.0825,1,0.0812000036,0.0065934406,0.0005353874,4.34735e-05,0.647
0.1125,1,0.1133999974,0.0128595594,0.001458274,0.0001653683,1.0
-0.0325,0,-0.0331000015,0.0010956101,-3.62647e-05,1.2004e-06,0.4626
-0.0725,0,-0.0725999996,0.0052707599,-0.0003826572,2.77809e-05,0.5029
0.2325,1,0.2348999977,0.0551780089,0.0129613142,0.0030446127,0.6407
0.0475,1,0.0463999994,0.0021529599,9.98973e-05,4.6352e-06,0.5037
0.1575,1,0.1588000059,0.0252174419,0.0040045299,0.0006359194,0.5335
-0.0525,0,-0.0549999997,0.003025,-0.000166375,9.1506e-06,0.4524
0.0825,1,0.0830999985,0.0069056098,0.0005738562,4.76874e-05,0.5401
0.0475,1,0.0471000001,0.00221841,0.0001044871,4.9213e-06,0.5872
-0.1475,0,-0.1462000012,0.0213744404,-0.0031249432,0.0004568667,0.4118
-0.0075,0,-0.0074999998,5.625e-05,-4.219e-07,3.2e-09,0.4481
-0.1425,0,-0.1448999941,0.0209960083,-0.0030423215,0.0004408324,0.4546
0.0175,1,0.0179999992,0.000324,5.832e-06,1.05e-07,0.5576
0.0925,1,0.0948999971,0.0090060095,0.0008546703,8.11082e-05,0.6499
0.1175,1,0.1164000034,0.0135489608,0.0015770991,0.0001835743,0.7312
0.0525,1,0.0511999987,0.0026214399,0.0001342177,6.8719e-06,0.577
0.2425,1,0.2448000014,0.0599270407,0.0146701396,0.0035912502,0.6104
0.0375,1,0.0353999995,0.00125316,4.43619e-05,1.5704e-06,0.6402
-0.1525,0,-0.1500999928,0.0225300078,-0.003381754,0.0005076013,0.373
0.0375,1,0.0397999994,0.00158404,6.30448e-05,2.5092e-06,0.5318
0.0275,1,0.0252999999,0.00064009,1.61943e-05,4.097e-07,0.5933
0.0075,1,0.0066999998,4.489e-05,3.008e-07,2e-09,0.5192
-0.1275,0,-0.1286000013,0.0165379603,-0.0021267817,0.0002735041,0.367
0.0675,1,0.065700002,0.0043164903,0.0002835934,1.86321e-05,0.6082
-0.0375,0,-0.0390000008,0.0015210001,-5.9319e-05,2.3134e-06,0.3977
0.1325,1,0.1334999949,0.0178222486,0.0023792701,0.0003176325,0.5893
0.0625,1,0.0617999993,0.0038192399,0.000236029,1.45866e-05,0.539
0.0275,1,0.0293000005,0.00085849,2.51538e-05,7.37e-07,0.6274
-0.2425,0,-0.2412,0.05817744,-0.0140323985,0.0033846145,0.388
-0.1325,0,-0.1303000003,0.0169780901,-0.0022122451,0.0002882555,0.0
0.1525,1,0.1542000026,0.0237776408,0.0036665123,0.0005653762,0.4437
0.0175,1,0.0159000009,0.00025281,4.0197e-06,6.39e-08,0.563
0.0575,1,0.0590999983,0.0034928098,0.0002064251,1.21997e-05,0.4653
0.0225,1,0.0220999997,0.00048841,1.07939e-05,2.385e-07,0.6612
0.1175,1,0.1184,0.01401856,0.0016597975,0.00019652,0.0
-0.2275,0,-0.2275000066,0.051756253,-0.0117745479,0.0026787097,0.3287
-0.2225,0,-0.2230000049,0.0497290022,-0.0110895677,0.0024729737,0.588
0.0575,1,0.057,0.003249,0.000185193,1.0556e-05,0.4735
-0.0375,0,-0.0364999995,0.00133225,-4.86271e-05,1.7749e-06,0.7762
-0.0825,0,-0.0843999982,0.0071233597,-0.0006012115,5.07423e-05,0.3525
0.1825,1,0.1812999994,0.0328696898,0.0059592747,0.0010804165,0.5632
0.0375,1,0.0397000015,0.0015760901,6.25708e-05,2.4841e-06,0.4799
-0.1175,0,-0.1159000024,0.0134328106,-0.0015568628,0.0001804404,0.5043
0.1875,1,0.1870000064,0.0349690024,0.0065392037,0.0012228311,0.3984
0.0325,1,0.0326000005,0.00106276,3.4646e-05,1.1295e-06,0.4797
0.0325,1,0.0333999991,0.0011155599,3.72597e-05,1.2445e-06,0.6719
0.2425,1,0.2426999956,0.0589032879,0.0142958277,0.0034695973,1.0
-0.1175,0,-0.1193000004,0.0142324901,-0.0016979361,0.0002025638,0.4082
-0.0525,0,-0.0505000018,0.0025502502,-0.0001287876,6.5038e-06,0.419
-0.1275,0,-0.1288000047,0.0165894412,-0.0021367201,0.0002752096,0.3436
-0.0325,0,-0.0305000003,0.00093025,-2.83726e-05,8.654e-07,0.4551
-0.2025,0,-0.2001000047,0.0400400119,-0.0080120066,0.0016032026,0.2651
-0.0975,0,-0.0969000012,0.0093896102,-0.0009098532,8.81648e-05,0.4294
0.0775,1,0.0759999976,0.0057759996,0.000438976,3.33622e-05,0.551
-0.0175,0,-0.0187999997,0.00035344,-6.6447e-06,1.249e-07,0.3362
0.0175,1,0.0171000008,0.00029241,5.0002e-06,8.55e-08,0.5691
-0.0375,0,-0.0361000001,0.00130321,-4.70459e-05,1.6984e-06,0.365
-0.2175,0,-0.2168000042,0.0470022418,-0.0101900862,0.0022092107,0.3056
0.1175,1,0.1152999997,0.0132940899,0.0015328086,0.0001767328,0.7194
-0.1575,0,-0.1599999964,0.0255999989,-0.0040959997,0.0006553599,0.3381
0.0475,1,0.0474999994,0.0022562499,0.0001071719,5.0907e-06,0.5518
-0.1625,0,-0.1639000028,0.0268632109,-0.0044028803,0.0007216321,0.4033
0.1625,1,0.1639000028,0.0268632109,0.0044028803,0.0007216321,0.5446
-0.1025,0,-0.1036999971,0.0107536894,-0.0011151576,0.0001156418,0.3666
0.1725,1,0.1721999943,0.029652838,0.0051062185,0.0008792908,0.5554
-0.1075,0,-0.1085999981,0.0117939596,-0.001280824,0.0001390975,0.3932
0.1025,1,0.1026000008,0.0105267602,0.0010800456,0.0001108127,0.6242
-0.1475,0,-0.1477999985,0.0218448396,-0.0032286673,0.000477197,0.3252
-0.2225,0,-0.2233999968,0.0499075586,-0.0111493484,0.0024907644,0.3002
-0.0625,0,-0.0617999993,0.0038192399,-0.000236029,1.45866e-05,0.6184
0.1825,1,0.1832000017,0.0335622406,0.0061486025,0.001126424,0.642
0.1375,1,0.1357000023,0.0184144906,0.0024988464,0.0003390935,0.6703
0.0775,1,0.0791999996,0.0062726399,0.0004967931,3.9346e-05,0.5505
0.2025,1,0.2004999965,0.0402002486,0.0080601497,0.00161606,0.722
0.0425,1,0.0414999984,0.0017222499,7.14734e-05,2.9661e-06,1.0
0.1875,1,0.1863999963,0.0347449586,0.0064764602,0.0012072121,0.6431
-0.0775,0,-0.0799999982,0.0063999997,-0.000512,4.096e-05,0.3706
0.1275,1,0.1274999976,0.0162562494,0.0020726718,0.0002642656,0.6362
-0.0225,0,-0.0217000004,0.00047089,-1.02183e-05,2.217e-07,0.4896
-0.0475,0,-0.0469000004,0.00219961,-0.0001031617,4.8383e-06,0.404
0.0875,1,0.0882000029,0.0077792405,0.000686129,6.05166e-05,0.5806
0.0425,1,0.0439000018,0.0019272102,8.46045e-05,3.7141e-06,0.5386
-0.1025,0,-0.1049000025,0.0110040105,-0.0011543207,0.0001210882,0.4596
-0.2425,0,-0.2449000031,0.0599760115,-0.0146881254,0.003597122,0.3282
0.0825,1,0.0830999985,0.0069056098,0.0005738562,4.76874e-05,0.5401
-0.1225,0,-0.121299997,0.0147136893,-0.0017847705,0.0002164927,0.4008
-0.0225,0,-0.0231999997,0.00053824,-1.24872e-05,2.897e-07,0.3137
-0.1725,0,-0.1702000052,0.0289680418,-0.0049303609,0.0008391474,0.2669
0.1725,1,0.1730999947,0.0299636082,0.0051867004,0.0008978178,0.9548
0.2475,1,0.2481999993,0.0616032397,0.015289924,0.0037949591,1.0
0.0825,1,0.0830999985,0.0069056098,0.0005738562,4.76874e-05,0.5401
0.0925,1,0.0905999988,0.0082083598,0.0007436774,6.73772e-05,0.5191
0.1675,1,0.1671999991,0.0279558397,0.0046742164,0.000781529,0.5061
-0.2425,0,-0.2424000055,0.0587577626,-0.014242882,0.0034524747,0.2833
0.1825,1,0.1835999936,0.0337089576,0.0061889644,0.0011362938,0.7174
-0.0425,0,-0.0438000001,0.00191844,-8.40277e-05,3.6804e-06,0.389
0.0725,1,0.070600003,0.0049843604,0.0003518959,2.48438e-05,0.9125
-0.1375,0,-0.1372999996,0.0188512899,-0.0025882821,0.0003553711,0.0
0.1675,1,0.165199995,0.0272910384,0.0045084794,0.0007448008,0.8196
-0.0025,0,-0.0031999999,1.024e-05,-3.28e-08,1e-10,0.5507
0.2325,1,0.2328999937,0.054242407,0.0126330563,0.0029422387,0.5576
0.1425,1,0.1412999928,0.019965688,0.0028211516,0.0003986287,0.485
-0.0525,0,-0.0542000011,0.0029376401,-0.0001592201,8.6297e-06,0.3653
0.1975,1,0.1976000071,0.0390457628,0.007715443,0.0015245716,0.6849
-0.1325,0,-0.1313000023,0.0172396906,-0.0022635714,0.0002972069,0.466
-0.0325,0,-0.0307,0.00094249,-2.89344e-05,8.883e-07,0.554
0.2075,1,0.2073999941,0.0430147576,0.0089212605,0.0018502694,0.5236
0.2325,1,0.2329999954,0.0542889978,0.0126493362,0.0029472953,0.4661
-0.1075,0,-0.1062000021,0.0112784405,-0.0011977704,0.0001272032,0.4662
-0.0225,0,-0.0203000009,0.00041209,-8.3654e-06,1.698e-07,0.3962
-0.0175,0,-0.0199999996,0.0004,-8e-06,1.6e-07,0.0
0.2225,1,0.2213000059,0.0489736926,0.0108378785,0.0023984226,0.5959
0.0825,1,0.0830999985,0.0069056098,0.0005738562,4.76874e-05,0.5401
0.2125,1,0.2119999975,0.0449439989,0.0095281277,0.002019963,0.9436
-0.1425,0,-0.1436000019,0.0206209606,-0.00296117,0.000425224,0.3109
0.2375,1,0.2397000045,0.0574560921,0.0137722255,0.0033012025,0.5134
0.0725,1,0.0705000013,0.0049702502,0.0003504026,2.47034e-05,0.4089
0.0425,1,0.0425000004,0.00180625,7.67656e-05,3.2625e-06,0.4808
0.0325,1,0.0342000015,0.0011696401,4.00017e-05,1.3681e-06,0.4559
-0.0225,0,-0.0219999999,0.000484,-1.0648e-05,2.343e-07,0.3263
0.0675,1,0.0667999983,0.0044622398,0.0002980776,1.99116e-05,0.4225
0.1175,1,0.1158000007,0.0134096402,0.0015528363,0.0001798184,0.6467
0.0125,1,0.0148999998,0.00022201,3.3079e-06,4.93e-08,0.5412
0.1925,1,0.1934999973,0.0374422489,0.0072450751,0.001401922,1.0
-0.1325,0,-0.1334999949,0.0178222486,-0.0023792701,0.0003176325,0.4113
0.0375,1,0.0364999995,0.00133225,4.86271e-05,1.7749e-06,0.5352
0.2025,1,0.202000007,0.0408040028,0.0082424089,0.0016649666,0.6884
-0.1725,0,-0.1712000072,0.0293094425,-0.0050177768,0.0008590434,0.4396
-0.1075,0,-0.1094999984,0.0119902496,-0.0013129323,0.0001437661,0.4443
-0.1725,0,-0.1718000025,0.0295152408,-0.0050707184,0.0008711494,0.3092
-0.1075,0,-0.1055999994,0.0111513599,-0.0011775836,0.0001243528,0.471
0.2075,1,0.2093999982,0.0438483592,0.0091818463,0.0019226786,0.0
-0.2225,0,-0.2231000066,0.0497736129,-0.0111044934,0.0024774125,0.3078
-0.0275,0,-0.0287999995,0.00082944,-2.38879e-05,6.88e-07,0.4575
0.1775,1,0.1785999984,0.0318979594,0.0056969755,0.0010174798,0.61
0.1575,1,0.1571999937,0.024711838,0.0038847008,0.0006106749,0.601
-0.0175,0,-0.0154999997,0.00024025,-3.7239e-06,5.77e-08,0.4078
-0.1825,0,-0.1809999943,0.0327609979,-0.0059297404,0.001073283,0.4066
-0.1675,0,-0.1683000028,0.0283248909,-0.0047670792,0.0008022994,0.4937
0.0825,1,0.0822999999,0.00677329,0.0005574418,4.58775e-05,0.5401
-0.1625,0,-0.1635999978,0.0267649593,-0.0043787473,0.000716363,0.4245
0.0825,1,0.0830999985,0.0069056098,0.0005738562,4.76874e-05,0.5401
-0.1825,0,-0.1823000014,0.0332332905,-0.0060584289,0.0011044516,0.2932
-0.1075,0,-0.1084000021,0.0117505605,-0.0012737608,0.0001380757,0.3229
-0.0975,0,-0.0993999988,0.0098803598,-0.0009821077,9.76215e-05,0.4419
0.0475,1,0.0461999997,0.00213444,9.86111e-05,4.5558e-06,0.546
0.2175,1,0.2189999968,0.0479609986,0.0105034585,0.0023002574,0.5433
-0.0675,0,-0.0692000017,0.0047886402,-0.0003313739,2.29311e-05,0.4077
0.1775,1,0.1765999943,0.031187558,0.0055077226,0.0009726638,0.5626
0.2175,1,0.2189999968,0.0479609986,0.0105034585,0.0023002574,0.5862
0.1075,1,0.1053000018,0.0110880904,0.0011675759,0.0001229457,0.6108
0.1425,1,0.1442999989,0.0208224897,0.0030046852,0.0004335761,0.5156
-0.0975,0,-0.0983000025,0.0096628905,-0.0009498622,9.33715e-05,0.4392
-0.1175,0,-0.1159999967,0.0134559992,-0.0015608959,0.0001810639,0.3236
0.2125,1,0.2129999995,0.0453689998,0.0096635969,0.0020583461,0.5577
-0.1675,0,-0.1667000055,0.0277888918,-0.0046324084,0.0007722225,0.4018
-0.0425,0,-0.0445999987,0.0019891599,-8.87165e-05,3.9568e-06,0.4221
0.0325,1,0.0300999992,0.0009060099,2.72709e-05,8.209e-07,0.5034
0.1425,1,0.1421000063,0.0201924118,0.0028693418,0.0004077335,0.5153
0.0475,1,0.0450000018,0.0020250002,9.1125e-05,4.1006e-06,0.5775
0.0425,1,0.0421999991,0.0017808399,7.51514e-05,3.1714e-06,0.4417
-0.2125,0,-0.2124000043,0.0451137618,-0.0095821632,0.0020352515,0.3116
-0.0375,0,-0.0399000011,0.0015920101,-6.35212e-05,2.5345e-06,0.4484
-0.1025,0,-0.1014000028,0.0102819606,-0.0010425908,0.0001057187,0.2996
-0.1875,0,-0.1851000041,0.0342620115,-0.0063418985,0.0011738854,0.2897
-0.0125,0,-0.0133999996,0.00017956,-2.4061e-06,3.22e-08,0.4167
-0.2425,0,-0.2426999956,0.0589032879,-0.0142958277,0.0034695973,0.4145
0.1425,1,0.1423999965,0.020277759,0.0028875528,0.0004111875,0.5712
0.1275,1,0.1256999969,0.0158004892,0.0019861214,0.0002496555,0.4984
-0.0475,0,-0.0476000011,0.0022657601,-0.0001078502,5.1337e-06,0.3433
0.2475,1,0.2470999956,0.0610584078,0.0150875323,0.0037281292,0.5565
0.2425,1,0.2416999936,0.0584188869,0.0141198446,0.0034127663,1.0
0.1225,1,0.1224000007,0.0149817602,0.0018337675,0.0002244531,0.639
0.0125,1,0.0129000004,0.00016641,2.1467e-06,2.77e-08,0.541
-0.0475,0,-0.0458000004,0.00209764,-9.60719e-05,4.4001e-06,0.3715
0.1825,1,0.1826000065,0.0333427624,0.0060883886,0.0011117398,0.5577
-0.2125,0,-0.2111999989,0.0446054395,-0.0094206688,0.0019896452,0.4318
0.1875,1,0.1878000051,0.0352688419,0.0066234887,0.0012438912,0.4988
-0.0725,0,-0.0715999976,0.0051265597,-0.0003670617,2.62816e-05,0.4771
0.1075,1,0.1076000035,0.0115777607,0.0012457671,0.0001340445,0.475
-0.1875,0,-0.1854999959,0.0344102485,-0.006383101,0.0011840652,0.3656
0.0275,1,0.0297999997,0.00088804,2.64636e-05,7.886e-07,0.5497
0.1325,1,0.1333999932,0.0177955582,0.0023739273,0.0003166819,0.532
0.0825,1,0.0830999985,0.0069056098,0.0005738562,4.76874e-05,0.5401
0.0775,1,0.079400003,0.0063043605,0.0005005662,3.9745e-05,0.5481
0.0375,1,0.0397999994,0.00158404,6.30448e-05,2.5092e-06,0.5404
0.2425,1,0.2400999963,0.0576480082,0.0138412866,0.0033232929,0.5676
0.1225,1,0.1212000027,0.0146894407,0.0017803602,0.0002157797,0.5866
-0.0825,0,-0.0842999965,0.0071064894,-0.000599077,5.05022e-05,0.3829
0.1025,1,0.1044000015,0.0108993603,0.0011378932,0.0001187961,0.6638
0.1975,1,0.1953999996,0.0381811599,0.0074605986,0.001457801,0.6774
-0.0225,0,-0.0243999995,0.00059536,-1.45268e-05,3.545e-07,0.3275
-0.0875,0,-0.0876000002,0.00767376,-0.0006722214,5.88866e-05,0.3789
0.0875,1,0.0882000029,0.0077792405,0.000686129,6.05166e-05,0.7107
0.2075,1,0.2061000019,0.0424772108,0.0087545532,0.0018043134,0.5138
0.2375,1,0.2390999943,0.0571688073,0.0136690615,0.0032682725,0.5823
0.2325,1,0.2322999984,0.0539632893,0.012535672,0.0029120366,0.7863
0.0975,1,0.0973000005,0.0094672901,0.0009211673,8.96296e-05,0.3986
-0.1525,0,-0.1533000022,0.0235008907,-0.0036026866,0.0005522919,0.3941
0.0625,1,0.0601000004,0.00361201,0.0002170818,1.30466e-05,0.4953
0.0575,1,0.0577000007,0.0033292901,0.0001921,1.10842e-05,0.5748
0.2075,1,0.2057999969,0.0423536387,0.0087163787,0.0017938307,0.5243
0.0675,1,0.0691,0.00477481,0.0003299394,2.27988e-05,0.5132
-0.1125,0,-0.113499999,0.0128822498,-0.0014621353,0.0001659524,0.4697
-0.0575,0,-0.0573999994,0.0032947599,-0.0001891192,1.08554e-05,0.3725
0.0225,1,0.0218000002,0.00047524,1.03602e-05,2.259e-07,0.5642
0.0725,1,0.0733999982,0.0053875597,0.0003954469,2.90258e-05,0.5431
0.1875,1,0.1889999956,0.0357209983,0.0067512685,0.0012759897,1.0
-0.2325,0,-0.231099993,0.0534072068,-0.0123424051,0.0028523297,0.3178
-0.2075,0,-0.2066999972,0.0427248888,-0.0088312344,0.0018254161,0.3764
-0.1175,0,-0.1182999983,0.0139948896,-0.0016555954,0.0001958569,0.5441
-0.0625,0,-0.0645999983,0.0041731598,-0.0002695861,1.74153e-05,0.6029
-0.2375,0,-0.2381000072,0.0566916134,-0.0134982736,0.003213939,0.3261
0.1275,1,0.1259000003,0.0158508101,0.001995617,0.0002512482,0.5101
-0.1325,0,-0.1312000006,0.0172134402,-0.0022584034,0.0002963025,0.3274
0.0525,1,0.0535999984,0.0028729598,0.0001539906,8.2539e-06,0.5048
0.2125,1,0.2143999934,0.0459673572,0.0098554011,0.0021129979,0.6151
-0.0625,0,-0.0603,0.00363609,-0.0002192562,1.32212e-05,0.3507
-0.0625,0,-0.061999999,0.0038439999,-0.000238328,1.47763e-05,0.3804
-0.0375,0,-0.0384000018,0.0014745601,-5.66231e-05,2.1743e-06,0.4462
0.2375,1,0.2355999947,0.0555073575,0.0130775331,0.0030810667,0.6321
0.0025,1,0.0009,8.1e-07,7e-10,0.0,0.5018
0.2425,1,0.2409999967,0.0580809984,0.0139975204,0.0033734024,0.5614
-0.0225,0,-0.0226000007,0.00051076,-1.15432e-05,2.609e-07,0.5228
-0.1425,0,-0.1413999945,0.0199939584,-0.0028271456,0.0003997584,0.5058
-0.2125,0,-0.2132000029,0.0454542412,-0.0096908444,0.002066088,0.4545
-0.1175,0,-0.1165999994,0.0135955599,-0.0015852423,0.0001848392,0.5401
-0.0375,0,-0.0368999988,0.0013616099,-5.02434e-05,1.854e-06,0.5582
-0.0525,0,-0.050999999,0.0026009999,-0.000132651,6.7652e-06,0.4095
-0.0325,0,-0.0309999995,0.000961,-2.9791e-05,9.235e-07,0.5029
0.0525,1,0.0537,0.00288369,0.0001548542,8.3157e-06,0.5622
0.1025,1,0.1000000015,0.0100000003,0.001,0.0001,0.5336
0.0575,1,0.0562999994,0.0031696899,0.0001784535,1.00469e-05,0.5451
0.0875,1,0.0892999992,0.0079744899,0.0007121219,6.35925e-05,0.6253
0.1125,1,0.112999998,0.0127689996,0.0014428969,0.0001630473,0.585
0.0025,1,0.0026,6.76e-06,1.76e-08,0.0,0.5489
-0.1775,0,-0.1772000045,0.0313998416,-0.0055640521,0.0009859501,0.4239
-0.0025,0,-0.0018,3.24e-06,-5.8e-09,0.0,0.5302
0.0025,1,0.0035999999,1.296e-05,4.67e-08,2e-10,0.6149
-0.2225,0,-0.2205999941,0.0486643574,-0.0107353569,0.0023682197,0.3818
-0.1325,0,-0.1339000016,0.0179292104,-0.0024007213,0.0003214566,0.3359
0.1675,1,0.1692000031,0.0286286411,0.0048439662,0.0008195991,0.5832
-0.1875,0,-0.1886000037,0.0355699614,-0.0067084949,0.0012652222,0.1956
0.0575,1,0.058600001,0.0034339601,0.0002012301,1.17921e-05,0.6037
0.1475,1,0.147300005,0.0216972915,0.0031960111,0.0004707725,0.5918
0.1675,1,0.1659000069,0.0275228123,0.0045660347,0.0007575052,0.5329
0.0875,1,0.0870999992,0.0075864099,0.0006607763,5.75536e-05,0.6338
0.1825,1,0.1840000004,0.0338560001,0.006229504,0.0011462287,1.0
0.2475,1,0.2469999939,0.061008997,0.0150692219,0.0037220977,0.7016
0.0925,1,0.0939000025,0.0088172105,0.0008279361,7.77432e-05,0.6427
0.0025,1,0.0029,8.41e-06,2.44e-08,1e-10,0.5376
-0.1975,0,-0.1951999962,0.0381030385,-0.007437713,0.0014518415,0.3951
-0.1375,0,-0.1351000071,0.0182520119,-0.0024658469,0.0003331359,0.2261
0.0225,1,0.0244999994,0.00060025,1.47061e-05,3.603e-07,0.5342
-0.1325,0,-0.1326999962,0.017609289,-0.0023367526,0.0003100871,0.411
-0.1725,0,-0.1744000018,0.0304153606,-0.0053044389,0.0009250942,0.3737
0.1225,1,0.1242000014,0.0154256403,0.0019158646,0.0002379504,0.7426
-0.1525,0,-0.1548999995,0.0239940098,-0.0037166721,0.0005757125,0.3289
-0.2375,0,-0.2363999933,0.0558849568,-0.0132112034,0.0031231284,0.3309
-0.1475,0,-0.1465000063,0.0214622519,-0.00314422,0.0004606283,1.0
0.1325,1,0.1324999928,0.0175562481,0.0023262027,0.0003082218,0.5916
0.2275,1,0.2298000008,0.0528080404,0.0121352877,0.0027886891,0.5321
0.0425,1,0.0414000005,0.00171396,7.09579e-05,2.9377e-06,0.5706
-0.0725,0,-0.0746999979,0.0055800897,-0.0004168327,3.11374e-05,0.4904
0.0275,1,0.0296999998,0.00088209,2.61981e-05,7.781e-07,0.5317
-0.0625,0,-0.0612999983,0.0037576898,-0.0002303464,1.41202e-05,0.3869
0.2125,1,0.2135999948,0.0456249578,0.0097454907,0.0020816368,0.9984
-0.1025,0,-0.1030000001,0.010609,-0.001092727,0.0001125509,0.4492
0.0475,1,0.0489999987,0.0024009999,0.000117649,5.7648e-06,0.4975
-0.1875,0,-0.1870999932,0.0350064075,-0.0065496986,0.0012254486,0.3941
0.0275,1,0.0287999995,0.00082944,2.38879e-05,6.88e-07,0.6697
-0.0725,0,-0.0711999983,0.0050694398,-0.0003609441,2.56992e-05,0.5492
0.0425,1,0.0419000015,0.0017556101,7.35601e-05,3.0822e-06,0.7155
-0.0825,0,-0.0837000012,0.0070056902,-0.0005863763,4.90797e-05,0.3989
-0.0025,0,-0.0035999999,1.296e-05,-4.67e-08,2e-10,0.4262
0.0175,1,0.0154999997,0.00024025,3.7239e-06,5.77e-08,0.4762
-0.2275,0,-0.2284000069,0.0521665631,-0.0119148434,0.0027213503,0.3345
0.1675,1,0.1692000031,0.0286286411,0.0048439662,0.0008195991,0.5832
0.0875,1,0.0899000019,0.0080820103,0.0007265727,6.53189e-05,0.4699
-0.0825,0,-0.0826999992,0.0068392899,-0.0005656093,4.67759e-05,0.3355
0.1825,1,0.1835000068,0.0336722525,0.0061788586,0.0011338206,0.5374
-0.1875,0,-0.1868000031,0.0348942411,-0.0065182444,0.0012176081,0.2622
-0.0725,0,-0.0724000037,0.0052417605,-0.0003795035,2.74761e-05,0.4744
-0.1125,0,-0.112499997,0.0126562493,-0.001423828,0.0001601806,0.5351
0.1475,1,0.1481000036,0.0219336111,0.0032483679,0.0004810833,0.5164
-0.1375,0,-0.137500003,0.0189062508,-0.0025996095,0.0003574463,0.3266
0.2275,1,0.2283000052,0.0521208924,0.0118992,0.0027165874,0.6125
-0.1175,0,-0.1186999977,0.0140896894,-0.0016724461,0.0001985193,0.4571
-0.1125,0,-0.1110000014,0.0123210003,-0.0013676311,0.000151807,0.4428
0.0775,1,0.0773999989,0.0059907598,0.0004636848,3.58892e-05,0.512
0.1425,1,0.1414999962,0.0200222489,0.0028331481,0.0004008905,0.6064
-0.1825,0,-0.1818999946,0.033087608,-0.0060186357,0.0010947898,0.0
-0.0125,0,-0.0137999998,0.00019044,-2.6281e-06,3.63e-08,0.4095
0.0175,1,0.0155999996,0.00024336,3.7964e-06,5.92e-08,0.5158
-0.1675,0,-0.167899996,0.0281904087,-0.0047331695,0.0007946991,0.3782
-0.0575,0,-0.0579000004,0.00335241,-0.0001941045,1.12387e-05,0.4631
0.1525,1,0.1527999938,0.0233478381,0.0035675495,0.0005451215,0.5955
-0.0925,0,-0.0901999995,0.0081360399,-0.0007338708,6.61951e-05,0.303
0.0625,1,0.0615000017,0.0037822502,0.0002326084,1.43054e-05,0.6934
-0.2425,0,-0.2448000014,0.0599270407,-0.0146701396,0.0035912502,0.3993
-0.1825,0,-0.1800999939,0.0324360078,-0.0058417248,0.0010520946,0.4406
0.1825,1,0.1835000068,0.0336722525,0.0061788586,0.0011338206,0.5104
-0.0125,0,-0.0136000002,0.00018496,-2.5155e-06,3.42e-08,0.3661
0.1625,1,0.1633999944,0.0266995582,0.0043627077,0.0007128664,0.5407
0.1625,1,0.1633999944,0.0266995582,0.0043627077,0.0007128664,0.5398
0.1125,1,0.1142999977,0.0130644895,0.0014932711,0.0001706809,0.5901
0.0875,1,0.0864999965,0.0074822494,0.0006472145,5.59841e-05,0.4823
0.2275,1,0.2266000062,0.0513475628,0.0116353581,0.0026365722,0.5948
-0.0525,0,-0.0505000018,0.0025502502,-0.0001287876,6.5038e-06,0.4479
0.1125,1,0.1149000004,0.0132020101,0.001516911,0.0001742931,0.5401
0.0125,1,0.0137999998,0.00019044,2.6281e-06,3.63e-08,0.5026
0.0225,1,0.0230999999,0.00053361,1.23264e-05,2.847e-07,0.5171
-0.0775,0,-0.0798000023,0.0063680404,-0.0005081696,4.05519e-05,0.4103
-0.2375,0,-0.2388000041,0.057025442,-0.0136176758,0.003251901,0.4364
-0.1825,0,-0.1841000021,0.0338928108,-0.0062396665,0.0011487226,0.4704
0.0525,1,0.0535999984,0.0028729598,0.0001539906,8.2539e-06,0.4775
-0.0125,0,-0.0109999999,0.000121,-1.331e-06,1.46e-08,0.2794
-0.0725,0,-0.0710999966,0.0050552095,-0.0003594254,2.55551e-05,0.4873
-0.1925,0,-0.1908999979,0.0364428092,-0.0069569322,0.0013280783,0.4108
0.2175,1,0.2168000042,0.0470022418,0.0101900862,0.0022092107,0.6136
-0.0225,0,-0.0207000002,0.00042849,-8.8697e-06,1.836e-07,0.4911
0.0775,1,0.0786999986,0.0061936898,0.0004874434,3.83618e-05,0.5739
-0.0975,0,-0.0957000032,0.0091584906,-0.0008764676,8.3878e-05,0.4057
-0.2325,0,-0.2346999943,0.0550840873,-0.012928235,0.0030342567,0.4222
0.1925,1,0.191200003,0.0365574412,0.0069897829,0.0013364465,0.4727
-0.1125,0,-0.1118000001,0.01249924,-0.001397415,0.000156231,0.4025
0.0525,1,0.0516000018,0.0026625602,0.0001373881,7.0892e-06,0.4528
-0.2425,0,-0.2424000055,0.0587577626,-0.014242882,0.0034524747,0.3867
-0.1675,0,-0.1659000069,0.0275228123,-0.0045660347,0.0007575052,0.4479
-0.0825,0,-0.0847000033,0.0071740906,-0.0006076455,5.14676e-05,0.4433
-0.2075,0,-0.2093999982,0.0438483592,-0.0091818463,0.0019226786,0.4075
0.1925,1,0.1931000054,0.0372876121,0.0072002381,0.001390366,0.6078
0.0025,1,0.0031000001,9.61e-06,2.98e-08,1e-10,0.5481
-0.1275,0,-0.1254000068,0.0157251617,-0.0019719354,0.0002472807,0.3562
-0.0425,0,-0.0419000015,0.0017556101,-7.35601e-05,3.0822e-06,0.3841
-0.2075,0,-0.2076999992,0.0431392897,-0.0089600304,0.0018609983,0.35
0.2125,1,0.2117000073,0.0448168931,0.0094877366,0.0020085539,0.3499
0.2225,1,0.2243999988,0.0503553595,0.0112997426,0.0025356622,1.0
-0.1375,0,-0.1357000023,0.0184144906,-0.0024988464,0.0003390935,0.4028
0.1275,1,0.1292999983,0.0167184896,0.0021617007,0.0002795079,0.5109
-0.1625,0,-0.162499994,0.0264062481,-0.0042910152,0.0006972899,0.2987
0.0625,1,0.0647,0.00418609,0.00027084,1.75233e-05,0.6488
0.0025,1,0.0008,6.4e-07,5e-10,0.0,0.5435
-0.0425,0,-0.0441000015,0.0019448101,-8.57661e-05,3.7823e-06,0.4143
0.1075,1,0.1057000011,0.0111724902,0.0011809322,0.0001248245,0.5946
0.2075,1,0.2064999938,0.0426422474,0.0088056238,0.0018183613,0.5403
0.0525,1,0.053199999,0.0028302399,0.0001505688,8.0103e-06,0.4459
0.2075,1,0.208100006,0.0433056125,0.0090118982,0.0018753761,0.4927
0.0725,1,0.0705000013,0.0049702502,0.0003504026,2.47034e-05,0.6987
-0.0375,0,-0.0375000015,0.0014062501,-5.27344e-05,1.9775e-06,0.4306
0.1175,1,0.1181999967,0.0139712392,0.0016514004,0.0001951955,0.4786
0.1725,1,0.1702000052,0.0289680418,0.0049303609,0.0008391474,0.5151
-0.2475,0,-0.2494000047,0.0622003624,-0.0155127707,0.0038688851,0.3341
-0.1125,0,-0.113499999,0.0128822498,-0.0014621353,0.0001659524,0.4163
0.0125,1,0.0104999999,0.00011025,1.1576e-06,1.22e-08,0.5314
0.1375,1,0.1386000067,0.0192099619,0.0026625008,0.0003690226,0.5242
-0.1525,0,-0.1548999995,0.0239940098,-0.0037166721,0.0005757125,0.4661
0.0925,1,0.0934000015,0.0087235603,0.0008147805,7.61005e-05,0.5435
0.1725,1,0.1746000051,0.0304851618,0.0053227094,0.0009293451,0.6538
-0.0725,0,-0.0724999979,0.0052562497,-0.0003810781,2.76282e-05,0.4325
0.0675,1,0.068400003,0.0046785604,0.0003200135,2.18889e-05,0.4064
0.0925,1,0.0900999978,0.0081180096,0.0007314326,6.59021e-05,1.0
0.0825,1,0.0830999985,0.0069056098,0.0005738562,4.76874e-05,0.5401
0.1275,1,0.1273999959,0.016230759,0.0020677986,0.0002634375,0.6965
-0.0075,0,-0.0080000004,6.4e-05,-5.12e-07,4.1e-09,0.4306
-0.1175,0,-0.1194999963,0.0142802491,-0.0017064897,0.0002039255,0.4314
-0.0125,0,-0.0131999999,0.00017424,-2.3e-06,3.04e-08,0.4704
-0.0125,0,-0.0133999996,0.00017956,-2.4061e-06,3.22e-08,0.4478
0.1575,1,0.1550000012,0.0240250004,0.0037238751,0.0005772006,0.5164
-0.1475,0,-0.1494999975,0.0223502493,-0.0033413622,0.0004995336,0.3943
-0.0675,0,-0.066399999,0.0044089599,-0.0002927549,1.94389e-05,0.4892
0.2275,1,0.2292000055,0.0525326425,0.012040482,0.0027596785,0.5226
-0.0875,0,-0.0883999988,0.0078145598,-0.0006908071,6.10673e-05,0.3911
0.2325,1,0.233799994,0.0546624372,0.0127800775,0.002987982,0.7302
-0.2225,0,-0.2221000046,0.049328412,-0.0109558405,0.0024332922,0.0
-0.2325,0,-0.2307000011,0.0532224905,-0.0122784286,0.0028326335,0.6179
0.0725,1,0.0744000003,0.00553536,0.0004118308,3.06402e-05,0.5681
0.0175,1,0.0165999997,0.00027556,4.5743e-06,7.59e-08,1.0
-0.0375,0,-0.0368999988,0.0013616099,-5.02434e-05,1.854e-06,0.5582
-0.2375,0,-0.235499993,0.0554602467,-0.0130608877,0.003075839,0.3768
-0.2075,0,-0.2081999928,0.043347237,-0.0090248944,0.001878983,0.367
0.0675,1,0.0658000037,0.0043296405,0.0002848904,1.87458e-05,0.8039
0.1275,1,0.1284999996,0.0165122499,0.0021218241,0.0002726544,0.5465
0.0425,1,0.0425000004,0.00180625,7.67656e-05,3.2625e-06,0.732
0.1425,1,0.144600004,0.0209091611,0.0030234648,0.000437193,0.8243
-0.1075,0,-0.1055999994,0.0111513599,-0.0011775836,0.0001243528,0.3285
-0.0725,0,-0.0707999989,0.0050126398,-0.0003548949,2.51266e-05,0.3923
-0.1625,0,-0.1638000011,0.0268304404,-0.0043948262,0.0007198725,0.5292
0.2325,1,0.2344000041,0.0549433619,0.0128787243,0.003018773,0.6643
0.1375,1,0.1388999969,0.0192932091,0.0026798267,0.0003722279,0.5012
-0.0875,0,-0.0864000022,0.0074649604,-0.0006449726,5.57256e-05,0.4909
0.2175,1,0.2196999937,0.0482680872,0.0106044985,0.0023298082,0.491
0.0325,1,0.0304000005,0.00092416,2.80945e-05,8.541e-07,0.4896
0.1725,1,0.1708000004,0.0291726401,0.0049826869,0.0008510429,0.621
0.1675,1,0.1668000072,0.0278222424,0.0046407502,0.0007740772,0.659
0.2225,1,0.2206999958,0.0487084881,0.0107499631,0.0023725168,0.5256
0.1375,1,0.1379999965,0.019043999,0.0026280718,0.0003626739,0.5553
-0.0375,0,-0.0353999995,0.00125316,-4.43619e-05,1.5704e-06,0.4119
-0.0825,0,-0.0832000002,0.00692224,-0.0005759304,4.79174e-05,0.4567
0.2175,1,0.2161000073,0.0466992132,0.0100917003,0.0021808165,0.507
0.2025,1,0.201000005,0.040401002,0.0081206016,0.001632241,0.6649
0.1075,1,0.1050999984,0.0110460097,0.0011609356,0.0001220143,0.6096
-0.1175,0,-0.117399998,0.0137827595,-0.0016180959,0.0001899645,0.3416
0.0825,1,0.0803000033,0.0064480905,0.0005177817,4.15779e-05,0.4538
0.2025,1,0.2048999965,0.0419840086,0.0086025232,0.001762657,0.7906
-0.1775,0,-0.1796000004,0.0322561601,-0.0057932064,0.0010404599,0.2826
-0.0975,0,-0.0996999964,0.0099400893,-0.0009910269,9.88054e-05,0.4244
0.1425,1,0.1421000063,0.0201924118,0.0028693418,0.0004077335,0.5441
-0.0425,0,-0.0432000011,0.0018662401,-8.06216e-05,3.4829e-06,0.3679
-0.1225,0,-0.1220000014,0.0148840003,-0.0018158481,0.0002215335,0.443
0.1775,1,0.1770000011,0.0313290004,0.0055452331,0.0009815063,0.6152
-0.2475,0,-0.248300001,0.0616528905,-0.0153084128,0.0038010789,0.5339
0.1275,1,0.1290999949,0.0166668087,0.0021516849,0.0002777825,0.6178
-0.1575,0,-0.1598999947,0.0255680083,-0.0040883244,0.000653723,0.524
-0.2375,0,-0.2352000028,0.0553190413,-0.0130110387,0.0030601963,0.3295
0.1375,1,0.1361999959,0.0185504389,0.0025265697,0.0003441188,0.7514
0.1425,1,0.1406999975,0.0197964893,0.002785366,0.000391901,0.5969
0.2425,1,0.2437999994,0.0594384397,0.0144910916,0.0035329281,0.6973
0.0825,1,0.0813999996,0.0066259599,0.0005393531,4.39033e-05,0.5806
0.2225,1,0.2249000072,0.0505800133,0.0113754453,0.0025583377,0.6499
-0.0175,0,-0.0173000004,0.00029929,-5.1777e-06,8.96e-08,0.4766
-0.1725,0,-0.1718000025,0.0295152408,-0.0050707184,0.0008711494,0.3305
0.1975,1,0.1981000006,0.0392436102,0.0077741592,0.0015400609,0.3484
0.1025,1,0.1018999964,0.0103836093,0.0010580897,0.0001078193,0.6677
0.0125,1,0.0144999996,0.00021025,3.0486e-06,4.42e-08,0.5346
-0.0275,0,-0.0274,0.00075076,-2.05708e-05,5.636e-07,0.4135
0.1875,1,0.1896000057,0.0359481622,0.0068157718,0.0012922704,0.6377
0.1225,1,0.1225000024,0.0150062506,0.0018382657,0.0002251876,0.4502
0.1925,1,0.193599999,0.0374809596,0.0072563137,0.0014048223,0.7164
0.2125,1,0.2148000002,0.0461390401,0.0099106658,0.002128811,0.6213
0.0025,1,0.0001,1e-08,0.0,0.0,0.5159
-0.0325,0,-0.0333000012,0.0011088901,-3.6926e-05,1.2296e-06,0.4075
-0.0475,0,-0.0463000014,0.0021436901,-9.92529e-05,4.5954e-06,0.451
0.1325,1,0.134800002,0.0181710405,0.0024494563,0.0003301867,0.5376
-0.0925,0,-0.0944999978,0.0089302496,-0.0008439086,7.97494e-05,0.3747
0.0975,1,0.0970000029,0.0094090006,0.0009126731,8.85293e-05,0.6604
0.0675,1,0.0691,0.00477481,0.0003299394,2.27988e-05,0.5689
0.0075,1,0.0060999999,3.721e-05,2.27e-07,1.4e-09,0.5103
0.1075,1,0.1090999991,0.0119028098,0.0012985965,0.0001416769,0.6241
0.1875,1,0.1868000031,0.0348942411,0.0065182444,0.0012176081,0.6139
0.0525,1,0.0544000007,0.0029593601,0.0001609892,8.7578e-06,0.4703
-0.0725,0,-0.0728999972,0.0053144096,-0.0003874204,2.82429e-05,0.3554
0.2325,1,0.2301999927,0.0529920366,0.0121987664,0.0028081559,0.4825
-0.0575,0,-0.0590000004,0.003481,-0.000205379,1.21174e-05,0.4495
-0.1125,0,-0.1143999994,0.0130873599,-0.001497194,0.000171279,0.4235
-0.2375,0,-0.2373999953,0.0563587578,-0.0133795688,0.0031763096,0.3391
-0.0325,0,-0.0329000019,0.0010824101,-3.56113e-05,1.1716e-06,0.2978
0.1275,1,0.1264999956,0.0160022489,0.0020242844,0.000256072,0.4892
-0.1125,0,-0.1140000001,0.012996,-0.001481544,0.000168896,0.6525
-0.0025,0,-0.0023000001,5.29e-06,-1.22e-08,0.0,0.5518
-0.1175,0,-0.1186999977,0.0140896894,-0.0016724461,0.0001985193,0.4207
0.1325,1,0.1305000037,0.017030251,0.0022224478,0.0002900294,0.69
-0.2225,0,-0.2232999951,0.0498628878,-0.0111343826,0.0024863076,0.2835
-0.1925,0,-0.1905000061,0.0362902523,-0.0069132933,0.0013169824,0.3669
-0.0175,0,-0.0189999994,0.000361,-6.859e-06,1.303e-07,0.5133
-0.1825,0,-0.1800999939,0.0324360078,-0.0058417248,0.0010520946,0.4021
-0.0175,0,-0.0165999997,0.00027556,-4.5743e-06,7.59e-08,0.4598
-0.1625,0,-0.1621000022,0.0262764107,-0.0042594062,0.0006904498,0.4272
0.0575,1,0.059700001,0.0035640901,0.0002127762,1.27027e-05,1.0
-0.2075,0,-0.2057999969,0.0423536387,-0.0087163787,0.0017938307,0.0
-0.0125,0,-0.0116999997,0.00013689,-1.6016e-06,1.87e-08,0.5026
0.1775,1,0.1785999984,0.0318979594,0.0056969755,0.0010174798,0.5995
-0.1625,0,-0.1605000049,0.0257602516,-0.0041345205,0.0006635906,0.415
0.0275,1,0.0296,0.00087616,2.59343e-05,7.677e-07,0.5241
-0.0825,0,-0.0820999965,0.0067404094,-0.0005533876,4.54331e-05,0.3982
0.0175,1,0.0162000004,0.00026244,4.2515e-06,6.89e-08,0.5694
-0.1425,0,-0.1448999941,0.0209960083,-0.0030423215,0.0004408324,0.3506
-0.1175,0,-0.117399998,0.0137827595,-0.0016180959,0.0001899645,0.3495
0.0475,1,0.0482000001,0.00232324,0.0001119802,5.3974e-06,0.5941
0.1625,1,0.1605000049,0.0257602516,0.0041345205,0.0006635906,0.4584
0.1025,1,0.1018999964,0.0103836093,0.0010580897,0.0001078193,0.6339
0.0675,1,0.0687000006,0.0047196901,0.0003242427,2.22755e-05,0.7056
0.0875,1,0.0856000036,0.0073273606,0.0006272221,5.36902e-05,0.4657
0.0125,1,0.0108000003,0.00011664,1.2597e-06,1.36e-08,0.5346
0.0775,1,0.0794999972,0.0063202496,0.0005024598,3.99456e-05,0.6013
0.2375,1,0.235799998,0.0556016391,0.0131108664,0.0030915423,0.7608
0.0475,1,0.0463000014,0.0021436901,9.92529e-05,4.5954e-06,0.5005
-0.2475,0,-0.2486999929,0.0618516865,-0.015382514,0.0038256311,0.348
-0.0075,0,-0.0078999996,6.241e-05,-4.93e-07,3.9e-09,0.544
0.0675,1,0.0698999986,0.0048860098,0.0003415321,2.38731e-05,0.9189
0.2075,1,0.208100006,0.0433056125,0.0090118982,0.0018753761,0.749
0.0225,1,0.0222999994,0.00049729,1.10896e-05,2.473e-07,0.5082
0.1775,1,0.1782000065,0.0317552423,0.0056587844,0.0010083954,0.5778
0.0175,1,0.0197999999,0.00039204,7.7624e-06,1.537e-07,0.5687
-0.0025,0,-0.0018,3.24e-06,-5.8e-09,0.0,0.3162
-0.1375,0,-0.1376000047,0.0189337613,-0.0026052856,0.0003584873,0.3773
-0.1225,0,-0.1209999993,0.0146409998,-0.001771561,0.0002143589,0.42
-0.1475,0,-0.1492000073,0.0222606422,-0.003321288,0.0004955362,0.492
-0.1475,0,-0.1490000039,0.0222010012,-0.0033079493,0.0004928845,0.412
-0.1275,0,-0.128700003,0.0165636908,-0.0021317471,0.0002743559,0.3257
0.1825,1,0.1805000007,0.0325802503,0.0058807352,0.0010614727,0.7355
0.1925,1,0.1934999973,0.0374422489,0.0072450751,0.001401922,0.5804
0.0725,1,0.0714000016,0.0050979602,0.0003639944,2.59892e-05,0.6186
0.1925,1,0.191200003,0.0365574412,0.0069897829,0.0013364465,0.6664
0.0775,1,0.0763000026,0.0058216904,0.000444195,3.38921e-05,0.4099
0.1275,1,0.1283999979,0.0164865595,0.0021168742,0.0002718066,0.6445
-0.0925,0,-0.0944000036,0.0089113607,-0.0008412325,7.94123e-05,0.3587
-0.0875,0,-0.0857999995,0.0073616399,-0.0006316287,5.41937e-05,0.5089
-0.2325,0,-0.2301000059,0.0529460127,-0.0121828778,0.0028032803,0.3466
0.0825,1,0.0830999985,0.0069056098,0.0005738562,4.76874e-05,0.5401
0.1575,1,0.1550000012,0.0240250004,0.0037238751,0.0005772006,0.6946
0.1575,1,0.1573999971,0.0247747591,0.003899547,0.0006137887,0.5149
0.1525,1,0.1545999944,0.0239011583,0.0036951189,0.0005712654,0.5457
0.1225,1,0.1225000024,0.0150062506,0.0018382657,0.0002251876,0.4515
-0.0125,0,-0.0140000004,0.000196,-2.744e-06,3.84e-08,0.5081
-0.2275,0,-0.2267999947,0.0514382376,-0.011666192,0.0026458923,0.4322
-0.0675,0,-0.0687000006,0.0047196901,-0.0003242427,2.22755e-05,0.4957
-0.1125,0,-0.1105000004,0.0122102501,-0.0013492326,0.0001490902,0.3704
-0.1125,0,-0.1127000004,0.0127012901,-0.0014314354,0.0001613228,0.4484
-0.0175,0,-0.0177999996,0.00031684,-5.6398e-06,1.004e-07,0.6093
-0.1175,0,-0.1185000017,0.0140422504,-0.0016640067,0.0001971848,0.4013
0.0175,1,0.0196000002,0.00038416,7.5295e-06,1.476e-07,0.7223
0.0175,1,0.0195000004,0.00038025,7.4149e-06,1.446e-07,0.4598
-0.2125,0,-0.2126999944,0.0452412876,-0.0096228216,0.0020467741,0.2828
-0.0425,0,-0.0403999984,0.0016321599,-6.59393e-05,2.6639e-06,0.3075
-0.1725,0,-0.1703000069,0.0290020923,-0.0049390565,0.0008411214,0.3751
-0.1675,0,-0.1670999974,0.0279224091,-0.0046658345,0.0007796609,0.4042
0.0125,1,0.0142999999,0.00020449,2.9242e-06,4.18e-08,0.4367
0.2175,1,0.2171999961,0.0471758383,0.0102465919,0.0022255597,0.698
-0.0325,0,-0.0337000005,0.00113569,-3.82728e-05,1.2898e-06,0.4282
-0.2075,0,-0.2093999982,0.0438483592,-0.0091818463,0.0019226786,0.3351
0.0725,1,0.0705000013,0.0049702502,0.0003504026,2.47034e-05,0.6146
-0.1375,0,-0.1351000071,0.0182520119,-0.0024658469,0.0003331359,0.4746
-0.0925,0,-0.0921000019,0.0084824103,-0.00078123,7.19513e-05,0.4008
0.0675,1,0.065200001,0.0042510401,0.0002771678,1.80713e-05,0.4819
0.0425,1,0.0427000001,0.00182329,7.78545e-05,3.3244e-06,0.5357
0.1525,1,0.1539999992,0.0237159997,0.0036522639,0.0005624486,0.772
-0.2425,0,-0.2422000021,0.058660841,-0.0142076558,0.0034410943,0.3322
0.0875,1,0.0891000032,0.0079388106,0.000707348,6.30247e-05,0.5774
-0.1375,0,-0.1391000003,0.0193488101,-0.0026914195,0.0003743765,0.4419
-0.2425,0,-0.2433000058,0.0591948928,-0.0144021178,0.0035040353,0.4763
0.0275,1,0.0277999993,0.00077284,2.1485e-05,5.973e-07,0.4927
0.2375,1,0.2388000041,0.057025442,0.0136176758,0.003251901,0.37
-0.2375,0,-0.2365999967,0.0559795584,-0.0132447633,0.003133711,0.3679
-0.1625,0,-0.1638000011,0.0268304404,-0.0043948262,0.0007198725,0.4642
0.0275,1,0.0250000004,0.000625,1.5625e-05,3.906e-07,0.4312
-0.0225,0,-0.0200999994,0.00040401,-8.1206e-06,1.632e-07,0.4479
0.0975,1,0.0971999988,0.0094478398,0.00091833,8.92617e-05,0.5635
-0.2025,0,-0.2008000016,0.0403206407,-0.0080963847,0.0016257541,0.3003
0.0475,1,0.0454999991,0.0020702499,9.41964e-05,4.2859e-06,0.5298
-0.0475,0,-0.0472000018,0.0022278402,-0.0001051541,4.9633e-06,0.4296
-0.1025,0,-0.1008000001,0.01016064,-0.0010241925,0.0001032386,0.5172
-0.1925,0,-0.1925999969,0.0370947588,-0.0071444504,0.0013760211,0.4214
-0.1875,0,-0.189199999,0.0357966396,-0.0067727242,0.0012813994,0.274
-0.2475,0,-0.2477000058,0.0613552929,-0.0151977064,0.003764472,0.2325
-0.1075,0,-0.1067000031,0.0113848907,-0.0012147679,0.0001296157,0.4825
-0.1625,0,-0.1608999968,0.025888809,-0.0041655093,0.0006702304,0.0
-0.0375,0,-0.0361000001,0.00130321,-4.70459e-05,1.6984e-06,0.4856
-0.2225,0,-0.2202000022,0.048488041,-0.0106770667,0.0023510901,0.5343
-0.2075,0,-0.2084999979,0.0434722491,-0.0090639638,0.0018898364,0.4183
-0.2375,0,-0.237499997,0.0564062486,-0.0133964839,0.0031816649,0.3063
-0.0225,0,-0.0217000004,0.00047089,-1.02183e-05,2.217e-07,0.4554
0.2025,1,0.2038999945,0.0415752078,0.0084771846,0.0017284979,0.7309
-0.0775,0,-0.0778999999,0.00606841,-0.0004727291,3.68256e-05,0.5003
0.0475,1,0.0469000004,0.00219961,0.0001031617,4.8383e-06,0.5797
-0.0525,0,-0.0527000017,0.0027772902,-0.0001463632,7.7133e-06,0.4404
-0.0275,0,-0.0254999995,0.00065025,-1.65814e-05,4.228e-07,0.6367
-0.0975,0,-0.0962999985,0.0092736897,-0.0008930563,8.60013e-05,0.3223
0.0475,1,0.0476999991,0.0022752899,0.0001085313,5.1769e-06,0.4798
0.1825,1,0.1838999987,0.0338192095,0.0062193526,0.0011437389,0.4733
0.0275,1,0.0285,0.00081225,2.31491e-05,6.598e-07,0.3653
0.1625,1,0.1642999947,0.0269944883,0.0044351943,0.0007287024,0.579
-0.0675,0,-0.0676999986,0.0045832898,-0.0003102887,2.10065e-05,0.5389
0.0075,1,0.0063999998,4.096e-05,2.621e-07,1.7e-09,0.5521
-0.1825,0,-0.1824000031,0.0332697611,-0.0060684045,0.001106877,0.4225
0.1375,1,0.136800006,0.0187142417,0.0025601084,0.0003502228,0.5409
-0.0225,0,-0.0208999999,0.00043681,-9.1293e-06,1.908e-07,0.827
-0.1575,0,-0.1551000029,0.0240560109,-0.0037310874,0.0005786917,0.4617
0.1175,1,0.115199998,0.0132710395,0.0015288237,0.0001761205,0.5505
0.0825,1,0.0820000023,0.0067240004,0.000551368,4.52122e-05,0.7657
-0.0975,0,-0.0984999985,0.0097022497,-0.0009556716,9.41336e-05,0.4432
-0.1225,0,-0.1203000024,0.0144720906,-0.0017409925,0.0002094414,0.324
0.0875,1,0.0869999975,0.0075689996,0.0006585029,5.72898e-05,0.5696
0.0975,1,0.0979999974,0.0096039995,0.0009411919,9.22368e-05,0.6106
-0.1575,0,-0.1572999954,0.0247432886,-0.0038921192,0.0006122303,0.3479
-0.1525,0,-0.1533000022,0.0235008907,-0.0036026866,0.0005522919,0.3796
-0.0775,0,-0.0766000003,0.00586756,-0.0004494551,3.44283e-05,0.4902
0.1725,1,0.1728000045,0.0298598415,0.0051597808,0.0008916101,0.6267
-0.0375,0,-0.0390999988,0.0015288099,-5.97765e-05,2.3373e-06,0.443
0.0425,1,0.0421999991,0.0017808399,7.51514e-05,3.1714e-06,0.5496
-0.1025,0,-0.1033999994,0.0106915599,-0.0011055073,0.0001143095,0.4808
-0.0525,0,-0.0526000001,0.00276676,-0.0001455316,7.655e-06,0.4188
-0.0775,0,-0.0755999982,0.0057153597,-0.0004320812,3.26653e-05,0.3987
-0.0375,0,-0.0373999998,0.00139876,-5.23136e-05,1.9565e-06,0.4882
0.0725,1,0.072300002,0.0052272903,0.0003779331,2.73246e-05,0.5489
-0.0525,0,-0.050999999,0.0026009999,-0.000132651,6.7652e-06,0.3133
-0.0675,0,-0.0662999973,0.0043956896,-0.0002914342,1.93221e-05,0.4447
-0.1075,0,-0.1059999987,0.0112359997,-0.001191016,0.0001262477,0.4309
0.0325,1,0.0313999988,0.0009859599,3.09591e-05,9.721e-07,0.5288
-0.1175,0,-0.1155000031,0.0133402507,-0.001540799,0.0001779623,0.6
-0.0675,0,-0.067900002,0.0046104103,-0.0003130469,2.12559e-05,0.3911
0.0175,1,0.0196000002,0.00038416,7.5295e-06,1.476e-07,0.3369
0.0725,1,0.070100002,0.0049140103,0.0003444721,2.41475e-05,0.5496
0.2075,1,0.208100006,0.0433056125,0.0090118982,0.0018753761,0.2105
-0.1725,0,-0.1703000069,0.0290020923,-0.0049390565,0.0008411214,0.3271
0.0025,1,0.0049999999,2.5e-05,1.25e-07,6e-10,0.5362
-0.2075,0,-0.2067999989,0.0427662395,-0.0088440583,0.0018289512,0.2492
-0.0725,0,-0.0729999989,0.0053289998,-0.000389017,2.83982e-05,0.4391
-0.0725,0,-0.0746000037,0.0055651605,-0.000415161,3.0971e-05,0.4982
0.0275,1,0.0293000005,0.00085849,2.51538e-05,7.37e-07,0.4747
-0.0825,0,-0.0816000029,0.0066585605,-0.0005433386,4.43364e-05,0.4199
-0.1075,0,-0.1067000031,0.0113848907,-0.0012147679,0.0001296157,0.4069
-0.1375,0,-0.1395999938,0.0194881583,-0.0027205468,0.0003797883,0.3981
-0.0775,0,-0.0791999996,0.0062726399,-0.0004967931,3.9346e-05,0.4131
-0.1625,0,-0.1625999957,0.0264387586,-0.004298942,0.000699008,0.3348
-0.2325,0,-0.2340999991,0.0548028096,-0.0128293377,0.0030033479,0.4657
0.1775,1,0.1753000021,0.0307300907,0.005386985,0.0009443385,0.5474
0.1925,1,0.1915999949,0.036710558,0.0070337427,0.0013476651,0.7029
0.0375,1,0.0395999998,0.00156816,6.20991e-05,2.4591e-06,0.4564
0.1375,1,0.135800004,0.0184416411,0.0025043749,0.0003400941,0.604
-0.0875,0,-0.0883999988,0.0078145598,-0.0006908071,6.10673e-05,0.4149
-0.0675,0,-0.0691,0.00477481,-0.0003299394,2.27988e-05,0.5835
-0.1775,0,-0.1784999967,0.0318622488,-0.0056874113,0.0010152029,0.3801
0.1675,1,0.1679999977,0.0282239992,0.0047416318,0.0007965941,0.6681
0.2225,1,0.2240999937,0.0502208072,0.0112544826,0.0025221295,0.5623
-0.2225,0,-0.2236000001,0.0499969601,-0.0111793203,0.002499696,0.3222
0.1775,1,0.1755000055,0.0308002519,0.0054054444,0.0009486555,0.5832
0.2275,1,0.2298000008,0.0528080404,0.0121352877,0.0027886891,0.7037
0.1425,1,0.1412999928,0.019965688,0.0028211516,0.0003986287,0.6796
-0.2025,0,-0.201000005,0.040401002,-0.0081206016,0.001632241,0.3208
-0.1875,0,-0.1850000024,0.0342250009,-0.0063316252,0.0011713507,0.3405
0.0775,1,0.0790000036,0.0062410006,0.0004930391,3.89501e-05,0.7226
0.2475,1,0.2466000021,0.060811561,0.0149961311,0.003698046,0.6291
-0.0325,0,-0.0337000005,0.00113569,-3.82728e-05,1.2898e-06,0.4699
0.2425,1,0.2402999997,0.0577440899,0.0138759048,0.0033343799,0.6846
-0.1625,0,-0.1629000008,0.0265364103,-0.0043227813,0.0007041811,0.4233
-0.1375,0,-0.1387999952,0.0192654387,-0.0026740428,0.0003711571,0.4302
-0.0325,0,-0.0329000019,0.0010824101,-3.56113e-05,1.1716e-06,0.4095
0.1325,1,0.134800002,0.0181710405,0.0024494563,0.0003301867,0.4501
0.0375,1,0.0388000011,0.0015054401,5.84111e-05,2.2663e-06,0.505
0.2075,1,0.205400005,0.042189162,0.0086656541,0.0017799254,0.6829
0.0075,1,0.0098999999,9.801e-05,9.703e-07,9.6e-09,0.5575
-0.0875,0,-0.0870999992,0.0075864099,-0.0006607763,5.75536e-05,0.3158
-0.1825,0,-0.1846999973,0.034114089,-0.0063008721,0.0011637711,0.3421
0.2125,1,0.2114000022,0.0446899609,0.0094474578,0.0019971926,0.7554
-0.0775,0,-0.0759000033,0.0057608105,-0.0004372455,3.31869e-05,0.2184
-0.0425,0,-0.0428999998,0.00184041,-7.89536e-05,3.3871e-06,0.4398
0.0175,1,0.0173000004,0.00029929,5.1777e-06,8.96e-08,0.5446
0.1675,1,0.1679999977,0.0282239992,0.0047416318,0.0007965941,0.6115
0.0375,1,0.0392000005,0.00153664,6.02363e-05,2.3613e-06,0.4983
0.1325,1,0.1349000037,0.018198011,0.0024549117,0.0003311676,0.5398
0.2375,1,0.2352000028,0.0553190413,0.0130110387,0.0030601963,0.6361
0.1775,1,0.1785999984,0.0318979594,0.0056969755,0.0010174798,0.6022
0.1375,1,0.1397999972,0.0195440392,0.0027322566,0.0003819695,0.0
0.1975,1,0.1955000013,0.0382202505,0.007472059,0.0014607875,0.623
0.1325,1,0.1349000037,0.018198011,0.0024549117,0.0003311676,0.5802
-0.1625,0,-0.1609999985,0.0259209995,-0.0041732809,0.0006718982,0.3837
0.1275,1,0.1290999949,0.0166668087,0.0021516849,0.0002777825,0.6916
-0.1275,0,-0.1252000034,0.0156750408,-0.0019625152,0.0002457069,0.4862
0.2175,1,0.2152999938,0.0463540873,0.0099800347,0.0021487014,0.5078
-0.1325,0,-0.1324999928,0.0175562481,-0.0023262027,0.0003082218,0.3749
-0.1025,0,-0.1004000008,0.0100801602,-0.0010120481,0.0001016096,0.4075
0.1675,1,0.1662999988,0.0276556896,0.0045991411,0.0007648372,0.5678
-0.0925,0,-0.0920000002,0.008464,-0.000778688,7.16393e-05,0.4523
-0.1625,0,-0.1625999957,0.0264387586,-0.004298942,0.000699008,0.2134
-0.0575,0,-0.0599999987,0.0035999998,-0.000216,1.296e-05,0.5081
0.0875,1,0.0873000026,0.0076212904,0.0006653387,5.80841e-05,0.5984
0.0775,1,0.076700002,0.0058828903,0.0004512177,3.46084e-05,0.5146
0.1625,1,0.1606999934,0.0258244879,0.004149995,0.0006669042,0.6818
0.1625,1,0.1633999944,0.0266995582,0.0043627077,0.0007128664,0.6364
0.2275,1,0.2298000008,0.0528080404,0.0121352877,0.0027886891,0.6572
0.2325,1,0.2305999994,0.0531763597,0.0122624685,0.0028277252,0.6267
-0.0825,0,-0.0829999968,0.0068889995,-0.0005717869,4.74583e-05,0.4118
0.1325,1,0.1328999996,0.0176624099,0.0023473343,0.0003119607,0.5723
-0.1925,0,-0.1911000013,0.0365192105,-0.0069788212,0.0013336527,0.6436
-0.0775,0,-0.0775000006,0.0060062501,-0.0004654844,3.6075e-05,0.492
0.0925,1,0.0929000005,0.0086304101,0.0008017651,7.4484e-05,0.5856
0.0025,1,0.0024999999,6.25e-06,1.56e-08,0.0,0.5139
0.1625,1,0.1620000005,0.0262440002,0.004251528,0.0006887475,1.0
-0.1725,0,-0.1713999957,0.0293779585,-0.005035382,0.0008630644,0.4623
-0.0775,0,-0.0782999992,0.0061308899,-0.0004800487,3.75878e-05,0.4144
-0.0175,0,-0.0172000006,0.00029584,-5.0884e-06,8.75e-08,0.4566
0.0875,1,0.0895000026,0.0080102505,0.0007169174,6.41641e-05,0.5079
-0.2425,0,-0.2449000031,0.0599760115,-0.0146881254,0.003597122,0.4139
0.0175,1,0.0181000009,0.00032761,5.9297e-06,1.073e-07,0.9068
-0.1975,0,-0.1960999966,0.0384552087,-0.0075410663,0.0014788031,0.438
-0.0025,0,-0.0044999998,2.025e-05,-9.11e-08,4e-10,0.4855
-0.1975,0,-0.1967999935,0.0387302374,-0.0076221105,0.0015000313,0.4464
-0.0825,0,-0.0803999975,0.0064641596,-0.0005197184,4.17854e-05,0.333
0.2325,1,0.2349999994,0.0552249997,0.0129778749,0.0030498006,0.6958
-0.1925,0,-0.1906999946,0.0363664879,-0.006935089,0.0013225214,0.3838
-0.0225,0,-0.0208999999,0.00043681,-9.1293e-06,1.908e-07,0.827
-0.1375,0,-0.1366000026,0.0186595607,-0.002548896,0.0003481792,0.3658
0.0775,1,0.0772999972,0.0059752896,0.0004618899,3.57041e-05,0.6153
-0.0275,0,-0.0289999992,0.000841,-2.4389e-05,7.073e-07,0.5645
0.1525,1,0.1548999995,0.0239940098,0.0037166721,0.0005757125,0.5937
0.1275,1,0.1265999973,0.0160275593,0.002029089,0.0002568827,0.4644
0.0275,1,0.0276999995,0.00076729,2.12539e-05,5.887e-07,0.5341
0.1625,1,0.1606000066,0.0257923621,0.0041422535,0.0006652459,0.5988
0.1275,1,0.1261000037,0.0159012109,0.0020051428,0.0002528485,0.7006
0.2275,1,0.2268999964,0.0514836084,0.0116816306,0.0026505619,0.6622
-0.0625,0,-0.0615000017,0.0037822502,-0.0002326084,1.43054e-05,0.4674
-0.0675,0,-0.0666999966,0.0044488895,-0.0002967409,1.97926e-05,0.5205
0.1025,1,0.1018999964,0.0103836093,0.0010580897,0.0001078193,0.5607
0.1525,1,0.1546999961,0.0239320888,0.003702294,0.0005727449,0.5799
0.1575,1,0.1592999995,0.0253764898,0.0040424748,0.0006439662,0.5455
-0.2425,0,-0.2422000021,0.058660841,-0.0142076558,0.0034410943,0.2876
-0.0775,0,-0.079400003,0.0063043605,-0.0005005662,3.9745e-05,0.3409
0.0475,1,0.0463000014,0.0021436901,9.92529e-05,4.5954e-06,0.438
-0.1975,0,-0.1959999949,0.038415998,-0.0075295354,0.0014757889,0.4191
0.0325,1,0.0315000005,0.00099225,3.12559e-05,9.846e-07,0.5049
0.2475,1,0.2465000004,0.0607622502,0.0149778947,0.003692051,0.6543
0.2425,1,0.241899997,0.0585156085,0.0141549255,0.0034240764,0.4064
-0.1125,0,-0.1116999984,0.0124768896,-0.0013936686,0.0001556728,0.3806
-0.1275,0,-0.1271000057,0.0161544115,-0.0020532258,0.000260965,0.3969
0.1725,1,0.1741999984,0.0303456394,0.0052862103,0.0009208578,0.6058
0.2225,1,0.2248000056,0.0505350425,0.0113602778,0.0025537905,0.6761
0.0825,1,0.0806000009,0.0064963601,0.0005236066,4.22027e-05,0.3987
-0.0025,0,-0.0003,9e-08,-0.0,0.0,0.4571
-0.0975,0,-0.0961999968,0.0092544394,-0.000890277,8.56446e-05,0.3779
-0.1475,0,-0.1464000046,0.0214329614,-0.0031377856,0.0004593718,0.4428
-0.1825,0,-0.1833000034,0.0335988912,-0.0061586769,0.0011288855,0.4114
0.2075,1,0.2064999938,0.0426422474,0.0088056238,0.0018183613,0.6001
-0.0425,0,-0.0449000001,0.00201601,-9.05188e-05,4.0643e-06,0.3484
-0.2175,0,-0.2185000032,0.0477422514,-0.0104316821,0.0022793226,0.461
0.0275,1,0.0291000009,0.00084681,2.46422e-05,7.171e-07,0.5235
-0.0775,0,-0.0780000016,0.0060840003,-0.000474552,3.70151e-05,0.6164
0.0625,1,0.0612000003,0.00374544,0.0002292209,1.40283e-05,0.476
0.1025,1,0.1049000025,0.0110040105,0.0011543207,0.0001210882,0.581
0.2475,1,0.2467000037,0.0608608918,0.0150143822,0.0037040482,0.5623
-0.1375,0,-0.1378999949,0.0190164086,-0.0026223626,0.0003616238,0.3827
0.0475,1,0.0458000004,0.00209764,9.60719e-05,4.4001e-06,0.7326
-0.1225,0,-0.1238999963,0.0153512091,-0.0019020147,0.0002356596,0.3822
-0.2175,0,-0.2185000032,0.0477422514,-0.0104316821,0.0022793226,0.3362
0.0775,1,0.0762000009,0.0058064401,0.0004424507,3.37147e-05,0.5696
0.2025,1,0.2021999955,0.0408848382,0.0082669141,0.00167157,0.7181
-0.0125,0,-0.0121999998,0.00014884,-1.8158e-06,2.22e-08,0.3771
0.2125,1,0.2136999965,0.0456676885,0.0097591849,0.0020855378,0.6137
0.1975,1,0.1967999935,0.0387302374,0.0076221105,0.0015000313,0.561
-0.1125,0,-0.1125999987,0.0126787597,-0.0014276283,0.0001607509,0.4216
-0.0775,0,-0.0782999992,0.0061308899,-0.0004800487,3.75878e-05,0.3269
-0.0225,0,-0.0236000009,0.00055696,-1.31443e-05,3.102e-07,0.3551
-0.0425,0,-0.0430000015,0.0018490001,-7.9507e-05,3.4188e-06,0.3997
0.0425,1,0.0447000004,0.00199809,8.93146e-05,3.9924e-06,0.63
0.0125,1,0.0129000004,0.00016641,2.1467e-06,2.77e-08,0.4709
0.1575,1,0.1552000046,0.0240870414,0.0037383089,0.0005801856,0.6107
0.0225,1,0.0226000007,0.00051076,1.15432e-05,2.609e-07,0.4303
-0.0525,0,-0.0533000007,0.0028408901,-0.0001514194,8.0707e-06,0.4
0.2325,1,0.2319999933,0.0538239969,0.0124871669,0.0028970226,0.5687
-0.0225,0,-0.0218000002,0.00047524,-1.03602e-05,2.259e-07,0.4045
-0.1025,0,-0.1044000015,0.0108993603,-0.0011378932,0.0001187961,0.5315
-0.1325,0,-0.133100003,0.0177156108,-0.0023579479,0.0003138429,0.5368
0.1775,1,0.1794999987,0.0322202495,0.0057835347,0.0010381445,0.5853
0.1175,1,0.1172999963,0.0137592891,0.0016139646,0.000189318,0.5445
0.2175,1,0.2190999985,0.0480048093,0.0105178537,0.0023044617,0.6095
0.0175,1,0.0156999994,0.00024649,3.8699e-06,6.08e-08,0.4686
0.2375,1,0.235799998,0.0556016391,0.0131108664,0.0030915423,0.5845
0.1075,1,0.1054999977,0.0111302495,0.0011742413,0.0001238825,0.5224
-0.1675,0,-0.1675000042,0.0280562514,-0.0046994222,0.0007871532,0.4235
-0.1375,0,-0.1354999989,0.0183602497,-0.0024878138,0.0003370988,0.4252
-0.1275,0,-0.1292999983,0.0167184896,-0.0021617007,0.0002795079,0.3033
0.1375,1,0.1356000006,0.0183873602,0.0024933261,0.000338095,0.6423
0.0325,1,0.0320999995,0.00103041,3.30762e-05,1.0617e-06,0.5177
0.1425,1,0.1407999992,0.0198246398,0.0027913093,0.0003930163,0.7171
-0.2325,0,-0.2305999994,0.0531763597,-0.0122624685,0.0028277252,0.2994
0.0825,1,0.0844999999,0.00714025,0.0006033511,5.09832e-05,0.3348
-0.0375,0,-0.0381000005,0.00145161,-5.53063e-05,2.1072e-06,0.458
0.1975,1,0.1953999996,0.0381811599,0.0074605986,0.001457801,0.63
0.1025,1,0.1036999971,0.0107536894,0.0011151576,0.0001156418,0.5792
-0.0225,0,-0.0203000009,0.00041209,-8.3654e-06,1.698e-07,0.6756
0.1075,1,0.1071999967,0.0114918393,0.0012319251,0.0001320624,0.5994
-0.0525,0,-0.0509000011,0.0025908101,-0.0001318722,6.7123e-06,0.4979
-0.2475,0,-0.2479999959,0.061503998,-0.0152529913,0.0037827418,0.4777
0.1575,1,0.1551000029,0.0240560109,0.0037310874,0.0005786917,0.6613
0.0275,1,0.0271000005,0.00073441,1.99025e-05,5.394e-07,0.4918
-0.0975,0,-0.0952000022,0.0090630404,-0.0008628015,8.21387e-05,0.4227
0.0125,1,0.0129000004,0.00016641,2.1467e-06,2.77e-08,0.4709
-0.1475,0,-0.1469999999,0.021609,-0.003176523,0.0004669489,0.3812
-0.0775,0,-0.0777999982,0.0060528397,-0.0004709109,3.66369e-05,0.4281
0.1625,1,0.1640000045,0.0268960015,0.0044109444,0.0007233949,0.6088
-0.0225,0,-0.0219999999,0.000484,-1.0648e-05,2.343e-07,0.4747
-0.0475,0,-0.0478999987,0.0022944099,-0.0001099022,5.2643e-06,0.3796
-0.2225,0,-0.2240000069,0.0501760031,-0.011239425,0.0025176313,0.488
-0.2225,0,-0.2232999951,0.0498628878,-0.0111343826,0.0024863076,0.0
-0.1325,0,-0.1324000061,0.0175297616,-0.0023209405,0.0003072925,0.4906
-0.1325,0,-0.1343999952,0.0180633587,-0.0024277153,0.0003262849,0.4067
0.0475,1,0.0487000011,0.0023716901,0.0001155013,5.6249e-06,0.5491
-0.1975,0,-0.1993999928,0.0397603571,-0.0079282149,0.001580886,0.3469
0.2325,1,0.2301000059,0.0529460127,0.0121828778,0.0028032803,0.5216
0.0275,1,0.0284000002,0.00080656,2.29063e-05,6.505e-07,0.6284
0.0325,1,0.0326999985,0.0010692899,3.49658e-05,1.1434e-06,0.4722
0.0525,1,0.0524999984,0.0027562498,0.0001447031,7.5969e-06,0.5491
-0.1325,0,-0.1307000071,0.0170824919,-0.0022326818,0.0002918115,0.418
0.2225,1,0.2201000005,0.0484440102,0.0106625267,0.0023468221,0.5592
-0.0525,0,-0.0549999997,0.003025,-0.000166375,9.1506e-06,0.0
0.0375,1,0.0388000011,0.0015054401,5.84111e-05,2.2663e-06,0.6156
-0.1625,0,-0.1629000008,0.0265364103,-0.0043227813,0.0007041811,0.6095
-0.0325,0,-0.0329000019,0.0010824101,-3.56113e-05,1.1716e-06,0.3414
-0.0825,0,-0.0812999979,0.0066096897,-0.0005373678,4.3688e-05,0.365
-0.1925,0,-0.192900002,0.0372104108,-0.0071778883,0.0013846147,0.4488
-0.0425,0,-0.0406000018,0.0016483601,-6.69234e-05,2.7171e-06,0.4966
0.1975,1,0.1985999942,0.0394419577,0.0078331726,0.001555668,0.7523
-0.1275,0,-0.1262000054,0.0159264414,-0.002009917,0.0002536515,0.3316
0.1775,1,0.1780000031,0.0316840011,0.0056397523,0.0010038759,0.6073
-0.2375,0,-0.239199996,0.0572166381,-0.0136862196,0.0032737437,0.3981
-0.1125,0,-0.1143999994,0.0130873599,-0.001497194,0.000171279,0.3949
0.1575,1,0.1597000062,0.025504092,0.0040730037,0.0006504587,0.6567
-0.2425,0,-0.2409999967,0.0580809984,-0.0139975204,0.0033734024,0.3595
-0.2125,0,-0.2108999938,0.0444788074,-0.0093805802,0.0019783643,0.2928
-0.1675,0,-0.1699000001,0.02886601,-0.0049043351,0.0008332465,0.2965
0.1375,1,0.1393000036,0.019404491,0.0027030457,0.0003765343,0.4611
0.1675,1,0.1660999954,0.0275892085,0.0045825674,0.0007611644,0.5674
0.1275,1,0.128700003,0.0165636908,0.0021317471,0.0002743559,0.5398
-0.0275,0,-0.0262000002,0.00068644,-1.79847e-05,4.712e-07,0.424
-0.0775,0,-0.0785000026,0.0061622504,-0.0004837367,3.79733e-05,0.4539
-0.1425,0,-0.1414999962,0.0200222489,-0.0028331481,0.0004008905,0.3912
0.1875,1,0.1850000024,0.0342250009,0.0063316252,0.0011713507,0.5443
-0.0675,0,-0.0676999986,0.0045832898,-0.0003102887,2.10065e-05,0.394
0.1175,1,0.1155000031,0.0133402507,0.001540799,0.0001779623,0.6489
-0.1625,0,-0.1639000028,0.0268632109,-0.0044028803,0.0007216321,0.391
-0.1875,0,-0.1851000041,0.0342620115,-0.0063418985,0.0011738854,0.0
-0.0975,0,-0.0996999964,0.0099400893,-0.0009910269,9.88054e-05,0.2149
-0.1025,0,-0.1015999988,0.0103225598,-0.0010487721,0.0001065552,0.4402
0.2475,1,0.2470999956,0.0610584078,0.0150875323,0.0037281292,0.6575
-0.1175,0,-0.1159000024,0.0134328106,-0.0015568628,0.0001804404,0.4248
0.0825,1,0.0806000009,0.0064963601,0.0005236066,4.22027e-05,0.623
-0.2025,0,-0.2001000047,0.0400400119,-0.0080120066,0.0016032026,0.7346
-0.0925,0,-0.0921000019,0.0084824103,-0.00078123,7.19513e-05,0.3578
-0.0725,0,-0.074500002,0.0055502503,-0.0004134937,3.08053e-05,0.3074
-0.1275,0,-0.1288000047,0.0165894412,-0.0021367201,0.0002752096,0.5749
0.2075,1,0.2055999935,0.0422713573,0.0086909908,0.0017868676,0.6183
0.1175,1,0.1186000034,0.0140659608,0.001668223,0.0001978513,0.7469
-0.0225,0,-0.0247000009,0.00061009,-1.50692e-05,3.722e-07,0.201
0.0425,1,0.0447999984,0.0020070399,8.99154e-05,4.0282e-06,0.4643
0.1225,1,0.1238999963,0.0153512091,0.0019020147,0.0002356596,0.5415
0.0725,1,0.0736000016,0.0054169602,0.0003986883,2.93435e-05,0.5
0.0575,1,0.0555000007,0.0030802501,0.0001709539,9.4879e-06,0.6938
-0.2225,0,-0.2233999968,0.0499075586,-0.0111493484,0.0024907644,0.3973
-0.2275,0,-0.2285999954,0.0522579579,-0.0119461689,0.0027308942,0.2909
-0.1975,0,-0.1957000047,0.0382984918,-0.007495015,0.0014667745,0.0
0.1025,1,0.1004000008,0.0100801602,0.0010120481,0.0001016096,0.5197
0.2275,1,0.2255000025,0.0508502511,0.0114667318,0.002585748,0.6634
0.2225,1,0.2213999927,0.0490179568,0.0108525753,0.0024027601,0.659
0.0175,1,0.0181000009,0.00032761,5.9297e-06,1.073e-07,0.4496
0.1275,1,0.1254000068,0.0157251617,0.0019719354,0.0002472807,0.5481
-0.1975,0,-0.1976999938,0.0390852876,-0.0077271611,0.0015276597,0.4268
-0.2025,0,-0.2001000047,0.0400400119,-0.0080120066,0.0016032026,0.3562
0.1725,1,0.1713999957,0.0293779585,0.005035382,0.0008630644,0.7061
-0.1025,0,-0.1022000015,0.0104448403,-0.0010674627,0.0001090947,0.5148
0.1825,1,0.1815000027,0.032942251,0.0059790186,0.0010851919,0.6484
0.0925,1,0.0920000002,0.008464,0.000778688,7.16393e-05,0.6738
-0.0125,0,-0.0119000003,0.00014161,-1.6852e-06,2.01e-08,0.4693
-0.0375,0,-0.0379000008,0.0014364101,-5.44399e-05,2.0633e-06,0.5532
0.1175,1,0.1150999963,0.0132480092,0.0015248458,0.0001755097,0.5778
0.1375,1,0.1395999938,0.0194881583,0.0027205468,0.0003797883,0.6572
-0.0175,0,-0.0177999996,0.00031684,-5.6398e-06,1.004e-07,0.4454
-0.1675,0,-0.1674000025,0.0280227608,-0.0046910102,0.0007852751,0.3628
-0.2225,0,-0.2229000032,0.0496844114,-0.0110746555,0.0024685407,0.3676
0.1925,1,0.1926999986,0.0371332895,0.0071555848,0.0013788812,0.6122
0.1475,1,0.1480000019,0.0219040006,0.0032417921,0.0004797852,0.6608
0.0375,1,0.0377000012,0.0014212901,5.35826e-05,2.0201e-06,0.5931
0.2275,1,0.2274000049,0.0517107622,0.0117590276,0.0026740029,0.71
0.0275,1,0.0254999995,0.00065025,1.65814e-05,4.228e-07,0.5633
0.0075,1,0.0087000001,7.569e-05,6.585e-07,5.7e-09,0.4522
-0.2475,0,-0.2465000004,0.0607622502,-0.0149778947,0.003692051,0.4608
-0.2375,0,-0.2372999936,0.056311287,-0.013362668,0.003170961,0.3926
0.0025,1,0.0012000001,1.44e-06,1.7e-09,0.0,0.5197
-0.1775,0,-0.1782999933,0.0317908876,-0.005668315,0.0010106605,0.4969
-0.1175,0,-0.1180000007,0.0139240002,-0.001643032,0.0001938778,0.5128
-0.0475,0,-0.0460000001,0.002116,-9.7336e-05,4.4775e-06,0.5127
-0.1125,0,-0.1142000034,0.0130416408,-0.0014893554,0.0001700844,0.3597
-0.1375,0,-0.1388999969,0.0192932091,-0.0026798267,0.0003722279,0.0
-0.0725,0,-0.0737000033,0.0054316905,-0.0004003156,2.95033e-05,0.4773
-0.2175,0,-0.2157000005,0.0465264902,-0.010035764,0.0021647143,0.4131
-0.0425,0,-0.0430999994,0.00185761,-8.0063e-05,3.4507e-06,0.4282
0.0825,1,0.0830999985,0.0069056098,0.0005738562,4.76874e-05,0.5401
0.2425,1,0.2442000061,0.059633643,0.014562536,0.0035561714,0.532
-0.1175,0,-0.1162,0.01350244,-0.0015689835,0.0001823159,0.3245
-0.2425,0,-0.2417999953,0.0584672377,-0.0141373778,0.0034184179,0.4566
0.0425,1,0.0428000018,0.0018318402,7.84028e-05,3.3556e-06,0.5409
-0.1175,0,-0.1158000007,0.0134096402,-0.0015528363,0.0001798184,0.3739
0.0125,1,0.0135000004,0.00018225,2.4604e-06,3.32e-08,0.5806
-0.2225,0,-0.2248000056,0.0505350425,-0.0113602778,0.0025537905,0.3403
0.0175,1,0.0181000009,0.00032761,5.9297e-06,1.073e-07,0.6196
-0.1825,0,-0.1817000061,0.0330148922,-0.0059988061,0.0010899831,0.4644
0.1125,1,0.1119000018,0.0125216104,0.0014011682,0.0001567907,0.5813
0.1325,1,0.1300999969,0.0169260092,0.0022020737,0.0002864898,0.5405
0.1375,1,0.1351000071,0.0182520119,0.0024658469,0.0003331359,0.4966
0.0825,1,0.0829000026,0.0068724104,0.0005697228,4.723e-05,0.5078
-0.0725,0,-0.0722000003,0.00521284,-0.0003763671,2.71737e-05,0.4227
-0.2375,0,-0.238499999,0.0568822495,-0.0135664165,0.0032355903,0.538
-0.1775,0,-0.1755000055,0.0308002519,-0.0054054444,0.0009486555,0.3856
-0.1075,0,-0.1089000031,0.0118592107,-0.0012914681,0.0001406409,0.326
-0.1325,0,-0.1334999949,0.0178222486,-0.0023792701,0.0003176325,0.4113
-0.2275,0,-0.2275000066,0.051756253,-0.0117745479,0.0026787097,0.3526
0.1975,1,0.1965000033,0.0386122513,0.0075873075,0.001490906,0.6033
0.0475,1,0.0480000004,0.002304,0.000110592,5.3084e-06,0.5344
-0.0225,0,-0.0214000009,0.00045796,-9.8003e-06,2.097e-07,0.4483
-0.1425,0,-0.1448999941,0.0209960083,-0.0030423215,0.0004408324,0.3778
0.1925,1,0.1938000023,0.0375584409,0.0072788259,0.0014106365,0.6204
0.0925,1,0.0910999998,0.00829921,0.000756058,6.88769e-05,0.5361
-0.0225,0,-0.0230999999,0.00053361,-1.23264e-05,2.847e-07,0.4274
0.0825,1,0.0843999982,0.0071233597,0.0006012115,5.07423e-05,0.4239
-0.0225,0,-0.0203000009,0.00041209,-8.3654e-06,1.698e-07,0.7265
-0.0125,0,-0.0131000001,0.00017161,-2.2481e-06,2.94e-08,0.4997
0.1275,1,0.1263000071,0.0159516918,0.0020146988,0.0002544565,0.5475
-0.0175,0,-0.0184000004,0.00033856,-6.2295e-06,1.146e-07,0.4441
-0.0475,0,-0.0485999994,0.0023619599,-0.0001147913,5.5789e-06,0.483
0.0625,1,0.0604999997,0.00366025,0.0002214451,1.33974e-05,0.5776
0.1975,1,0.1976000071,0.0390457628,0.007715443,0.0015245716,0.7272
0.0325,1,0.0324000008,0.0010497601,3.40122e-05,1.102e-06,0.5364
0.0025,1,0.0014,1.96e-06,2.7e-09,0.0,0.4944
-0.2375,0,-0.238499999,0.0568822495,-0.0135664165,0.0032355903,0.4351
0.1775,1,0.176699996,0.0312228886,0.0055170843,0.0009748688,0.557
-0.2125,0,-0.2118999958,0.0449016082,-0.0095146506,0.0020161544,0.3381
0.2075,1,0.208100006,0.0433056125,0.0090118982,0.0018753761,0.6926
0.1875,1,0.1890999973,0.035758809,0.0067619907,0.0012786924,0.5563
-0.1725,0,-0.1726000011,0.0297907604,-0.0051418853,0.0008874894,0.3143
-0.0625,0,-0.061900001,0.0038316101,-0.0002371767,1.46812e-05,0.2861
-0.0075,0,-0.0093999999,8.836e-05,-8.306e-07,7.8e-09,0.435
0.0575,1,0.0562999994,0.0031696899,0.0001784535,1.00469e-05,0.7571
