date,returns
1995-07-07,4.44824
1995-07-10,-0.08102
1995-07-11,-2.59245
1995-07-12,-0.04314
1995-07-13,1.10954
1995-07-14,-0.51186
1995-07-17,6.32883
1995-07-18,2.83806
1995-07-19,-3.48288
1995-07-20,-0.09846
1995-07-21,0.47115
1995-07-24,2.33145
1995-07-25,-0.89707
1995-07-26,-1.78681
1995-07-27,0.95044
1995-07-28,-0.33019
1995-07-31,0.01869
1995-08-01,2.81389
1995-08-02,-2.17758
1995-08-03,0.49165
1995-08-04,0.91134
1995-08-07,1.1485
1995-08-08,-0.7759
1995-08-09,0.68952
1995-08-10,2.43574
1995-08-11,1.32962
1995-08-14,4.09492
1995-08-15,-3.22754
1995-08-16,2.13023
1995-08-17,0.2329
1995-08-18,-1.57449
1995-08-21,-2.4552
1995-08-22,0.10819
1995-08-23,-1.35671
1995-08-24,0.54108
1995-08-25,-0.85807
1995-08-28,-0.26975
1995-08-29,-0.48905
1995-08-30,-0.88329
1995-08-31,1.13088
1995-09-01,0.68424
1995-09-04,1.23405
1995-09-05,0.22201
1995-09-06,1.90459
1995-09-07,0.01194
1995-09-08,-0.3668
1995-09-11,3.19313
1995-09-12,-1.52816
1995-09-13,-0.0668
1995-09-14,-0.6639
1995-09-15,-0.29061
1995-09-18,0.19427
1995-09-19,-2.76565
1995-09-20,-1.44922
1995-09-21,0.69032
1995-09-22,-0.15878
1995-09-25,-0.9165
1995-09-26,0.75885
1995-09-27,-2.83881
1995-09-28,0.3846
1995-09-29,1.56809
1995-10-02,-0.00042
1995-10-03,0.0
1995-10-04,-0.64393
1995-10-05,0.98291
1995-10-06,-0.68105
1995-10-09,-1.91697
1995-10-10,0.33076
1995-10-11,0.31842
1995-10-12,-0.91713
1995-10-13,-0.20179
1995-10-16,-0.23357
1995-10-17,0.15103
1995-10-18,2.03357
1995-10-19,-1.97806
1995-10-20,3.28913
1995-10-23,-0.44157
1995-10-24,0.06636
1995-10-25,4.96605
1995-10-26,-3.88016
1995-10-27,-1.25187
1995-10-30,0.05674
1995-10-31,-0.75828
1995-11-01,0.84265
1995-11-02,-0.2339
1995-11-03,0.8403
1995-11-06,1.14214
1995-11-07,-0.88141
1995-11-08,-2.50898
1995-11-09,-0.05763
1995-11-10,-0.34367
1995-11-13,-2.87112
1995-11-14,0.02468
1995-11-15,0.48224
1995-11-16,-1.42003
1995-11-17,-0.92005
1995-11-20,-0.21467
1995-11-21,0.54391
1995-11-22,-2.2509
1995-11-23,-0.74904
1995-11-24,0.15178
1995-11-27,-2.1988
1995-11-28,1.16216
1995-11-29,-1.69689
1995-11-30,-0.07016
1995-12-01,-1.14986
1995-12-04,0.17498
1995-12-05,0.3616
1995-12-06,-1.38903
1995-12-07,0.54116
1995-12-08,0.7788
1995-12-11,-2.7899
1995-12-12,1.63212
1995-12-13,-2.51773
1995-12-14,0.15465
1995-12-15,-1.78236
1995-12-18,-1.9649
1995-12-19,-0.01351
1995-12-20,1.50535
1995-12-21,-0.60244
1995-12-22,-0.53538
1995-12-25,-2.42035
1995-12-26,-1.35563
1995-12-27,-0.31857
1995-12-28,-2.40958
1995-12-29,-0.27515
1996-01-01,-0.0018
1996-01-02,-3.18556
1996-01-03,0.84237
1996-01-04,2.96794
1996-01-05,-4.08958
1996-01-08,0.52067
1996-01-09,3.54385
1996-01-10,-1.98878
1996-01-11,-0.36222
1996-01-12,0.26905
1996-01-15,0.71575
1996-01-16,-0.59702
1996-01-17,-1.9262
1996-01-18,-3.73145
1996-01-19,1.12954
1996-01-22,-1.35583
1996-01-23,0.60614
1996-01-24,0.58145
1996-01-25,-0.24138
1996-01-26,0.80234
1996-01-29,0.67697
1996-01-30,0.64613
1996-01-31,0.89353
1996-02-01,-0.12476
1996-02-02,-0.11932
1996-02-05,-2.49142
1996-02-06,-0.41398
1996-02-07,0.69092
1996-02-08,-0.46647
1996-02-09,0.67796
1996-02-12,-0.29735
1996-02-13,1.08789
1996-02-14,-0.06233
1996-02-15,1.44999
1996-02-16,2.92886
1996-02-19,-0.00181
1996-02-20,0.0009
1996-02-21,0.0009
1996-02-22,-0.00181
1996-02-23,0.0
1996-02-26,0.0
1996-02-27,0.0
1996-02-28,0.0
1996-02-29,0.0
1996-03-01,0.0
1996-03-04,8.49928
1996-03-05,-2.50972
1996-03-06,-4.77261
1996-03-07,1.70593
1996-03-08,0.66523
1996-03-11,-0.87799
1996-03-12,-0.74912
1996-03-13,-0.12067
1996-03-14,-0.15993
1996-03-15,0.016
1996-03-18,0.9697
1996-03-19,-0.23272
1996-03-20,0.54919
1996-03-21,0.0158
1996-03-22,0.07369
1996-03-25,0.01052
1996-03-26,-1.18545
1996-03-27,-0.20784
1996-03-28,-1.48875
1996-03-29,0.42326
1996-04-01,1.74602
1996-04-02,-1.59875
1996-04-03,0.67431
1996-04-04,0.39318
1996-04-05,3.37636
1996-04-08,-0.19761
1996-04-09,-0.57096
1996-04-10,0.30227
1996-04-11,0.61211
1996-04-12,0.61179
1996-04-15,-0.39091
1996-04-16,1.05146
1996-04-17,0.42728
1996-04-18,1.15612
1996-04-19,2.92864
1996-04-22,-0.67365
1996-04-23,1.58356
1996-04-24,6.34789
1996-04-25,-1.81889
1996-04-26,8.08215
1996-04-29,4.28905
1996-04-30,-8.09864
1996-05-01,0.0
1996-05-02,-4.00326
1996-05-03,-0.67307
1996-05-06,3.21524
1996-05-07,-1.51905
1996-05-08,0.01664
1996-05-09,-0.66304
1996-05-10,0.69328
1996-05-13,0.69902
1996-05-14,-0.10364
1996-05-15,2.46845
1996-05-16,0.1509
1996-05-17,4.13676
1996-05-20,-1.25089
1996-05-21,-6.04317
1996-05-22,1.01769
1996-05-23,-3.95845
1996-05-24,-0.44757
1996-05-27,-0.288
1996-05-28,1.39316
1996-05-29,0.56263
1996-05-30,-2.20691
1996-05-31,1.13907
1996-06-03,-0.39852
1996-06-04,1.61229
1996-06-05,6.74496
1996-06-06,0.81023
1996-06-07,3.45494
1996-06-10,4.96841
1996-06-11,-1.59961
1996-06-12,0.46551
1996-06-13,1.69377
1996-06-14,1.11259
1996-06-17,-3.30643
1996-06-18,5.37928
1996-06-19,0.42126
1996-06-20,-0.41748
1996-06-21,0.31704
1996-06-24,-0.34855
1996-06-25,-1.6125
1996-06-26,2.63082
1996-06-27,0.62192
1996-06-28,-0.27441
1996-07-01,-5.51191
1996-07-02,-0.18543
1996-07-03,3.41854
1996-07-04,-0.08908
1996-07-05,-0.00637
1996-07-08,2.75772
1996-07-09,1.26406
1996-07-10,0.29799
1996-07-11,-3.47155
1996-07-12,0.54644
1996-07-15,-0.9145
1996-07-16,4.20843
1996-07-17,-1.72668
1996-07-18,1.11247
1996-07-19,4.6445
1996-07-22,3.21636
1996-07-23,-1.53384
1996-07-24,1.83398
1996-07-25,-2.21452
1996-07-26,-2.68974
1996-07-29,1.21139
1996-07-30,-2.18521
1996-07-31,-1.74163
1996-08-01,1.52393
1996-08-02,0.45042
1996-08-05,1.69146
1996-08-06,1.05282
1996-08-07,0.58399
1996-08-08,1.00157
1996-08-09,-0.50355
1996-08-12,1.64428
1996-08-13,-1.27667
1996-08-14,-0.36188
1996-08-15,-0.66994
1996-08-16,-1.39096
1996-08-19,-2.1605
1996-08-20,-1.58984
1996-08-21,1.34901
1996-08-22,-1.86589
1996-08-23,-1.78932
1996-08-26,-3.8844
1996-08-27,1.84557
1996-08-28,1.18286
1996-08-29,-1.02298
1996-08-30,2.65361
1996-09-02,-0.63912
1996-09-03,-0.56823
1996-09-04,1.46383
1996-09-05,0.29021
1996-09-06,-1.6279
1996-09-09,-0.95811
1996-09-10,-3.74103
1996-09-11,0.62594
1996-09-12,-1.59339
1996-09-13,2.86188
1996-09-16,-0.10017
1996-09-17,-0.23283
1996-09-18,-2.0453
1996-09-19,1.09031
1996-09-20,4.62919
1996-09-23,5.60619
1996-09-24,-0.24326
1996-09-25,-1.7495
1996-09-26,2.30565
1996-09-27,2.41257
1996-09-30,0.0
1996-10-01,-2.41257
1996-10-02,0.0
1996-10-03,1.25921
1996-10-04,-0.23482
1996-10-07,0.13888
1996-10-08,1.48659
1996-10-09,-0.41105
1996-10-10,3.38482
1996-10-11,0.63837
1996-10-14,3.33962
1996-10-15,-0.37272
1996-10-16,-0.36448
1996-10-17,1.95532
1996-10-18,-1.30957
1996-10-21,2.56904
1996-10-22,1.24483
1996-10-23,3.4583
1996-10-24,-0.28929
1996-10-25,0.47115
1996-10-28,1.00122
1996-10-29,-0.52343
1996-10-30,-5.92951
1996-10-31,1.83613
1996-11-01,-4.81561
1996-11-04,1.52782
1996-11-05,-1.82478
1996-11-06,-1.40854
1996-11-07,1.42039
1996-11-08,-0.91677
1996-11-11,1.54294
1996-11-12,0.9622
1996-11-13,-0.26334
1996-11-14,1.33813
1996-11-15,-0.2479
1996-11-18,5.5099
1996-11-19,1.11549
1996-11-20,-0.10143
1996-11-21,-7.58762
1996-11-22,1.16878
1996-11-25,2.56395
1996-11-26,-0.92175
1996-11-27,1.31318
1996-11-28,1.24278
1996-11-29,3.9806
1996-12-02,9.37909
1996-12-03,-1.02149
1996-12-04,4.09406
1996-12-05,3.54025
1996-12-06,0.0668
1996-12-09,2.82639
1996-12-10,-1.40524
1996-12-11,1.18378
1996-12-12,-5.59674
1996-12-13,-5.86917
1996-12-16,-10.43761
1996-12-17,-9.91997
1996-12-18,7.15309
1996-12-19,-7.50265
1996-12-20,-1.92212
1996-12-23,1.87668
1996-12-24,-4.12258
1996-12-25,3.3625
1996-12-26,3.1947
1996-12-27,-0.2047
1996-12-30,1.27765
1996-12-31,-1.8572
1997-01-01,-0.00109
1997-01-02,0.26464
1997-01-03,-2.18035
1997-01-06,-2.60246
1997-01-07,2.44227
1997-01-08,-0.19615
1997-01-09,1.17225
1997-01-10,1.25126
1997-01-13,1.20353
1997-01-14,-2.35892
1997-01-15,0.97229
1997-01-16,-0.18671
1997-01-17,0.52756
1997-01-20,1.44946
1997-01-21,-0.44781
1997-01-22,1.42451
1997-01-23,0.35589
1997-01-24,0.85487
1997-01-27,0.53738
1997-01-28,-0.28715
1997-01-29,0.60363
1997-01-30,-0.2008
1997-01-31,0.47483
1997-02-03,-0.43942
1997-02-04,0.0
1997-02-05,0.0
1997-02-06,0.0
1997-02-07,-0.00104
1997-02-10,0.00104
1997-02-11,0.0
1997-02-12,0.0
1997-02-13,0.0
1997-02-14,0.0
1997-02-17,2.25342
1997-02-18,-9.33425
1997-02-19,7.30753
1997-02-20,0.24796
1997-02-21,5.25292
1997-02-24,-0.74703
1997-02-25,0.8286
1997-02-26,1.32231
1997-02-27,-0.60385
1997-02-28,1.4495
1997-03-03,2.16618
1997-03-04,0.47954
1997-03-05,-1.51019
1997-03-06,2.53195
1997-03-07,-0.13075
1997-03-10,2.01715
1997-03-11,0.90975
1997-03-12,1.46969
1997-03-13,-0.79165
1997-03-14,0.75967
1997-03-17,2.86149
1997-03-18,0.35759
1997-03-19,-0.11704
1997-03-20,-3.55429
1997-03-21,4.06107
1997-03-24,2.0824
1997-03-25,0.51139
1997-03-26,1.44793
1997-03-27,-0.08644
1997-03-28,-0.95908
1997-03-31,2.62191
1997-04-01,0.51784
1997-04-02,-0.58023
1997-04-03,0.98231
1997-04-04,1.19108
1997-04-07,1.21781
1997-04-08,-2.31023
1997-04-09,3.12482
1997-04-10,-0.38618
1997-04-11,-0.26246
1997-04-14,2.95847
1997-04-15,0.60866
1997-04-16,0.21261
1997-04-17,-0.33269
1997-04-18,1.10169
1997-04-21,1.78146
1997-04-22,0.25077
1997-04-23,0.97219
1997-04-24,0.10438
1997-04-25,-1.11466
1997-04-28,-0.95548
1997-04-29,1.81552
1997-04-30,1.22578
1997-05-01,-0.00072
1997-05-02,0.0
1997-05-05,3.88346
1997-05-06,2.3235
1997-05-07,0.83735
1997-05-08,-6.22684
1997-05-09,4.32109
1997-05-12,2.23555
1997-05-13,-2.43681
1997-05-14,-5.98455
1997-05-15,2.74966
1997-05-16,-7.44786
1997-05-19,2.1568
1997-05-20,2.67908
1997-05-21,-1.91819
1997-05-22,-9.24638
1997-05-23,1.53046
1997-05-26,-0.21709
1997-05-27,2.38357
1997-05-28,-0.89261
1997-05-29,-0.55255
1997-05-30,1.71319
1997-06-02,3.89908
1997-06-03,0.18542
1997-06-04,1.66155
1997-06-05,-0.07055
1997-06-06,-6.44724
1997-06-09,-0.0298
1997-06-10,-2.63698
1997-06-11,-1.73349
1997-06-12,-0.62717
1997-06-13,2.54089
1997-06-16,1.39618
1997-06-17,-1.23955
1997-06-18,-1.06916
1997-06-19,-0.1575
1997-06-20,4.79564
1997-06-23,-0.59813
1997-06-24,1.57921
1997-06-25,-0.48741
1997-06-26,-1.01703
1997-06-27,-2.69789
1997-06-30,0.0
1997-07-01,0.0
1997-07-02,-4.18216
1997-07-03,-4.1237
1997-07-04,0.755
1997-07-07,-5.54358
1997-07-08,1.16476
1997-07-09,1.00157
1997-07-10,-0.06158
1997-07-11,3.05685
1997-07-14,2.63191
1997-07-15,1.2063
1997-07-16,-0.77627
1997-07-17,0.536
1997-07-18,1.04941
1997-07-21,-1.35893
1997-07-22,1.22577
1997-07-23,-0.78019
1997-07-24,-2.0767
1997-07-25,-0.28656
1997-07-28,-2.51501
1997-07-29,0.99783
1997-07-30,2.24561
1997-07-31,0.87288
1997-08-01,0.2577
1997-08-04,0.62679
1997-08-05,-0.33881
1997-08-06,-2.05479
1997-08-07,2.30275
1997-08-08,0.56625
1997-08-11,-1.83845
1997-08-12,-3.19819
1997-08-13,-2.35394
1997-08-14,4.19423
1997-08-15,-2.16782
1997-08-18,-0.74023
1997-08-19,-0.15171
1997-08-20,1.03006
1997-08-21,1.72446
1997-08-22,0.62319
1997-08-25,1.04164
1997-08-26,0.83595
1997-08-27,0.37366
1997-08-28,1.2751
1997-08-29,0.58893
1997-09-01,0.71891
1997-09-02,-0.2907
1997-09-03,1.17709
1997-09-04,0.84106
1997-09-05,0.01998
1997-09-08,0.2936
1997-09-09,-1.94676
1997-09-10,2.01127
1997-09-11,-1.06694
1997-09-12,-2.77491
1997-09-15,-2.46328
1997-09-16,0.67019
1997-09-17,-1.66983
1997-09-18,0.41112
1997-09-19,1.03103
1997-09-22,-7.04249
1997-09-23,-5.77996
1997-09-24,6.32559
1997-09-25,0.62864
1997-09-26,-0.66288
1997-09-29,-2.33041
1997-09-30,1.2203
1997-10-01,-1.2203
1997-10-02,0.0
1997-10-03,1.2203
1997-10-06,0.13842
1997-10-07,0.33341
1997-10-08,2.88743
1997-10-09,-1.09865
1997-10-10,0.73849
1997-10-13,-0.97485
1997-10-14,-0.16892
1997-10-15,0.69974
1997-10-16,2.15553
1997-10-17,2.2504
1997-10-20,0.92053
1997-10-21,0.37827
1997-10-22,-1.2113
1997-10-23,-0.35391
1997-10-24,0.42098
1997-10-27,4.76616
1997-10-28,-4.79926
1997-10-29,0.52244
1997-10-30,-0.78341
1997-10-31,0.47044
1997-11-03,0.03896
1997-11-04,0.32551
1997-11-05,0.78529
1997-11-06,-1.08794
1997-11-07,1.18002
1997-11-10,-0.78625
1997-11-11,0.07166
1997-11-12,-1.05388
1997-11-13,0.91811
1997-11-14,1.07519
1997-11-17,-0.54413
1997-11-18,-0.67209
1997-11-19,-0.14546
1997-11-20,-0.78163
1997-11-21,-1.19007
1997-11-24,-2.94482
1997-11-25,0.05243
1997-11-26,1.61195
1997-11-27,-1.87974
1997-11-28,1.51275
1997-12-01,-0.57552
1997-12-02,-0.25804
1997-12-03,-0.67652
1997-12-04,1.1796
1997-12-05,0.02905
1997-12-08,0.27773
1997-12-09,0.77027
1997-12-10,0.83868
1997-12-11,0.1148
1997-12-12,-0.46087
1997-12-15,1.22231
1997-12-16,0.57794
1997-12-17,-2.43667
1997-12-18,0.66502
1997-12-19,0.57021
1997-12-22,0.70737
1997-12-23,0.19143
1997-12-24,-0.13584
1997-12-25,0.98855
1997-12-26,0.89669
1997-12-29,-0.4465
1997-12-30,-0.46204
1997-12-31,1.09127
1998-01-01,0.0
1998-01-02,0.0
1998-01-05,2.18433
1998-01-06,1.07169
1998-01-07,0.84353
1998-01-08,-0.55698
1998-01-09,0.22123
1998-01-12,-1.0483
1998-01-13,-4.95545
1998-01-14,2.91767
1998-01-15,1.09281
1998-01-16,-0.12102
1998-01-19,-0.06839
1998-01-20,-0.7787
1998-01-21,-0.29286
1998-01-22,0.35182
1998-01-23,1.52268
1998-01-26,0.0
1998-01-27,0.0
1998-01-28,0.0
1998-01-29,0.0
1998-01-30,-1.52268
1998-02-02,0.0
1998-02-03,0.0
1998-02-04,0.0
1998-02-05,0.0
1998-02-06,0.0
1998-02-09,3.55679
1998-02-10,-0.92814
1998-02-11,1.10426
1998-02-12,-0.31564
1998-02-13,-0.0313
1998-02-16,-0.77917
1998-02-17,0.18265
1998-02-18,-0.7025
1998-02-19,0.22336
1998-02-20,-0.53364
1998-02-23,-1.43105
1998-02-24,-0.03145
1998-02-25,-1.12782
1998-02-26,0.99945
1998-02-27,-0.0116
1998-03-02,-1.52163
1998-03-03,1.128
1998-03-04,0.94906
1998-03-05,-0.47175
1998-03-06,-0.09031
1998-03-09,-0.46692
1998-03-10,-0.08331
1998-03-11,-0.8193
1998-03-12,-0.93457
1998-03-13,0.50678
1998-03-16,0.29662
1998-03-17,1.20102
1998-03-18,-0.74518
1998-03-19,-0.43565
1998-03-20,-0.10268
1998-03-23,-0.6446
1998-03-24,1.19215
1998-03-25,-0.20708
1998-03-26,-0.22517
1998-03-27,2.87695
1998-03-30,2.09226
1998-03-31,-0.51515
1998-04-01,0.95678
1998-04-02,1.11333
1998-04-03,1.33539
1998-04-06,1.56611
1998-04-07,-0.24832
1998-04-08,1.49664
1998-04-09,-1.95119
1998-04-10,1.09479
1998-04-13,0.55052
1998-04-14,-0.38215
1998-04-15,0.83308
1998-04-16,-0.64068
1998-04-17,-1.38774
1998-04-20,-0.1619
1998-04-21,0.70813
1998-04-22,2.04451
1998-04-23,-0.57364
1998-04-24,-0.71144
1998-04-27,-0.36488
1998-04-28,1.71074
1998-04-29,-0.03677
1998-04-30,0.81841
1998-05-01,0.0
1998-05-04,0.70317
1998-05-05,-0.03031
1998-05-06,-0.30434
1998-05-07,-1.535
1998-05-08,2.21423
1998-05-11,-0.22048
1998-05-12,-0.36683
1998-05-13,1.44251
1998-05-14,-0.15568
1998-05-15,0.0702
1998-05-18,0.00658
1998-05-19,-0.43143
1998-05-20,-0.35739
1998-05-21,0.67766
1998-05-22,0.66801
1998-05-25,0.98005
1998-05-26,0.07555
1998-05-27,0.65378
1998-05-28,-0.11725
1998-05-29,0.94764
1998-06-01,0.30918
1998-06-02,-0.17676
1998-06-03,0.48852
1998-06-04,-0.96947
1998-06-05,0.16413
1998-06-08,-0.34704
1998-06-09,-2.45777
1998-06-10,-0.09861
1998-06-11,-1.51845
1998-06-12,2.61524
1998-06-15,-1.31335
1998-06-16,-1.23439
1998-06-17,0.02595
1998-06-18,1.59952
1998-06-19,1.60593
1998-06-22,0.46414
1998-06-23,-0.1001
1998-06-24,0.27003
1998-06-25,-1.41537
1998-06-26,0.2587
1998-06-29,-1.76121
1998-06-30,-1.64632
1998-07-01,-1.71413
1998-07-02,1.14877
1998-07-03,0.26099
1998-07-06,-1.49791
1998-07-07,0.691
1998-07-08,1.09486
1998-07-09,0.3169
1998-07-10,1.28633
1998-07-13,-0.13312
1998-07-14,-1.65102
1998-07-15,-0.08159
1998-07-16,-0.73955
1998-07-17,-0.82641
1998-07-20,-2.12554
1998-07-21,1.99539
1998-07-22,-1.0612
1998-07-23,1.30918
1998-07-24,0.79831
1998-07-27,-0.3715
1998-07-28,-0.29926
1998-07-29,-0.45705
1998-07-30,0.25578
1998-07-31,0.12309
1998-08-03,-1.13173
1998-08-04,-0.66575
1998-08-05,1.07502
1998-08-06,-1.02092
1998-08-07,-1.80028
1998-08-10,-2.91282
1998-08-11,-2.20379
1998-08-12,-1.42775
1998-08-13,1.13835
1998-08-14,-3.04803
1998-08-17,-8.72768
1998-08-18,0.08311
1998-08-19,4.98697
1998-08-20,2.09411
1998-08-21,2.38118
1998-08-24,0.07894
1998-08-25,0.04411
1998-08-26,-1.6056
1998-08-27,-1.30732
1998-08-28,-1.36269
1998-08-31,1.79834
1998-09-01,-0.61831
1998-09-02,-0.54736
1998-09-03,0.90277
1998-09-04,1.41343
1998-09-07,1.26821
1998-09-08,-0.91903
1998-09-09,1.95742
1998-09-10,1.91243
1998-09-11,0.35696
1998-09-14,1.75784
1998-09-15,-0.7677
1998-09-16,1.77342
1998-09-17,-1.48363
1998-09-18,-2.18798
1998-09-21,1.26618
1998-09-22,0.02045
1998-09-23,0.58961
1998-09-24,-2.53624
1998-09-25,1.86072
1998-09-28,0.70398
1998-09-29,0.1251
1998-09-30,0.90114
1998-10-01,0.0
1998-10-02,0.0
1998-10-05,-0.65545
1998-10-06,-1.41261
1998-10-07,-0.3019
1998-10-08,1.22171
1998-10-09,0.66677
1998-10-12,0.82284
1998-10-13,-0.24727
1998-10-14,-0.27931
1998-10-15,1.1389
1998-10-16,-0.26174
1998-10-19,-0.42358
1998-10-20,-0.20804
1998-10-21,-2.92252
1998-10-22,0.68154
1998-10-23,0.11013
1998-10-26,-0.75525
1998-10-27,0.70267
1998-10-28,0.74835
1998-10-29,-0.75082
1998-10-30,0.04601
1998-11-02,0.50475
1998-11-03,1.08847
1998-11-04,-0.08655
1998-11-05,1.40456
1998-11-06,0.5165
1998-11-09,1.83654
1998-11-10,0.26774
1998-11-11,-0.02799
1998-11-12,-0.24988
1998-11-13,-0.03742
1998-11-16,0.87182
1998-11-17,-0.243
1998-11-18,-0.39595
1998-11-19,-0.77233
1998-11-20,-0.01882
1998-11-23,-0.12396
1998-11-24,0.40193
1998-11-25,-1.18534
1998-11-26,-0.87656
1998-11-27,-0.61972
1998-11-30,0.18776
1998-12-01,-1.05248
1998-12-02,0.21122
1998-12-03,-0.36121
1998-12-04,-1.08578
1998-12-07,-0.79548
1998-12-08,1.12793
1998-12-09,0.06783
1998-12-10,-1.60169
1998-12-11,0.79129
1998-12-14,-1.48602
1998-12-15,-0.12212
1998-12-16,-0.9908
1998-12-17,-1.96067
1998-12-18,-0.3601
1998-12-21,-0.12898
1998-12-22,2.69543
1998-12-23,-1.14143
1998-12-24,-0.30152
1998-12-25,0.42085
1998-12-28,-1.19718
1998-12-29,-1.49481
1998-12-30,0.48276
1998-12-31,-0.13595
1999-01-01,0.0
1999-01-04,-1.83766
1999-01-05,-0.52187
1999-01-06,1.12141
1999-01-07,0.4528
1999-01-08,2.69511
1999-01-11,0.34164
1999-01-12,-1.19572
1999-01-13,-0.92934
1999-01-14,0.04441
1999-01-15,-0.99302
1999-01-18,1.38055
1999-01-19,0.46979
1999-01-20,-0.62167
1999-01-21,0.61735
1999-01-22,0.33178
1999-01-25,-1.2318
1999-01-26,-0.8669
1999-01-27,0.72482
1999-01-28,-0.48263
1999-01-29,-0.55369
1999-02-01,-1.25401
1999-02-02,0.52249
1999-02-03,-0.85055
1999-02-04,-1.20342
1999-02-05,-2.01935
1999-02-08,-1.4549
1999-02-09,2.25158
1999-02-10,0.0
1999-02-11,0.0
1999-02-12,0.0
1999-02-15,0.0
1999-02-16,0.0
1999-02-17,0.0
1999-02-18,0.0
1999-02-19,0.0
1999-02-22,0.0
1999-02-23,0.0
1999-02-24,0.0
1999-02-25,0.0
1999-02-26,0.0
1999-03-01,0.72028
1999-03-02,0.26832
1999-03-03,2.49558
1999-03-04,0.0186
1999-03-05,0.3016
1999-03-08,0.85735
1999-03-09,-0.4537
1999-03-10,-0.3701
1999-03-11,1.50616
1999-03-12,0.75976
1999-03-15,0.51133
1999-03-16,0.19643
1999-03-17,-0.67325
1999-03-18,-0.6153
1999-03-19,1.80055
1999-03-22,-0.01535
1999-03-23,-0.15275
1999-03-24,-0.1641
1999-03-25,-1.04736
1999-03-26,0.36843
1999-03-29,0.71827
1999-03-30,-1.02966
1999-03-31,0.04664
1999-04-01,0.89833
1999-04-02,1.35154
1999-04-05,0.84663
1999-04-06,0.42856
1999-04-07,0.16908
1999-04-08,0.06988
1999-04-09,0.2218
1999-04-12,-0.81651
1999-04-13,-1.44513
1999-04-14,0.28224
1999-04-15,-0.92682
1999-04-16,-0.37486
1999-04-19,-0.58219
1999-04-20,1.04073
1999-04-21,-2.3787
1999-04-22,-0.60494
1999-04-23,0.24943
1999-04-26,-2.41579
1999-04-27,-1.91434
1999-04-28,-0.05498
1999-04-29,2.2941
1999-04-30,0.40405
1999-05-03,3.25789
1999-05-04,-4.07932
1999-05-05,0.46395
1999-05-06,1.00573
1999-05-07,-0.6652
1999-05-10,-4.45284
1999-05-11,2.16588
1999-05-12,0.41906
1999-05-13,-1.01789
1999-05-14,-2.37728
1999-05-17,0.2142
1999-05-18,-0.53542
1999-05-19,4.53936
1999-05-20,3.42288
1999-05-21,1.81405
1999-05-24,3.77232
1999-05-25,-0.89054
1999-05-26,2.71938
1999-05-27,3.72959
1999-05-28,-0.45856
1999-05-31,0.17055
1999-06-01,2.49036
1999-06-02,-1.82039
1999-06-03,-1.53431
1999-06-04,1.35168
1999-06-07,3.1349
1999-06-08,0.53531
1999-06-09,1.11624
1999-06-10,1.15964
1999-06-11,0.44246
1999-06-14,4.09764
1999-06-15,-2.85033
1999-06-16,5.09844
1999-06-17,2.75853
1999-06-18,-0.13934
1999-06-21,3.11913
1999-06-22,1.15918
1999-06-23,2.653
1999-06-24,2.92052
1999-06-25,-3.71044
1999-06-28,6.04379
1999-06-29,2.68286
1999-06-30,-2.9034
1999-07-01,-7.91991
1999-07-02,3.32322
1999-07-05,-1.98482
1999-07-06,-4.16766
1999-07-07,3.33159
1999-07-08,0.59365
1999-07-09,0.42748
1999-07-12,-1.59139
1999-07-13,-2.26364
1999-07-14,2.25017
1999-07-15,-0.6549
1999-07-16,-1.92898
1999-07-19,-2.7119
1999-07-20,6.2581
1999-07-21,2.21149
1999-07-22,-3.73904
1999-07-23,2.24767
1999-07-26,1.00691
1999-07-27,-0.70911
1999-07-28,0.40716
1999-07-29,-0.08393
1999-07-30,0.35029
1999-08-02,0.92115
1999-08-03,0.65123
1999-08-04,1.36084
1999-08-05,0.26706
1999-08-06,-0.4212
1999-08-09,-1.08384
1999-08-10,-1.65216
1999-08-11,-1.1772
1999-08-12,-0.49129
1999-08-13,-0.23765
1999-08-16,-0.75544
1999-08-17,1.04194
1999-08-18,0.34955
1999-08-19,3.46716
1999-08-20,-0.53939
1999-08-23,0.9817
1999-08-24,0.21072
1999-08-25,-1.3866
1999-08-26,0.76348
1999-08-27,-0.26466
1999-08-30,-0.91364
1999-08-31,0.49782
1999-09-01,-1.70892
1999-09-02,0.77285
1999-09-03,-1.50447
1999-09-06,-1.72845
1999-09-07,0.13511
1999-09-08,0.56215
1999-09-09,6.37906
1999-09-10,-0.91094
1999-09-13,0.6132
1999-09-14,0.16452
1999-09-15,-0.60497
1999-09-16,-1.04526
1999-09-17,0.18518
1999-09-20,-0.89752
1999-09-21,-0.50561
1999-09-22,-0.52611
1999-09-23,-0.79845
1999-09-24,0.93873
1999-09-27,-1.06598
1999-09-28,-0.67197
1999-09-29,-0.40801
1999-09-30,-0.90315
1999-10-01,0.0
1999-10-04,0.0
1999-10-05,0.0
1999-10-06,0.0
1999-10-07,0.0
1999-10-08,-2.33038
1999-10-11,-0.7877
1999-10-12,1.00122
1999-10-13,-1.99532
1999-10-14,0.08687
1999-10-15,2.29787
1999-10-18,-2.76691
1999-10-19,-2.07034
1999-10-20,1.00991
1999-10-21,-1.85445
1999-10-22,2.63413
1999-10-25,-1.96855
1999-10-26,0.97597
1999-10-27,3.58708
1999-10-28,-1.46102
1999-10-29,-0.66047
1999-11-01,-0.7646
1999-11-02,-0.37778
1999-11-03,-0.79578
1999-11-04,-0.73797
1999-11-05,0.0273
1999-11-08,0.41885
1999-11-09,-0.50078
1999-11-10,-0.95259
1999-11-11,-0.43123
1999-11-12,0.44364
1999-11-15,0.08339
1999-11-16,-1.4028
1999-11-17,2.17485
1999-11-18,1.33506
1999-11-19,-0.94751
1999-11-22,-0.26457
1999-11-23,0.12555
1999-11-24,-0.81137
1999-11-25,-0.7134
1999-11-26,0.01869
1999-11-29,-0.62778
1999-11-30,-0.03484
1999-12-01,0.84314
1999-12-02,-0.78253
1999-12-03,0.09676
1999-12-06,-0.71503
1999-12-07,0.08896
1999-12-08,-0.23904
1999-12-09,-0.57151
1999-12-10,0.85815
1999-12-13,-0.83133
1999-12-14,0.36276
1999-12-15,2.00472
1999-12-16,-1.12201
1999-12-17,-1.07343
1999-12-20,0.0
1999-12-21,-1.70871
1999-12-22,-0.5742
1999-12-23,-1.30943
1999-12-24,-1.0342
1999-12-27,-0.74203
1999-12-28,0.25759
1999-12-29,0.59947
1999-12-30,0.70865
1999-12-31,0.0
2000-01-03,0.0
2000-01-04,2.87006
2000-01-05,0.23508
2000-01-06,3.77687
2000-01-07,3.53396
2000-01-10,1.86241
2000-01-11,-4.32017
2000-01-12,-2.86263
2000-01-13,-0.94884
2000-01-14,-1.1005
2000-01-17,1.72266
2000-01-18,-0.46924
2000-01-19,0.9835
2000-01-20,1.79811
2000-01-21,-0.12142
2000-01-24,0.83333
2000-01-25,-0.0562
2000-01-26,0.31174
2000-01-27,1.71697
2000-01-28,1.85621
2000-01-31,0.0
2000-02-01,0.0
2000-02-02,0.0
2000-02-03,0.0
2000-02-04,0.0
2000-02-07,0.0
2000-02-08,0.0
2000-02-09,0.0
2000-02-10,0.0
2000-02-11,0.0
2000-02-14,8.66497
2000-02-15,-0.19554
2000-02-16,1.33423
2000-02-17,-3.14746
2000-02-18,1.65868
2000-02-21,0.54107
2000-02-22,-2.7106
2000-02-23,-2.31541
2000-02-24,2.43908
2000-02-25,-0.16718
2000-02-28,4.39283
2000-02-29,0.5691
2000-03-01,-0.98702
2000-03-02,0.89541
2000-03-03,1.44945
2000-03-06,-3.33101
2000-03-07,0.81283
2000-03-08,1.82592
2000-03-09,0.36549
2000-03-10,-1.58844
2000-03-13,1.38794
2000-03-14,-2.55005
2000-03-15,-0.23048
2000-03-16,-4.49696
2000-03-17,3.1275
2000-03-20,2.42131
2000-03-21,0.64935
2000-03-22,0.59054
2000-03-23,1.54515
2000-03-24,-0.9627
2000-03-27,2.59026
2000-03-28,0.87068
2000-03-29,-0.14692
2000-03-30,1.23175
2000-03-31,-0.59593
2000-04-03,0.04332
2000-04-04,-2.26363
2000-04-05,0.59515
2000-04-06,2.11943
2000-04-07,0.593
2000-04-10,0.33791
2000-04-11,-0.26815
2000-04-12,-0.76285
2000-04-13,1.3312
2000-04-14,0.11568
2000-04-17,-2.1281
2000-04-18,1.02147
2000-04-19,0.83576
2000-04-20,0.99681
2000-04-21,-0.32375
2000-04-24,-0.199
2000-04-25,-0.21412
2000-04-26,-0.03764
2000-04-27,-1.426
2000-04-28,1.61896
2000-05-01,0.0
2000-05-02,0.0
2000-05-03,0.0
2000-05-04,0.0
2000-05-05,0.0
2000-05-08,0.01742
2000-05-09,-1.6469
2000-05-10,-3.0317
2000-05-11,-1.64756
2000-05-12,-0.19973
2000-05-15,-0.93543
2000-05-16,1.16357
2000-05-17,0.04986
2000-05-18,1.9025
2000-05-19,1.09096
2000-05-22,2.6044
2000-05-23,0.4009
2000-05-24,1.27023
2000-05-25,1.34952
2000-05-26,-0.05744
2000-05-29,1.01261
2000-05-30,-1.12706
2000-05-31,0.90562
2000-06-01,0.47077
2000-06-02,0.66811
2000-06-05,-0.89953
2000-06-06,1.38316
2000-06-07,0.49164
2000-06-08,-0.50878
2000-06-09,-1.27655
2000-06-12,0.61731
2000-06-13,1.35595
2000-06-14,-0.32963
2000-06-15,0.51619
2000-06-16,-0.79344
2000-06-19,-0.61112
2000-06-20,-1.04185
2000-06-21,0.93371
2000-06-22,0.04024
2000-06-23,1.33542
2000-06-26,0.46345
2000-06-27,-0.295
2000-06-28,0.23545
2000-06-29,-0.52616
2000-06-30,-0.47344
2000-07-03,-1.69837
2000-07-04,0.64624
2000-07-05,0.06602
2000-07-06,-0.3484
2000-07-07,1.57695
2000-07-10,0.78489
2000-07-11,0.64065
2000-07-12,0.65228
2000-07-13,0.295
2000-07-14,0.40289
2000-07-17,-0.2373
2000-07-18,0.57891
2000-07-19,0.22242
2000-07-20,-0.34436
2000-07-21,0.23973
2000-07-24,-0.35628
2000-07-25,0.36831
2000-07-26,0.78526
2000-07-27,0.00149
2000-07-28,0.02186
2000-07-31,0.53266
2000-08-01,0.22756
2000-08-02,0.12467
2000-08-03,0.27637
2000-08-04,-0.48934
2000-08-07,0.64244
2000-08-08,0.51353
2000-08-09,0.54779
2000-08-10,0.23067
2000-08-11,-0.15841
2000-08-14,0.65862
2000-08-15,0.02504
2000-08-16,0.31969
2000-08-17,0.38898
2000-08-18,-0.06744
2000-08-21,0.88167
2000-08-22,-1.62503
2000-08-23,-0.81208
2000-08-24,0.64131
2000-08-25,0.7475
2000-08-28,0.66296
2000-08-29,0.233
2000-08-30,-1.40331
2000-08-31,-2.6819
2000-09-01,-1.06142
2000-09-04,0.5356
2000-09-05,-2.35569
2000-09-06,-1.94777
2000-09-07,1.27692
2000-09-08,0.44246
2000-09-11,0.64762
2000-09-12,0.35686
2000-09-13,0.49647
2000-09-14,-0.47525
2000-09-15,-0.05457
2000-09-18,-1.61423
2000-09-19,-2.26509
2000-09-20,1.00068
2000-09-21,-0.78233
2000-09-22,-0.807
2000-09-25,-0.853
2000-09-26,0.63341
2000-09-27,1.38143
2000-09-28,-1.30412
2000-09-29,1.09859
2000-10-02,0.0
2000-10-03,0.0
2000-10-04,0.0
2000-10-05,0.0
2000-10-06,0.0
2000-10-09,0.27134
2000-10-10,1.38952
2000-10-11,-0.43448
2000-10-12,-0.38393
2000-10-13,-0.42451
2000-10-16,-0.80347
2000-10-17,0.35044
2000-10-18,0.69671
2000-10-19,-0.4911
2000-10-20,1.76286
2000-10-23,0.58827
2000-10-24,-0.13281
2000-10-25,1.06316
2000-10-26,-0.48569
2000-10-27,-0.01321
2000-10-30,0.31312
2000-10-31,-0.62467
2000-11-01,0.81602
2000-11-02,0.34834
2000-11-03,-0.13263
2000-11-06,0.48027
2000-11-07,0.29637
2000-11-08,0.78953
2000-11-09,0.96753
2000-11-10,0.73433
2000-11-13,1.13302
2000-11-14,0.68962
2000-11-15,-0.15407
2000-11-16,0.67355
2000-11-17,-0.13081
2000-11-20,0.38859
2000-11-21,-0.16241
2000-11-22,0.72757
2000-11-23,0.29012
2000-11-24,-3.16696
2000-11-27,-0.18035
2000-11-28,1.44006
2000-11-29,-0.57392
2000-11-30,0.15031
2000-12-01,0.54089
2000-12-04,0.49353
2000-12-05,-0.02247
2000-12-06,-0.76981
2000-12-07,-0.02843
2000-12-08,-0.09064
2000-12-11,-1.31482
2000-12-12,0.63189
2000-12-13,-0.1424
2000-12-14,-0.24542
2000-12-15,-0.57305
2000-12-18,0.25417
2000-12-19,0.21888
2000-12-20,1.07954
2000-12-21,0.27096
2000-12-22,-0.34341
2000-12-25,-0.07733
2000-12-26,0.39089
2000-12-27,-0.87218
2000-12-28,-0.22082
2000-12-29,0.95853
2001-01-01,0.0
2001-01-02,1.436
2001-01-03,0.96657
2001-01-04,-0.30604
2001-01-05,0.37193
2001-01-08,-1.09952
2001-01-09,-0.04378
2001-01-10,1.15788
2001-01-11,-0.30485
2001-01-12,-0.68137
2001-01-15,-3.49597
2001-01-16,0.65959
2001-01-17,-0.55435
2001-01-18,0.41837
2001-01-19,1.09524
2001-01-22,0.0
2001-01-23,0.0
2001-01-24,0.0
2001-01-25,0.0
2001-01-26,0.0
2001-01-29,0.0
2001-01-30,0.0
2001-01-31,0.0
2001-02-01,0.0
2001-02-02,0.0
2001-02-05,-2.82714
2001-02-06,-0.63547
2001-02-07,-0.77329
2001-02-08,-2.5474
2001-02-09,1.38048
2001-02-12,0.21694
2001-02-13,0.11771
2001-02-14,-0.01681
2001-02-15,-0.85532
2001-02-16,-0.23248
2001-02-19,1.30913
2001-02-20,-0.73098
2001-02-21,-2.27269
2001-02-22,-0.10847
2001-02-23,1.51371
2001-02-26,0.94269
2001-02-27,0.37531
2001-02-28,-0.14587
2001-03-01,0.30273
2001-03-02,1.0121
2001-03-05,-0.04585
2001-03-06,0.2949
2001-03-07,0.05626
2001-03-08,0.48697
2001-03-09,0.53632
2001-03-12,0.04423
2001-03-13,-0.69056
2001-03-14,0.99171
2001-03-15,0.19697
2001-03-16,-0.11675
2001-03-19,0.80753
2001-03-20,0.44925
2001-03-21,1.00191
2001-03-22,1.01784
2001-03-23,-1.64164
2001-03-26,1.75415
2001-03-27,0.82819
2001-03-28,-0.01851
2001-03-29,-0.24759
2001-03-30,0.52724
2001-04-02,0.58096
2001-04-03,-0.09557
2001-04-04,-1.53452
2001-04-05,1.04109
2001-04-06,-0.18905
2001-04-09,0.41458
2001-04-10,0.52334
2001-04-11,0.13709
2001-04-12,0.15939
2001-04-13,0.4953
2001-04-16,1.05067
2001-04-17,0.3968
2001-04-18,-0.18946
2001-04-19,0.01427
2001-04-20,-0.94979
2001-04-23,-0.08832
2001-04-24,0.72928
2001-04-25,-2.19314
2001-04-26,-0.66853
2001-04-27,0.47629
2001-04-30,0.19224
2001-05-01,0.0
2001-05-02,0.0
2001-05-03,0.0
2001-05-04,0.0
2001-05-07,0.0
2001-05-08,0.88369
2001-05-09,-0.23883
2001-05-10,0.67241
2001-05-11,0.3779
2001-05-14,1.06418
2001-05-15,0.57626
2001-05-16,0.38446
2001-05-17,-0.22075
2001-05-18,0.39654
2001-05-21,0.46276
2001-05-22,-0.14693
2001-05-23,-0.5785
2001-05-24,0.0323
2001-05-25,-0.21494
2001-05-28,-0.63477
2001-05-29,0.02661
2001-05-30,1.4082
2001-05-31,0.13829
2001-06-01,0.24042
2001-06-04,0.32341
2001-06-05,0.36802
2001-06-06,0.15692
2001-06-07,-0.38896
2001-06-08,-0.30273
2001-06-11,-0.38083
2001-06-12,0.37588
2001-06-13,0.8716
2001-06-14,-1.8008
2001-06-15,0.38837
2001-06-18,-1.97877
2001-06-19,0.12909
2001-06-20,-0.33829
2001-06-21,1.19617
2001-06-22,0.76993
2001-06-25,1.08786
2001-06-26,0.15189
2001-06-27,-0.16848
2001-06-28,-0.4756
2001-06-29,-0.05499
2001-07-02,-0.5443
2001-07-03,0.26438
2001-07-04,-0.44269
2001-07-05,-0.93072
2001-07-06,-0.51193
2001-07-09,-0.03963
2001-07-10,0.92306
2001-07-11,-0.96547
2001-07-12,-0.14997
2001-07-13,-0.19183
2001-07-16,-0.70109
2001-07-17,-0.24538
2001-07-18,0.25936
2001-07-19,0.17315
2001-07-20,1.35618
2001-07-23,-0.48797
2001-07-24,-1.51253
2001-07-25,-1.13871
2001-07-26,-0.86776
2001-07-27,-1.35972
2001-07-30,-5.4163
2001-07-31,-1.88289
2001-08-01,3.40989
2001-08-02,-1.51678
2001-08-03,0.0853
2001-08-06,-3.98718
2001-08-07,1.15161
2001-08-08,-0.46116
2001-08-09,1.54044
2001-08-10,1.56977
2001-08-13,0.00307
2001-08-14,-0.79905
2001-08-15,0.40238
2001-08-16,-1.43317
2001-08-17,0.22635
2001-08-20,0.54374
2001-08-21,0.22616
2001-08-22,-1.84373
2001-08-23,-0.02417
2001-08-24,-0.85441
2001-08-27,-3.20702
2001-08-28,0.87942
2001-08-29,0.22488
2001-08-30,-0.42906
2001-08-31,-0.29888
2001-09-03,-0.92844
2001-09-04,2.45531
2001-09-05,0.31684
2001-09-06,-0.3598
2001-09-07,-2.87291
2001-09-10,2.60234
2001-09-11,0.38975
2001-09-12,-0.60166
2001-09-13,-0.68734
2001-09-14,-1.17707
2001-09-17,-1.87461
2001-09-18,0.78198
2001-09-19,1.32937
2001-09-20,-0.23454
2001-09-21,-0.62889
2001-09-24,-0.66963
2001-09-25,-0.06019
2001-09-26,-1.46394
2001-09-27,-0.16305
2001-09-28,-0.0034
2001-10-01,0.0
2001-10-02,0.0
2001-10-03,0.0
2001-10-04,0.0
2001-10-05,0.0
2001-10-08,-2.19634
2001-10-09,1.04346
2001-10-10,-3.38276
2001-10-11,-2.90432
2001-10-12,3.18378
2001-10-15,-0.23974
2001-10-16,-1.87731
2001-10-17,-0.77782
2001-10-18,-1.68724
2001-10-19,-2.70591
2001-10-22,-3.34839
2001-10-23,9.40079
2001-10-24,2.80368
2001-10-25,-2.44875
2001-10-26,0.08228
2001-10-29,1.33795
2001-10-30,-1.04693
2001-10-31,0.3796
2001-11-01,1.09394
2001-11-02,-0.96497
2001-11-05,-0.69892
2001-11-06,-0.4948
2001-11-07,-4.73119
2001-11-08,0.73877
2001-11-09,1.51352
2001-11-12,-0.56404
2001-11-13,-0.32498
2001-11-14,0.07238
2001-11-15,0.26185
2001-11-16,1.55568
2001-11-19,1.3948
2001-11-20,1.77117
2001-11-21,0.34827
2001-11-22,0.59331
2001-11-23,-0.18959
2001-11-26,-0.39024
2001-11-27,0.9742
2001-11-28,0.71784
2001-11-29,-0.15574
2001-11-30,0.90166
2001-12-03,0.83007
2001-12-04,0.40314
2001-12-05,-1.39124
2001-12-06,0.34035
2001-12-07,-0.33004
2001-12-10,0.18717
2001-12-11,-1.13874
2001-12-12,-0.79616
2001-12-13,-1.59619
2001-12-14,-0.74327
2001-12-17,-0.57281
2001-12-18,1.27342
2001-12-19,-0.86846
2001-12-20,-2.49147
2001-12-21,0.52572
2001-12-24,-2.09727
2001-12-25,0.31517
2001-12-26,1.385
2001-12-27,-0.35075
2001-12-28,0.7076
2001-12-31,0.39508
2002-01-01,0.0
2002-01-02,0.0
2002-01-03,0.0
2002-01-04,-2.12327
2002-01-07,-0.91206
2002-01-08,-0.83642
2002-01-09,-1.40615
2002-01-10,0.96183
2002-01-11,-2.62545
2002-01-14,-3.34258
2002-01-15,-1.72922
2002-01-16,1.35886
2002-01-17,-4.14665
2002-01-18,-0.28783
2002-01-21,-3.48438
2002-01-22,-0.60756
2002-01-23,6.15606
2002-01-24,0.7886
2002-01-25,-0.33839
2002-01-28,-6.543
2002-01-29,2.4148
2002-01-30,0.2739
2002-01-31,6.58556
2002-02-01,-0.39631
2002-02-04,1.70569
2002-02-05,0.45881
2002-02-06,-2.16248
2002-02-07,1.97195
2002-02-08,-0.58107
2002-02-11,0.0
2002-02-12,0.0
2002-02-13,0.0
2002-02-14,0.0
2002-02-15,0.0
2002-02-18,0.0
2002-02-19,0.0
2002-02-20,0.0
2002-02-21,0.0
2002-02-22,0.0
2002-02-25,1.55886
2002-02-26,0.07512
2002-02-27,0.4489
2002-02-28,-0.88932
2002-03-01,-1.46407
2002-03-04,1.6017
2002-03-05,2.15631
2002-03-06,0.58352
2002-03-07,2.75235
2002-03-08,1.6759
2002-03-11,1.44237
2002-03-12,-1.23347
2002-03-13,-1.24025
2002-03-14,2.5374
2002-03-15,-2.68843
2002-03-18,0.17874
2002-03-19,2.5223
2002-03-20,1.02454
2002-03-21,0.14907
2002-03-22,-0.91395
2002-03-25,0.33483
2002-03-26,-1.55262
2002-03-27,0.28756
2002-03-28,-0.21544
2002-03-29,-2.87369
2002-04-01,0.28639
2002-04-02,-1.60623
2002-04-03,0.73205
2002-04-04,2.91658
2002-04-05,-0.43097
2002-04-08,0.36699
2002-04-09,1.6245
2002-04-10,0.60625
2002-04-11,-1.69096
2002-04-12,0.57126
2002-04-15,-0.57307
2002-04-16,-0.55992
2002-04-17,0.25025
2002-04-18,-0.99373
2002-04-19,0.43085
2002-04-22,-0.4714
2002-04-23,-0.1802
2002-04-24,-0.83447
2002-04-25,0.30183
2002-04-26,1.51515
2002-04-29,1.52556
2002-04-30,0.11639
2002-05-01,0.0
2002-05-02,0.0
2002-05-03,0.0
2002-05-06,0.0
2002-05-07,0.0
2002-05-08,-0.92648
2002-05-09,-0.10839
2002-05-10,-0.75287
2002-05-13,-0.87428
2002-05-14,-0.4759
2002-05-15,-1.11244
2002-05-16,-3.10395
2002-05-17,1.15497
2002-05-20,-1.67066
2002-05-21,2.97692
2002-05-22,-1.49847
2002-05-23,0.45407
2002-05-24,-1.41876
2002-05-27,0.35948
2002-05-28,0.2229
2002-05-29,-2.18668
2002-05-30,-0.08464
2002-05-31,-0.51263
2002-06-03,-2.15941
2002-06-04,0.48153
2002-06-05,-1.9313
2002-06-06,3.97336
2002-06-07,0.54085
2002-06-10,-0.80611
2002-06-11,0.90087
2002-06-12,-0.40055
2002-06-13,-0.8648
2002-06-14,-1.16171
2002-06-17,0.13309
2002-06-18,1.84291
2002-06-19,-1.0819
2002-06-20,0.56088
2002-06-21,3.02537
2002-06-24,8.84911
2002-06-25,-0.04218
2002-06-26,0.36965
2002-06-27,0.61924
2002-06-28,0.53294
2002-07-01,-1.10607
2002-07-02,0.65433
2002-07-03,0.3455
2002-07-04,-1.03251
2002-07-05,0.52688
2002-07-08,0.62169
2002-07-09,-0.1698
2002-07-10,-1.64174
2002-07-11,-0.28716
2002-07-12,0.08011
2002-07-15,-0.61189
2002-07-16,0.21778
2002-07-17,0.59529
2002-07-18,0.18728
2002-07-19,0.52358
2002-07-22,-1.93533
2002-07-23,-0.42625
2002-07-24,-0.08726
2002-07-25,-0.43685
2002-07-26,-0.45807
2002-07-29,0.4917
2002-07-30,0.19972
2002-07-31,-1.04862
2002-08-01,0.08594
2002-08-02,0.53456
2002-08-05,-0.47711
2002-08-06,1.00224
2002-08-07,-0.15335
2002-08-08,-0.49642
2002-08-09,-0.77113
2002-08-12,-0.7606
2002-08-13,0.12595
2002-08-14,0.61462
2002-08-15,-0.7528
2002-08-16,0.75705
2002-08-19,-0.15132
2002-08-20,1.63169
2002-08-21,0.13154
2002-08-22,0.7477
2002-08-23,-0.17214
2002-08-26,-0.7466
2002-08-27,0.53725
2002-08-28,-0.17399
2002-08-29,-0.56518
2002-08-30,-0.04199
2002-09-02,0.12892
2002-09-03,0.3171
2002-09-04,-0.60515
2002-09-05,-1.3407
2002-09-06,-0.6373
2002-09-09,-0.60253
2002-09-10,0.21745
2002-09-11,-0.29333
2002-09-12,0.25948
2002-09-13,0.07384
2002-09-16,-1.3425
2002-09-17,0.04986
2002-09-18,-0.64386
2002-09-19,1.54145
2002-09-20,-0.89572
2002-09-23,-0.14466
2002-09-24,-0.36633
2002-09-25,0.06949
2002-09-26,-0.63978
2002-09-27,-0.38053
2002-09-30,0.0
2002-10-01,0.0
2002-10-02,0.0
2002-10-03,0.0
2002-10-04,0.0
2002-10-07,0.0
2002-10-08,-1.1849
2002-10-09,-1.78293
2002-10-10,-0.32357
2002-10-11,-0.41644
2002-10-14,0.49939
2002-10-15,-0.45478
2002-10-16,0.82688
2002-10-17,-1.59256
2002-10-18,0.42471
2002-10-21,0.35408
2002-10-22,1.50799
2002-10-23,0.05554
2002-10-24,-0.80636
2002-10-25,-1.06059
2002-10-28,-1.16375
2002-10-29,0.54155
2002-10-30,-0.07747
2002-10-31,-0.14649
2002-11-01,0.21602
2002-11-04,1.38568
2002-11-05,1.70874
2002-11-06,-0.36518
2002-11-07,0.10815
2002-11-08,-2.08366
2002-11-11,-1.17559
2002-11-12,-1.23668
2002-11-13,0.30574
2002-11-14,-2.01006
2002-11-15,0.19764
2002-11-18,-0.85078
2002-11-19,0.74688
2002-11-20,-2.51605
2002-11-21,-2.50042
2002-11-22,0.34959
2002-11-25,0.21046
2002-11-26,-1.96929
2002-11-27,0.55129
2002-11-28,2.77386
2002-11-29,1.16773
2002-12-02,-2.72115
2002-12-03,0.93849
2002-12-04,0.39741
2002-12-05,-0.67889
2002-12-06,0.04626
2002-12-09,-0.3321
2002-12-10,-1.22312
2002-12-11,-0.33659
2002-12-12,0.34165
2002-12-13,0.93427
2002-12-16,0.8284
2002-12-17,0.53671
2002-12-18,-0.30978
2002-12-19,0.13308
2002-12-20,1.00932
2002-12-23,0.15814
2002-12-24,0.04404
2002-12-25,-0.6528
2002-12-26,-2.66405
2002-12-27,-0.08529
2002-12-30,-1.20831
2002-12-31,-0.6395
2003-01-01,0.0
2003-01-02,-2.76464
2003-01-03,-0.05756
2003-01-06,1.11583
2003-01-07,-0.19649
2003-01-08,2.95939
2003-01-09,1.82785
2003-01-10,-0.9
2003-01-13,0.10465
2003-01-14,5.64717
2003-01-15,-0.47356
2003-01-16,1.74506
2003-01-17,-0.46824
2003-01-20,0.27015
2003-01-21,-1.8921
2003-01-22,0.38691
2003-01-23,-0.68083
2003-01-24,1.94225
2003-01-27,1.14883
2003-01-28,0.29899
2003-01-29,-0.05533
2003-01-30,0.0
2003-01-31,0.0
2003-02-03,0.0
2003-02-04,0.0
2003-02-05,0.0
2003-02-06,0.0
2003-02-07,0.0
2003-02-10,-1.31815
2003-02-11,0.84698
2003-02-12,1.19265
2003-02-13,-0.4199
2003-02-14,0.43843
2003-02-17,-0.95962
2003-02-18,-0.00334
2003-02-19,0.95303
2003-02-20,-0.08675
2003-02-21,-2.04936
2003-02-24,0.20738
2003-02-25,1.96049
2003-02-26,0.12564
2003-02-27,0.03436
2003-02-28,-0.117
2003-03-03,0.89221
2003-03-04,-0.07738
2003-03-05,-0.46819
2003-03-06,-1.24955
2003-03-07,-0.351
2003-03-10,-1.63204
2003-03-11,0.04288
2003-03-12,0.37085
2003-03-13,-0.70485
2003-03-14,0.09486
2003-03-17,0.22008
2003-03-18,-0.64046
2003-03-19,0.68741
2003-03-20,-0.3694
2003-03-21,0.68863
2003-03-24,0.21067
2003-03-25,-1.04553
2003-03-26,-0.42005
2003-03-27,2.91533
2003-03-28,-0.49544
2003-03-31,1.24164
2003-04-01,0.78929
2003-04-02,-0.08082
2003-04-03,-0.63237
2003-04-04,0.61988
2003-04-07,-0.39522
2003-04-08,0.35709
2003-04-09,1.50906
2003-04-10,0.48532
2003-04-11,1.64196
2003-04-14,2.45617
2003-04-15,0.94842
2003-04-16,-1.55854
2003-04-17,0.45717
2003-04-18,-0.65409
2003-04-21,-1.97626
2003-04-22,-0.19233
2003-04-23,-1.71865
2003-04-24,-2.51988
2003-04-25,-1.0994
2003-04-28,3.34198
2003-04-29,-1.86287
2003-04-30,0.80047
2003-05-01,0.0
2003-05-02,0.0
2003-05-05,0.0
2003-05-06,0.0
2003-05-07,0.0
2003-05-08,0.0
2003-05-09,0.0
2003-05-12,0.6832
2003-05-13,-3.08657
2003-05-14,2.5006
2003-05-15,2.10325
2003-05-16,-0.05402
2003-05-19,0.06431
2003-05-20,-1.28958
2003-05-21,-0.13294
2003-05-22,0.82024
2003-05-23,0.95525
2003-05-26,0.54689
2003-05-27,-0.07457
2003-05-28,-1.05957
2003-05-29,1.0481
2003-05-30,0.5152
2003-06-02,0.01713
2003-06-03,-0.91055
2003-06-04,0.75693
2003-06-05,-1.1411
2003-06-06,-1.11982
2003-06-09,-0.56759
2003-06-10,0.55719
2003-06-11,1.74455
2003-06-12,-0.23849
2003-06-13,0.29787
2003-06-16,-0.45227
2003-06-17,-0.1617
2003-06-18,-0.21215
2003-06-19,-0.97846
2003-06-20,-0.60491
2003-06-23,-1.19114
2003-06-24,0.07077
2003-06-25,-0.68668
2003-06-26,0.88154
2003-06-27,-1.21697
2003-06-30,-0.73951
2003-07-01,-0.08887
2003-07-02,1.0039
2003-07-03,0.3169
2003-07-04,-0.13902
2003-07-07,-0.05793
2003-07-08,0.69952
2003-07-09,-0.57772
2003-07-10,1.8859
2003-07-11,-0.20126
2003-07-14,-0.48783
2003-07-15,0.26454
2003-07-16,0.26515
2003-07-17,0.64324
2003-07-18,-2.11397
2003-07-21,-0.75057
2003-07-22,0.17299
2003-07-23,0.24462
2003-07-24,-0.58085
2003-07-25,-1.06359
2003-07-28,-0.49253
2003-07-29,0.46884
2003-07-30,0.15895
2003-07-31,-0.19686
2003-08-01,0.01557
2003-08-04,1.17053
2003-08-05,-0.00335
2003-08-06,-0.54084
2003-08-07,0.07533
2003-08-08,-1.08835
2003-08-11,0.21319
2003-08-12,0.32976
2003-08-13,-0.91338
2003-08-14,-0.67974
2003-08-15,-0.39228
2003-08-18,-0.35299
2003-08-19,0.31919
2003-08-20,-0.55683
2003-08-21,-0.03955
2003-08-22,-0.15347
2003-08-25,-1.16741
2003-08-26,0.21283
2003-08-27,0.01052
2003-08-28,-0.68074
2003-08-29,0.44332
2003-09-01,1.93891
2003-09-02,-0.22857
2003-09-03,0.09259
2003-09-04,-0.02901
2003-09-05,-1.10458
2003-09-08,-0.40598
2003-09-09,-0.39778
2003-09-10,0.21876
2003-09-11,0.05479
2003-09-12,-1.04479
2003-09-15,-0.82802
2003-09-16,0.61064
2003-09-17,-1.16457
2003-09-18,0.04748
2003-09-19,0.06399
2003-09-22,-0.71624
2003-09-23,0.62996
2003-09-24,0.29162
2003-09-25,-1.29508
2003-09-26,-0.39678
2003-09-29,-1.13787
2003-09-30,0.86906
2003-10-01,0.0
2003-10-02,0.0
2003-10-03,0.0
2003-10-06,0.0
2003-10-07,0.0
2003-10-08,0.3308
2003-10-09,-0.18388
2003-10-10,2.51277
2003-10-13,-0.31031
2003-10-14,-0.8243
2003-10-15,-0.3659
2003-10-16,-1.27994
2003-10-17,0.3706
2003-10-20,-0.8117
2003-10-21,0.35245
2003-10-22,2.44083
2003-10-23,-0.8159
2003-10-24,-0.34821
2003-10-27,-0.89922
2003-10-28,-0.01022
2003-10-29,-0.57346
2003-10-30,-1.24608
2003-10-31,0.27257
2003-11-03,1.1621
2003-11-04,1.85144
2003-11-05,-0.32004
2003-11-06,-2.06579
2003-11-07,-1.60405
2003-11-10,0.36631
2003-11-11,0.26232
2003-11-12,-1.94114
2003-11-13,0.13801
2003-11-14,0.86319
2003-11-17,-0.22188
2003-11-18,-0.87271
2003-11-19,1.68037
2003-11-20,2.77253
2003-11-21,-1.09202
2003-11-24,3.07013
2003-11-25,0.31361
2003-11-26,0.24749
2003-11-27,-1.62873
2003-11-28,0.58285
2003-12-01,2.50762
2003-12-02,0.18201
2003-12-03,0.67492
2003-12-04,0.53695
2003-12-05,-0.11639
2003-12-08,-1.00147
2003-12-09,0.46597
2003-12-10,1.78871
2003-12-11,0.04082
2003-12-12,0.05237
2003-12-15,-0.02924
2003-12-16,-0.27378
2003-12-17,-0.8458
2003-12-18,0.22739
2003-12-19,-0.75838
2003-12-22,3.17591
2003-12-23,0.5131
2003-12-24,0.87446
2003-12-25,-0.08062
2003-12-26,0.14402
2003-12-29,-1.21879
2003-12-30,1.0146
2003-12-31,-0.97384
2004-01-01,0.0
2004-01-02,1.33701
2004-01-05,3.31642
2004-01-06,0.39264
2004-01-07,0.8021
2004-01-08,1.43435
2004-01-09,-1.79601
2004-01-12,2.31574
2004-01-13,-0.36148
2004-01-14,-1.26425
2004-01-15,-0.37308
2004-01-16,0.87483
2004-01-19,0.0
2004-01-20,0.0
2004-01-21,0.0
2004-01-22,0.0
2004-01-23,0.0
2004-01-26,0.0
2004-01-27,0.0
2004-01-28,0.0
2004-01-29,1.75958
2004-01-30,-2.36751
2004-02-02,2.06253
2004-02-03,1.55205
2004-02-04,2.15217
2004-02-05,0.48955
2004-02-06,-0.84445
2004-02-09,1.4391
2004-02-10,-0.73766
2004-02-11,-0.78664
2004-02-12,-0.83374
2004-02-13,-0.31845
2004-02-16,2.28241
2004-02-17,0.40816
2004-02-18,0.77934
2004-02-19,-0.00466
2004-02-20,0.2751
2004-02-23,-2.35658
2004-02-24,0.03865
2004-02-25,-2.09758
2004-02-26,0.45544
2004-02-27,1.21144
2004-03-01,0.87316
2004-03-02,-0.14687
2004-03-03,-1.52104
2004-03-04,0.42394
2004-03-05,-0.40649
2004-03-08,-1.5131
2004-03-09,-0.00244
2004-03-10,2.47179
2004-03-11,0.80541
2004-03-12,0.18309
2004-03-15,2.4181
2004-03-16,0.53536
2004-03-17,-0.02521
2004-03-18,-1.60819
2004-03-19,1.76679
2004-03-22,0.4464
2004-03-23,-0.8006
2004-03-24,-0.09421
2004-03-25,-0.20538
2004-03-26,-0.14004
2004-03-29,-0.83273
2004-03-30,0.26772
2004-03-31,1.00061
2004-04-01,0.94464
2004-04-02,0.59544
2004-04-05,-0.12277
2004-04-06,0.62303
2004-04-07,-0.16723
2004-04-08,-0.24091
2004-04-09,-2.45493
2004-04-12,-0.25273
2004-04-13,-0.45664
2004-04-14,-1.05384
2004-04-15,-1.07102
2004-04-16,0.87639
2004-04-19,-1.06656
2004-04-20,-0.38681
2004-04-21,-1.07439
2004-04-22,0.3753
2004-04-23,-1.35368
2004-04-26,0.0
2004-04-27,-1.45598
2004-04-28,-0.31442
2004-04-29,-1.71679
2004-04-30,1.01669
2004-05-03,0.0
2004-05-04,0.0
2004-05-05,0.0
2004-05-06,0.0
2004-05-07,0.0
2004-05-10,-2.24231
2004-05-11,0.50188
2004-05-12,2.25179
2004-05-13,-0.38734
2004-05-14,-2.2075
2004-05-17,-1.46523
2004-05-18,1.0002
2004-05-19,0.18306
2004-05-20,-0.59408
2004-05-21,0.59664
2004-05-24,-0.5134
2004-05-25,-2.10541
2004-05-26,0.42005
2004-05-27,2.12494
2004-05-28,-0.54477
2004-05-31,0.46318
2004-06-01,1.51491
2004-06-02,-0.8002
2004-06-03,-1.51356
2004-06-04,-0.09334
2004-06-07,-1.63051
2004-06-08,-1.55037
2004-06-09,-1.73813
2004-06-10,0.01839
2004-06-11,0.25371
2004-06-14,-2.29018
2004-06-15,1.72544
2004-06-16,0.79206
2004-06-17,-2.04874
2004-06-18,-1.26707
2004-06-21,0.43135
2004-06-22,1.19343
2004-06-23,-0.68825
2004-06-24,-0.90502
2004-06-25,-1.8835
2004-06-28,-1.14347
2004-06-29,1.68301
2004-06-30,-0.67881
2004-07-01,2.95138
2004-07-02,0.00833
2004-07-05,0.23564
2004-07-06,0.40828
2004-07-07,-0.83769
2004-07-08,0.09589
2004-07-09,-0.63614
2004-07-12,-2.36944
2004-07-13,0.1652
2004-07-14,0.30679
2004-07-15,1.25864
2004-07-16,2.40414
2004-07-19,0.09679
2004-07-20,-0.66082
2004-07-21,0.00691
2004-07-22,-2.84385
2004-07-23,-0.00284
2004-07-26,-1.41179
2004-07-27,-0.25543
2004-07-28,0.33755
2004-07-29,1.3247
2004-07-30,-1.51281
2004-08-02,-0.94078
2004-08-03,-0.50813
2004-08-04,2.76114
2004-08-05,-1.10756
2004-08-06,0.10218
2004-08-09,0.38689
2004-08-10,0.35185
2004-08-11,-1.13508
2004-08-12,-1.21753
2004-08-13,0.01827
2004-08-16,-1.02389
2004-08-17,0.4192
2004-08-18,-0.14567
2004-08-19,-1.31696
2004-08-20,0.09619
2004-08-23,-1.22454
2004-08-24,1.4397
2004-08-25,-0.36135
2004-08-26,-0.40087
2004-08-27,-1.0403
2004-08-30,-0.09091
2004-08-31,1.70211
2004-09-01,-1.54686
2004-09-02,0.48842
2004-09-03,-0.06102
2004-09-06,-0.4274
2004-09-07,0.21393
2004-09-08,-1.13609
2004-09-09,-1.92939
2004-09-10,0.21545
2004-09-13,-2.10104
2004-09-14,3.12755
2004-09-15,4.133
2004-09-16,1.17151
2004-09-17,3.12312
2004-09-20,3.3722
2004-09-21,-1.00695
2004-09-22,-1.98075
2004-09-23,3.09426
2004-09-24,-2.015
2004-09-27,-0.57004
2004-09-28,0.57213
2004-09-29,-1.0912
2004-09-30,-1.65516
2004-10-01,0.0
2004-10-04,0.0
2004-10-05,0.0
2004-10-06,0.0
2004-10-07,0.0
2004-10-08,1.86058
2004-10-11,-0.68969
2004-10-12,-2.05255
2004-10-13,0.16455
2004-10-14,-3.95542
2004-10-15,-0.18172
2004-10-18,0.36535
2004-10-19,0.16685
2004-10-20,-0.5277
2004-10-21,-1.5168
2004-10-22,1.42432
2004-10-25,-1.37855
2004-10-26,1.03418
2004-10-27,1.35106
2004-10-28,-0.07897
2004-10-29,-1.59265
2004-11-01,-1.16155
2004-11-02,-0.28847
2004-11-03,1.91918
2004-11-04,-1.66979
2004-11-05,0.02682
2004-11-08,-0.06898
2004-11-09,0.24505
2004-11-10,3.52878
2004-11-11,-0.54193
2004-11-12,0.38158
2004-11-15,1.30995
2004-11-16,0.02481
2004-11-17,-1.04529
2004-11-18,0.85831
2004-11-19,0.8829
2004-11-22,0.2215
2004-11-23,-0.85541
2004-11-24,-0.8878
2004-11-25,-0.05814
2004-11-26,-0.11786
2004-11-29,-1.43275
2004-11-30,0.24942
2004-12-01,-0.43577
2004-12-02,-0.13868
2004-12-03,0.30783
2004-12-06,0.1823
2004-12-07,-1.19323
2004-12-08,0.203
2004-12-09,0.92825
2004-12-10,-1.58782
2004-12-13,-0.61125
2004-12-14,-0.16353
2004-12-15,0.41975
2004-12-16,-0.61343
2004-12-17,-1.11964
2004-12-20,-1.17151
2004-12-21,-0.02274
2004-12-22,2.50909
2004-12-23,-1.91876
2004-12-24,0.1807
2004-12-27,-0.37189
2004-12-28,-0.10394
2004-12-29,-0.36268
2004-12-30,-0.0471
2004-12-31,-0.56767
2005-01-03,0.0
2005-01-04,-1.89144
2005-01-05,0.73516
2005-01-06,-1.00428
2005-01-07,0.42831
2005-01-10,0.6127
2005-01-11,0.40321
2005-01-12,-0.04295
2005-01-13,-0.04854
2005-01-14,-0.85455
2005-01-17,-2.35322
2005-01-18,0.72069
2005-01-19,-0.60076
2005-01-20,-1.13273
2005-01-21,2.46766
2005-01-24,1.71071
2005-01-25,-0.12351
2005-01-26,-0.98311
2005-01-27,-1.30237
2005-01-28,-1.00183
2005-01-31,-1.81673
2005-02-01,-0.24278
2005-02-02,5.20878
2005-02-03,-0.8169
2005-02-04,2.12566
2005-02-07,0.0
2005-02-08,0.0
2005-02-09,0.0
2005-02-10,0.0
2005-02-11,0.0
2005-02-14,0.0
2005-02-15,0.0
2005-02-16,0.77555
2005-02-17,-0.21526
2005-02-18,-1.35381
2005-02-21,2.006
2005-02-22,1.91234
2005-02-23,0.01451
2005-02-24,0.03665
2005-02-25,0.1899
2005-02-28,-0.4919
2005-03-01,-0.19851
2005-03-02,-1.23204
2005-03-03,0.53374
2005-03-04,-0.51355
2005-03-07,0.46718
2005-03-08,1.8783
2005-03-09,-0.11233
2005-03-10,-2.34815
2005-03-11,0.28802
2005-03-14,0.2756
2005-03-15,-1.90122
2005-03-16,-1.07339
2005-03-17,-0.96997
2005-03-18,-1.30077
2005-03-21,0.29694
2005-03-22,-1.97958
2005-03-23,-0.4376
2005-03-24,0.54278
2005-03-25,-0.21211
2005-03-28,-0.4589
2005-03-29,-0.42503
2005-03-30,-1.8965
2005-03-31,0.73668
2005-04-01,3.52081
2005-04-04,-1.69793
2005-04-05,-0.93791
2005-04-06,1.92227
2005-04-07,0.87037
2005-04-08,1.86181
2005-04-11,-0.60655
2005-04-12,-1.74442
2005-04-13,2.32534
2005-04-14,-1.11742
2005-04-15,-1.41724
2005-04-18,-1.59278
2005-04-19,0.18101
2005-04-20,-1.31792
2005-04-21,-0.98696
2005-04-22,-0.28782
2005-04-25,-0.96427
2005-04-26,0.63358
2005-04-27,-1.43212
2005-04-28,1.75682
2005-04-29,-0.85644
2005-05-02,0.0
2005-05-03,0.0
2005-05-04,0.0
2005-05-05,0.0
2005-05-06,0.0
2005-05-09,-2.47351
2005-05-10,0.4174
2005-05-11,-0.9992
2005-05-12,-1.8203
2005-05-13,0.32917
2005-05-16,-1.10391
2005-05-17,0.37994
2005-05-18,0.30146
2005-05-19,0.04623
2005-05-20,-0.38134
2005-05-23,-2.62029
2005-05-24,0.28069
2005-05-25,-0.15937
2005-05-26,-1.24543
2005-05-27,-0.65567
2005-05-30,0.77743
2005-05-31,0.05469
2005-06-01,-2.05252
2005-06-02,-2.25092
2005-06-03,-0.23846
2005-06-06,2.02544
2005-06-07,-0.33312
2005-06-08,7.89034
2005-06-09,1.3772
2005-06-10,-2.03281
2005-06-13,-0.18062
2005-06-14,-1.16651
2005-06-15,-1.90376
2005-06-16,1.22011
2005-06-17,-0.03684
2005-06-20,2.72683
2005-06-21,-1.27465
2005-06-22,0.04901
2005-06-23,-0.75875
2005-06-24,0.74514
2005-06-27,2.04452
2005-06-28,-1.4374
2005-06-29,-0.32527
2005-06-30,-2.20053
2005-07-01,-2.37312
2005-07-04,-0.79035
2005-07-05,-0.78991
2005-07-06,-0.52977
2005-07-07,0.48742
2005-07-08,-2.00534
2005-07-11,-0.63859
2005-07-12,3.36919
2005-07-13,-0.84184
2005-07-14,0.29165
2005-07-15,-1.38495
2005-07-18,-1.37476
2005-07-19,0.22206
2005-07-20,0.65835
2005-07-21,-0.04114
2005-07-22,2.48592
2005-07-25,-0.08797
2005-07-26,2.58818
2005-07-27,1.58137
2005-07-28,-0.30876
2005-07-29,-0.32449
2005-08-01,0.54513
2005-08-02,1.37622
2005-08-03,0.33096
2005-08-04,-0.46238
2005-08-05,2.344
2005-08-08,0.89434
2005-08-09,1.19142
2005-08-10,1.07873
2005-08-11,1.57969
2005-08-12,-1.33194
2005-08-15,1.62132
2005-08-16,-0.82308
2005-08-17,1.31219
2005-08-18,-3.82725
2005-08-19,0.18623
2005-08-22,0.72939
2005-08-23,-0.74852
2005-08-24,1.48292
2005-08-25,0.45563
2005-08-26,-0.05204
2005-08-29,-1.49855
2005-08-30,-0.69888
2005-08-31,1.4213
2005-09-01,1.88528
2005-09-02,0.33028
2005-09-05,0.61801
2005-09-06,-1.93292
2005-09-07,1.77313
2005-09-08,0.00837
2005-09-09,-0.40184
2005-09-12,-0.1186
2005-09-13,1.58225
2005-09-14,0.83319
2005-09-15,0.00164
2005-09-16,-0.35635
2005-09-19,0.63117
2005-09-20,-0.65838
2005-09-21,-2.05205
2005-09-22,-2.38773
2005-09-23,-0.69033
2005-09-26,0.26528
2005-09-27,-1.90542
2005-09-28,-0.1298
2005-09-29,2.07331
2005-09-30,0.01125
2005-10-03,0.0
2005-10-04,0.0
2005-10-05,0.0
2005-10-06,0.0
2005-10-07,0.0
2005-10-10,-1.45216
2005-10-11,1.58879
2005-10-12,0.40189
2005-10-13,-0.79846
2005-10-14,-1.13955
2005-10-17,-0.71953
2005-10-18,0.86422
2005-10-19,-0.57914
2005-10-20,0.11803
2005-10-21,0.47162
2005-10-24,-0.01314
2005-10-25,-1.70125
2005-10-26,-2.23165
2005-10-27,0.05649
2005-10-28,-1.55237
2005-10-31,1.09952
2005-11-01,-0.26297
2005-11-02,1.35234
2005-11-03,-0.86544
2005-11-04,0.43547
2005-11-07,0.05453
2005-11-08,0.85942
2005-11-09,-0.18032
2005-11-10,-1.80751
2005-11-11,0.17351
2005-11-14,-0.14136
2005-11-15,-0.10477
2005-11-16,0.76761
2005-11-17,-0.05294
2005-11-18,1.96091
2005-11-21,0.26286
2005-11-22,-1.91839
2005-11-23,0.64326
2005-11-24,0.68676
2005-11-25,0.13912
2005-11-28,-0.36842
2005-11-29,-1.25284
2005-11-30,0.20672
2005-12-01,-0.04641
2005-12-02,-0.40674
2005-12-05,-1.38857
2005-12-06,0.79281
2005-12-07,1.08075
2005-12-08,-0.11738
2005-12-09,1.37085
2005-12-12,0.25921
2005-12-13,0.13248
2005-12-14,0.67224
2005-12-15,-0.16274
2005-12-16,0.35094
2005-12-19,0.37534
2005-12-20,0.40475
2005-12-21,-0.49226
2005-12-22,0.39541
2005-12-23,0.8447
2005-12-26,1.03838
2005-12-27,-0.21894
2005-12-28,0.23709
2005-12-29,1.10277
2005-12-30,-0.75507
2006-01-02,0.0
2006-01-03,0.0
2006-01-04,1.69943
2006-01-05,1.37163
2006-01-06,1.00969
2006-01-09,0.51545
2006-01-10,0.40636
2006-01-11,-0.78712
2006-01-12,1.28399
2006-01-13,-0.42808
2006-01-16,-1.53365
2006-01-17,0.46199
2006-01-18,2.04038
2006-01-19,1.46727
2006-01-20,0.29758
2006-01-23,0.03664
2006-01-24,-0.29587
2006-01-25,0.47727
2006-01-26,0.0
2006-01-27,0.0
2006-01-30,0.0
2006-01-31,0.0
2006-02-01,0.0
2006-02-02,0.0
2006-02-03,0.0
2006-02-06,2.32404
2006-02-07,-0.4304
2006-02-08,0.61894
2006-02-09,-1.6105
2006-02-10,1.03523
2006-02-13,-0.23573
2006-02-14,0.52144
2006-02-15,0.99324
2006-02-16,-2.22128
2006-02-17,-0.25374
2006-02-20,0.01026
2006-02-21,1.63386
2006-02-22,-0.32573
2006-02-23,0.3591
2006-02-24,0.62033
2006-02-27,0.02467
2006-02-28,0.14174
2006-03-01,0.58029
2006-03-02,-1.61407
2006-03-03,0.59171
2006-03-06,-0.33692
2006-03-07,-2.27797
2006-03-08,-0.76007
2006-03-09,-0.41754
2006-03-10,0.03854
2006-03-13,1.11923
2006-03-14,-0.05003
2006-03-15,1.24476
2006-03-16,-0.04865
2006-03-17,-0.37191
2006-03-20,1.4825
2006-03-21,0.15356
2006-03-22,0.4878
2006-03-23,0.44245
2006-03-24,-0.59758
2006-03-27,0.09419
2006-03-28,0.22122
2006-03-29,0.52067
2006-03-30,-0.83453
2006-03-31,0.27613
2006-04-03,1.61744
2006-04-04,0.77984
2006-04-05,0.77605
2006-04-06,-0.03134
2006-04-07,0.24006
2006-04-10,1.19319
2006-04-11,0.23151
2006-04-12,-0.15428
2006-04-13,-2.0651
2006-04-14,2.02171
2006-04-17,1.39293
2006-04-18,0.47038
2006-04-19,0.83328
2006-04-20,-0.77626
2006-04-21,2.2044
2006-04-24,-0.4953
2006-04-25,-0.71328
2006-04-26,1.25727
2006-04-27,-0.05292
2006-04-28,1.64445
2006-05-01,0.0
2006-05-02,0.0
2006-05-03,0.0
2006-05-04,0.0
2006-05-05,0.0
2006-05-08,3.8734
2006-05-09,2.24957
2006-05-10,0.94448
2006-05-11,-0.53907
2006-05-12,4.16911
2006-05-15,3.75076
2006-05-16,-3.10276
2006-05-17,0.73493
2006-05-18,-0.48544
2006-05-19,2.58008
2006-05-22,-0.11214
2006-05-23,-3.25817
2006-05-24,-0.85309
2006-05-25,0.03205
2006-05-26,1.40144
2006-05-29,2.12426
2006-05-30,0.52937
2006-05-31,-0.96951
2006-06-01,2.57961
2006-06-02,-0.88205
2006-06-05,0.90757
2006-06-06,-0.32642
2006-06-07,-5.48248
2006-06-08,0.12197
2006-06-09,-2.55258
2006-06-12,0.09149
2006-06-13,-0.27795
2006-06-14,-1.11436
2006-06-15,0.1729
2006-06-16,2.6053
2006-06-19,0.74792
2006-06-20,0.38004
2006-06-21,0.36296
2006-06-22,-0.12836
2006-06-23,0.60217
2006-06-26,1.71283
2006-06-27,0.37275
2006-06-28,-0.01586
2006-06-29,1.953
2006-06-30,0.03529
2006-07-03,1.48809
2006-07-04,-0.9311
2006-07-05,2.17707
2006-07-06,1.32429
2006-07-07,-0.64984
2006-07-10,0.23899
2006-07-11,0.65975
2006-07-12,-0.33335
2006-07-13,-4.9619
2006-07-14,0.56851
2006-07-17,1.05613
2006-07-18,0.08078
2006-07-19,-2.34827
2006-07-20,0.60359
2006-07-21,0.61498
2006-07-24,0.03662
2006-07-25,1.1649
2006-07-26,0.07058
2006-07-27,-0.68297
2006-07-28,-0.78749
2006-07-31,-3.01114
2006-08-01,-0.75436
2006-08-02,0.01624
2006-08-03,0.01187
2006-08-04,-1.94948
2006-08-07,-1.45692
2006-08-08,2.11899
2006-08-09,-0.12725
2006-08-10,1.72646
2006-08-11,-0.00809
2006-08-14,-2.21562
2006-08-15,1.57406
2006-08-16,1.29202
2006-08-17,-0.81249
2006-08-18,-0.33174
2006-08-21,0.19568
2006-08-22,0.75906
2006-08-23,-0.0589
2006-08-24,0.65649
2006-08-25,0.00062
2006-08-28,1.67471
2006-08-29,0.03514
2006-08-30,0.25225
2006-08-31,0.20822
2006-09-01,-1.33221
2006-09-04,1.26466
2006-09-05,0.39499
2006-09-06,0.48199
2006-09-07,-0.65581
2006-09-08,0.40791
2006-09-11,0.41819
2006-09-12,1.23947
2006-09-13,-0.38225
2006-09-14,0.01776
2006-09-15,1.83895
2006-09-18,0.69137
2006-09-19,0.12975
2006-09-20,-0.16091
2006-09-21,0.48656
2006-09-22,-0.89665
2006-09-25,-0.17345
2006-09-26,-0.56652
2006-09-27,0.72142
2006-09-28,0.68862
2006-09-29,0.88612
2006-10-02,0.0
2006-10-03,0.0
2006-10-04,0.0
2006-10-05,0.0
2006-10-06,0.0
2006-10-09,1.86392
2006-10-10,-0.02969
2006-10-11,0.29315
2006-10-12,-0.66811
2006-10-13,0.36376
2006-10-16,-0.75142
2006-10-17,-0.41865
2006-10-18,1.31173
2006-10-19,0.28273
2006-10-20,-0.10551
2006-10-23,-1.74496
2006-10-24,2.56932
2006-10-25,0.0814
2006-10-26,0.22116
2006-10-27,-0.19183
2006-10-30,0.13714
2006-10-31,1.55336
2006-11-01,0.95948
2006-11-02,-0.23739
2006-11-03,0.80965
2006-11-06,1.06325
2006-11-07,0.17056
2006-11-08,-1.20917
2006-11-09,1.57631
2006-11-10,-0.69474
2006-11-13,-1.04508
2006-11-14,1.30439
2006-11-15,1.82101
2006-11-16,0.96314
2006-11-17,1.54551
2006-11-20,2.28083
2006-11-21,0.9998
2006-11-22,0.18632
2006-11-23,1.02396
2006-11-24,-0.56161
2006-11-27,-0.17228
2006-11-28,-0.41899
2006-11-29,0.75108
2006-11-30,2.17663
2006-12-01,0.13139
2006-12-04,2.79588
2006-12-05,0.53657
2006-12-06,-0.77046
2006-12-07,0.00696
2006-12-08,-2.96983
2006-12-11,4.065
2006-12-12,1.74799
2006-12-13,0.20304
2006-12-14,1.147
2006-12-15,1.09662
2006-12-18,2.54098
2006-12-19,1.35206
2006-12-20,0.38122
2006-12-21,-1.28369
2006-12-22,0.03115
2006-12-25,3.85407
2006-12-26,1.78909
2006-12-27,2.25921
2006-12-28,1.22259
2006-12-29,4.11574
2007-01-04,1.4932
2007-01-05,-2.77745
2007-01-08,2.46323
2007-01-09,3.64864
2007-01-10,0.63124
2007-01-11,-1.98266
2007-01-12,-3.75167
2007-01-15,4.63544
2007-01-16,0.93738
2007-01-17,-1.50434
2007-01-18,-0.79193
2007-01-19,2.69214
2007-01-22,3.50332
2007-01-23,0.5423
2007-01-24,0.87741
2007-01-25,-4.03896
2007-01-26,0.87807
2007-01-29,2.15183
2007-01-30,-0.50036
2007-01-31,-5.04682
2007-02-01,-0.03231
2007-02-02,-4.11223
2007-02-05,-2.29571
2007-02-06,2.38881
2007-02-07,1.50155
2007-02-08,0.79026
2007-02-09,-0.26847
2007-02-12,2.77324
2007-02-13,0.87604
2007-02-14,2.55271
2007-02-15,2.98152
2007-02-16,0.18226
2007-02-26,1.39527
2007-02-27,-9.25615
2007-02-28,3.86684
2007-03-01,-2.95464
2007-03-02,1.22019
2007-03-05,-1.6458
2007-03-06,1.95083
2007-03-07,1.96668
2007-03-08,1.07888
2007-03-09,0.33754
2007-03-12,0.57697
2007-03-13,0.3338
2007-03-14,-1.99151
2007-03-15,1.54902
2007-03-16,-0.7215
2007-03-19,2.82478
2007-03-20,0.58744
2007-03-21,0.82699
2007-03-22,0.45198
2007-03-23,0.09958
2007-03-26,1.56593
2007-03-27,0.51169
2007-03-28,1.08337
2007-03-29,0.76979
2007-03-30,-0.42498
2007-04-02,2.13196
2007-04-03,1.1831
2007-04-04,0.00729
2007-04-05,0.83502
2007-04-06,0.13368
2007-04-09,2.2424
2007-04-10,1.32512
2007-04-11,1.46785
2007-04-12,1.01933
2007-04-13,-0.36202
2007-04-16,2.19751
2007-04-17,0.42812
2007-04-18,0.01467
2007-04-19,-4.62822
2007-04-20,3.84452
2007-04-23,3.47364
2007-04-24,0.25944
2007-04-25,0.62777
2007-04-26,1.03893
2007-04-27,-0.61488
2007-04-30,2.14187
2007-05-08,2.79151
2007-05-09,1.58409
2007-05-10,0.90838
2007-05-11,-0.69431
2007-05-14,0.61254
2007-05-15,-3.70589
2007-05-16,2.2032
2007-05-17,1.54963
2007-05-18,-0.44637
2007-05-21,1.03599
2007-05-22,0.93247
2007-05-23,1.52898
2007-05-24,-0.54247
2007-05-25,0.6878
2007-05-28,2.18492
2007-05-29,1.45953
2007-05-30,-6.72236
2007-05-31,1.38583
2007-06-01,-2.68585
2007-06-04,-8.61787
2007-06-05,2.60048
2007-06-06,0.24445
2007-06-07,2.98648
2007-06-08,0.57253
2007-06-11,2.08737
2007-06-12,1.89549
2007-06-13,2.53001
2007-06-14,-1.47789
2007-06-15,0.42822
2007-06-18,2.87348
2007-06-19,0.37945
2007-06-20,-2.08744
2007-06-21,1.17688
2007-06-22,-3.34964
2007-06-25,-3.74446
2007-06-26,0.81598
2007-06-27,2.61392
2007-06-28,-4.11428
2007-06-29,-2.41773
2007-07-02,0.40721
2007-07-03,1.6399
2007-07-04,-2.16575
2007-07-05,-5.39148
2007-07-06,4.47486
2007-07-09,2.65836
2007-07-10,-0.78074
2007-07-11,0.32907
2007-07-12,1.29202
2007-07-13,-0.04061
2007-07-16,-2.39091
2007-07-17,1.92462
2007-07-18,0.86555
2007-07-19,-0.43657
2007-07-20,3.66107
2007-07-23,3.73607
2007-07-24,-0.07194
2007-07-25,2.66329
2007-07-26,0.51878
2007-07-27,-0.02531
2007-07-30,2.17192
2007-07-31,0.6791
2007-08-01,-3.88736
2007-08-02,2.46146
2007-08-03,3.41317
2007-08-06,1.46571
2007-08-07,0.49831
2007-08-08,0.25616
2007-08-09,1.93141
2007-08-10,-0.09954
2007-08-13,1.47744
2007-08-14,1.08803
2007-08-15,-0.05974
2007-08-16,-2.16773
2007-08-17,-2.31128
2007-08-20,5.19454
2007-08-21,1.0215
2007-08-22,0.50064
2007-08-23,1.04689
2007-08-24,1.48284
2007-08-27,0.82767
2007-08-28,0.86169
2007-08-29,-1.65491
2007-08-30,1.13747
2007-08-31,0.98107
2007-09-03,1.93993
2007-09-04,-0.50909
2007-09-05,0.31458
2007-09-06,1.54968
2007-09-07,-2.18323
2007-09-10,1.4693
2007-09-11,-4.61088
2007-09-12,1.14053
2007-09-13,1.93301
2007-09-14,0.7291
2007-09-17,2.03499
2007-09-18,0.07044
2007-09-19,-0.5534
2007-09-20,1.37669
2007-09-21,-0.28175
2007-09-24,0.55468
2007-09-25,-1.08388
2007-09-26,-1.62316
2007-09-27,1.31897
2007-09-28,2.60741
2007-10-08,2.49812
2007-10-09,0.40566
2007-10-10,0.96751
2007-10-11,2.42671
2007-10-12,-0.16875
2007-10-15,2.12572
2007-10-16,1.02243
2007-10-17,-0.91984
2007-10-18,-3.55809
2007-10-19,-0.12419
2007-10-22,-2.6247
2007-10-23,1.85413
2007-10-24,1.20038
2007-10-25,-4.92353
2007-10-26,0.48852
2007-10-29,2.79389
2007-10-30,2.5624
2007-10-31,0.97166
2007-11-01,-0.68211
2007-11-02,-2.33467
2007-11-05,-2.51252
2007-11-06,-1.75244
2007-11-07,1.17092
2007-11-08,-4.97294
2007-11-09,-0.27204
2007-11-12,-2.43384
2007-11-13,-0.5724
2007-11-14,4.8174
2007-11-15,-0.87995
2007-11-16,-0.91748
2007-11-19,-0.87757
2007-11-20,0.45212
2007-11-21,-1.5126
2007-11-22,-4.51265
2007-11-23,0.95785
2007-11-26,-1.46695
2007-11-27,-1.99071
2007-11-28,-1.19449
2007-11-29,4.07818
2007-11-30,-2.66443
2007-12-03,-0.06509
2007-12-04,0.96643
2007-12-05,2.54589
2007-12-06,-0.15043
2007-12-07,1.11961
2007-12-10,1.36851
2007-12-11,0.25462
2007-12-12,-1.54892
2007-12-13,-2.73551
2007-12-14,1.00082
2007-12-17,-2.65376
2007-12-18,-0.8358
2007-12-19,2.16025
2007-12-20,2.03826
2007-12-21,1.14813
2007-12-24,2.5636
2007-12-25,-0.634
2007-12-26,0.61661
2007-12-27,1.43312
2007-12-28,-0.89552
2007-12-31,0.0
2008-01-02,0.21359
2008-01-03,0.88836
2008-01-04,0.78099
2008-01-07,0.5908
2008-01-08,-0.12635
2008-01-09,0.91072
2008-01-10,0.38063
2008-01-11,0.51439
2008-01-14,0.24075
2008-01-15,-0.98907
2008-01-16,-2.8542
2008-01-17,-2.66204
2008-01-18,0.55903
2008-01-21,-5.27257
2008-01-22,-7.491
2008-01-23,3.09434
2008-01-24,0.31165
2008-01-25,0.92749
2008-01-28,-7.46236
2008-01-29,0.87077
2008-01-30,-0.90336
2008-01-31,-0.78308
2008-02-01,-1.43888
2008-02-04,7.819
2008-02-05,-1.56325
2008-02-13,-2.3978
2008-02-14,1.36239
2008-02-15,-1.21976
2008-02-18,1.56689
2008-02-19,2.08273
2008-02-20,-2.10725
2008-02-21,-0.87639
2008-02-22,-3.52699
2008-02-25,-4.1525
2008-02-26,1.08296
2008-02-27,2.23685
2008-02-28,-0.80014
2008-02-29,1.13391
2008-03-03,2.04245
2008-03-04,-2.34392
2008-03-05,-0.99212
2008-03-06,1.57948
2008-03-07,-1.39632
2008-03-10,-3.65196
2008-03-11,0.47112
2008-03-12,-2.32551
2008-03-13,-2.45891
2008-03-14,-0.21654
2008-03-17,-3.66545
2008-03-18,-4.03716
2008-03-19,2.49525
2008-03-20,1.12219
2008-03-21,-0.19656
2008-03-24,-4.59182
2008-03-25,0.09454
2008-03-26,-0.62904
2008-03-27,-5.56884
2008-03-28,4.82556
2008-03-31,-3.04694
2008-04-01,-4.22152
2008-04-02,0.56073
2008-04-03,2.89565
2008-04-07,4.35445
2008-04-08,0.35828
2008-04-09,-5.65529
2008-04-10,1.67976
2008-04-11,0.60736
2008-04-14,-5.78166
2008-04-15,1.55548
2008-04-16,-1.70939
2008-04-17,-2.11418
2008-04-18,-4.05507
2008-04-21,0.71833
2008-04-22,0.9836
2008-04-23,4.06335
2008-04-24,8.88747
2008-04-25,-0.70805
2008-04-28,-2.36144
2008-04-29,1.39154
2008-04-30,4.70397
2008-05-05,1.82186
2008-05-06,-0.73414
2008-05-07,-4.22208
2008-05-08,2.1474
2008-05-09,-1.19253
2008-05-12,0.37263
2008-05-13,-1.85724
2008-05-14,2.69328
2008-05-15,-0.55136
2008-05-16,-0.36053
2008-05-19,-0.53867
2008-05-20,-4.58655
2008-05-21,2.892
2008-05-22,-1.66608
2008-05-23,-0.36041
2008-05-26,-3.17534
2008-05-27,0.32255
2008-05-28,2.44714
2008-05-29,-1.67893
2008-05-30,0.93376
2008-06-02,0.74546
2008-06-03,-0.65667
2008-06-04,-1.95384
2008-06-05,-0.54333
2008-06-06,-0.65796
2008-06-10,-8.0437
2008-06-11,-1.57764
2008-06-12,-2.23054
2008-06-13,-3.04606
2008-06-16,0.18458
2008-06-17,-2.79969
2008-06-18,5.10444
2008-06-19,-6.75971
2008-06-20,2.97014
2008-06-23,-2.55085
2008-06-24,1.53146
2008-06-25,3.57394
2008-06-26,-0.10884
2008-06-27,-5.43186
2008-06-30,-0.44963
2008-07-01,-3.13703
2008-07-02,0.0049
2008-07-03,1.93461
2008-07-04,-1.25211
2008-07-07,4.48642
2008-07-08,0.80431
2008-07-09,3.68275
2008-07-10,-1.55628
2008-07-11,-0.65666
2008-07-14,0.75433
2008-07-15,-3.49329
2008-07-16,-2.68296
2008-07-17,-0.78247
2008-07-18,3.42656
2008-07-21,2.94536
2008-07-22,-0.53613
2008-07-23,-0.29099
2008-07-24,2.5206
2008-07-25,-1.56495
2008-07-28,1.31449
2008-07-29,-1.83204
2008-07-30,-0.47969
2008-07-31,-2.17207
2008-08-01,0.9359
2008-08-04,-2.16765
2008-08-05,-1.87728
2008-08-06,1.05803
2008-08-07,0.30145
2008-08-08,-4.57057
2008-08-11,-5.34625
2008-08-12,-0.5224
2008-08-13,-0.44458
2008-08-14,-0.37761
2008-08-15,0.55364
2008-08-18,-5.48258
2008-08-19,1.05482
2008-08-20,7.35003
2008-08-21,-3.69608
2008-08-22,-1.09533
2008-08-25,0.33786
2008-08-26,-2.65747
2008-08-27,-0.33801
2008-08-28,0.34056
2008-08-29,1.98974
2008-09-01,-3.05921
2008-09-02,-0.87473
2008-09-03,-1.23191
2008-09-04,0.0325
2008-09-05,-3.34685
2008-09-08,-2.71677
2008-09-09,0.11004
2008-09-10,0.23181
2008-09-11,-3.39439
2008-09-12,0.03318
2008-09-16,-4.57645
2008-09-17,-2.94171
2008-09-18,-1.73656
2008-09-19,9.03425
2008-09-22,7.48674
2008-09-23,-1.57284
2008-09-24,0.69257
2008-09-25,3.57523
2008-09-26,-0.16205
2008-09-29,0.0
2008-09-30,0.0
2008-10-01,0.0
2008-10-02,0.0
2008-10-03,0.0
2008-10-06,-5.37519
2008-10-07,-0.73415
2008-10-08,-3.0882
2008-10-09,-0.8467
2008-10-10,-3.63266
2008-10-13,3.58396
2008-10-14,-2.75019
2008-10-15,-1.12913
2008-10-16,-4.34068
2008-10-17,1.07849
2008-10-20,2.22103
2008-10-21,-0.78728
2008-10-22,-3.25427
2008-10-23,-1.07442
2008-10-24,-1.93483
2008-10-27,-6.5289
2008-10-28,2.77372
2008-10-29,-2.97934
2008-10-30,2.5149
2008-10-31,-1.99411
2008-11-03,-0.52312
2008-11-04,-0.76289
2008-11-05,3.10987
2008-11-06,-2.46625
2008-11-07,1.73085
2008-11-10,7.01956
2008-11-11,-1.67764
2008-11-12,0.83723
2008-11-13,3.6183
2008-11-14,3.00632
2008-11-17,2.19281
2008-11-18,-6.51402
2008-11-19,5.87122
2008-11-20,-1.68502
2008-11-21,-0.72702
2008-11-24,-3.74185
2008-11-25,-0.44113
2008-11-26,0.48434
2008-11-27,1.04725
2008-11-28,-2.46514
2008-12-01,1.24545
2008-12-02,-0.26267
2008-12-03,3.93145
2008-12-04,1.8196
2008-12-05,0.8537
2008-12-08,3.50985
2008-12-09,-2.56911
2008-12-10,2.01034
2008-12-11,-2.30817
2008-12-12,-3.8877
2008-12-15,0.51856
2008-12-16,0.54019
2008-12-17,0.0916
2008-12-18,1.94721
2008-12-19,0.13733
2008-12-22,-1.53265
2008-12-23,-4.66187
2008-12-24,-1.77722
2008-12-25,-0.61245
2008-12-26,-0.0486
2008-12-29,-0.05619
2008-12-30,-0.95402
2008-12-31,-0.66234
2009-01-05,3.23732
2009-01-06,2.95631
2009-01-07,-0.68063
2009-01-08,-2.41083
2009-01-09,1.41053
2009-01-12,-0.23704
2009-01-13,-1.96514
2009-01-14,3.45477
2009-01-15,-0.44998
2009-01-16,1.76692
2009-01-19,1.63562
2009-01-20,0.3738
2009-01-21,-0.45688
2009-01-22,0.99901
2009-01-23,-0.71529
2009-01-26,0.0
2009-01-27,0.0
2009-01-28,0.0
2009-01-29,0.0
2009-01-30,0.0
2009-02-02,1.0504
2009-02-03,2.41289
2009-02-04,2.25219
2009-02-05,-0.4627
2009-02-06,3.88995
2009-02-09,1.9733
2009-02-10,1.80188
2009-02-11,-0.19178
2009-02-12,-0.56466
2009-02-13,3.18267
2009-02-16,2.91305
2009-02-17,-2.97123
2009-02-18,-4.83966
2009-02-19,0.77801
2009-02-20,1.53102
2009-02-23,1.93995
2009-02-24,-4.66662
2009-02-25,0.26865
2009-02-26,-3.94337
2009-02-27,-1.82684
2009-03-02,0.50763
2009-03-03,-1.05742
2009-03-04,5.93587
2009-03-05,1.03957
2009-03-06,-1.27185
2009-03-09,-3.44487
2009-03-10,1.86197
2009-03-11,-0.90982
2009-03-12,-0.24059
2009-03-13,-0.236
2009-03-16,1.1415
2009-03-17,2.97578
2009-03-18,0.24313
2009-03-19,1.87243
2009-03-20,0.67432
2009-03-23,1.92731
2009-03-24,0.5549
2009-03-25,-2.0247
2009-03-26,3.01533
2009-03-27,0.53799
2009-03-30,-0.69309
2009-03-31,0.64127
2009-04-01,1.45614
2009-04-02,0.71463
2009-04-03,-0.22745
2009-04-06,0.0
2009-04-07,0.79853
2009-04-08,-3.83578
2009-04-09,1.3746
2009-04-10,2.66801
2009-04-13,2.80256
2009-04-14,0.53483
2009-04-15,0.35076
2009-04-16,-0.07613
2009-04-17,-1.19849
2009-04-20,2.11491
2009-04-21,-0.84936
2009-04-22,-2.9811
2009-04-23,0.10558
2009-04-24,-0.62534
2009-04-27,-1.78169
2009-04-28,-0.16269
2009-04-29,2.74165
2009-04-30,0.37932
2009-05-01,0.0
2009-05-04,3.26939
2009-05-05,0.28982
2009-05-06,0.976
2009-05-07,0.18998
2009-05-08,1.07983
2009-05-11,-1.7636
2009-05-12,1.47831
2009-05-13,1.72668
2009-05-14,-0.90052
2009-05-15,0.20321
2009-05-18,0.28388
2009-05-19,0.89691
2009-05-20,-0.94856
2009-05-21,-1.55038
2009-05-22,-0.49998
2009-05-25,0.47661
2009-05-26,-0.82485
2009-05-27,1.69917
2009-05-28,0.0
2009-05-29,0.0
2009-06-01,3.30051
2009-06-02,0.11092
2009-06-03,1.97321
2009-06-04,-0.40932
2009-06-05,-0.4836
2009-06-08,0.52334
2009-06-09,0.70372
2009-06-10,1.01212
2009-06-11,-0.67444
2009-06-12,-1.93326
2009-06-15,1.65511
2009-06-16,-0.4862
2009-06-17,1.22089
2009-06-18,1.54593
2009-06-19,0.92739
2009-06-22,0.54736
2009-06-23,-0.12437
2009-06-24,1.01807
2009-06-25,0.09406
2009-06-26,0.10797
2009-06-29,1.59569
2009-06-30,-0.53752
2009-07-01,1.63522
2009-07-02,1.71713
2009-07-03,0.91468
2009-07-06,1.16852
2009-07-07,-1.13356
2009-07-08,-0.28135
2009-07-09,1.36241
2009-07-10,-0.29181
2009-07-13,-1.07742
2009-07-14,2.07534
2009-07-15,1.37015
2009-07-16,-0.15097
2009-07-17,0.18828
2009-07-20,2.39082
2009-07-21,-1.65772
2009-07-22,2.56242
2009-07-23,0.96241
2009-07-24,1.31652
2009-07-27,1.83941
2009-07-28,0.09195
2009-07-29,-5.12999
2009-07-30,1.67369
2009-07-31,2.68817
2009-08-03,1.47006
2009-08-04,0.25526
2009-08-05,-1.24466
2009-08-06,-2.12747
2009-08-07,-2.89093
2009-08-10,-0.33577
2009-08-11,0.45959
2009-08-12,-4.76801
2009-08-13,0.89042
2009-08-14,-3.02535
2009-08-17,-5.96161
2009-08-18,1.39239
2009-08-19,-4.39993
2009-08-20,4.42398
2009-08-21,1.67535
2009-08-24,1.09705
2009-08-25,-2.62757
2009-08-26,1.7606
2009-08-27,-0.71661
2009-08-28,-2.95212
2009-08-31,-6.98274
2009-09-01,0.59685
2009-09-02,1.1577
2009-09-03,4.67892
2009-09-04,0.58143
2009-09-07,0.67947
2009-09-08,1.69871
2009-09-09,0.53703
2009-09-10,-0.72831
2009-09-11,2.19497
2009-09-14,1.2283
2009-09-15,0.23068
2009-09-16,-1.12773
2009-09-17,1.99843
2009-09-18,-3.2409
2009-09-21,0.14638
2009-09-22,-2.36892
2009-09-23,-1.91042
2009-09-24,0.38025
2009-09-25,-0.51683
2009-09-28,-2.68903
2009-09-29,-0.32548
2009-09-30,0.89954
2009-10-01,0.0
2009-10-02,0.0
2009-10-05,0.0
2009-10-06,0.0
2009-10-07,0.0
2009-10-08,0.0
2009-10-09,4.64981
2009-10-12,-0.59385
2009-10-13,1.43073
2009-10-14,1.16276
2009-10-15,0.31124
2009-10-16,-0.1061
2009-10-19,2.04965
2009-10-20,1.50851
2009-10-21,-0.45036
2009-10-22,-0.62659
2009-10-23,1.83274
2009-10-26,0.05533
2009-10-27,-2.87443
2009-10-28,0.32613
2009-10-29,-2.36534
2009-10-30,1.188
2009-11-02,2.66133
2009-11-03,1.21406
2009-11-04,0.45845
2009-11-05,0.84379
2009-11-06,0.28453
2009-11-09,0.36406
2009-11-10,0.09537
2009-11-11,-0.10765
2009-11-12,-0.07057
2009-11-13,0.46222
2009-11-16,2.70492
2009-11-17,0.2391
2009-11-18,0.61766
2009-11-19,0.52477
2009-11-20,-0.36989
2009-11-23,0.912
2009-11-24,-3.50925
2009-11-25,2.04622
2009-11-26,-3.68985
2009-11-27,-2.38458
2009-11-30,3.1486
2009-12-01,1.24592
2009-12-02,1.05733
2009-12-03,-0.15671
2009-12-04,1.59264
2009-12-07,0.44699
2009-12-08,-1.06329
2009-12-09,-1.74692
2009-12-10,0.45243
2009-12-11,-0.21349
2009-12-14,1.69708
2009-12-15,-0.86479
2009-12-16,-0.58962
2009-12-17,-2.36649
2009-12-18,-2.07191
2009-12-21,0.29117
2009-12-22,-2.34724
2009-12-23,0.7596
2009-12-24,2.55763
2009-12-25,-0.38318
2009-12-28,1.49858
2009-12-29,0.71807
2009-12-30,1.57054
2009-12-31,0.44467
2010-01-04,-1.02379
2010-01-05,1.17747
2010-01-06,-0.85552
2010-01-07,-1.90606
2010-01-08,0.1008
2010-01-11,0.52272
2010-01-12,1.8876
2010-01-13,-3.1433
2010-01-14,1.34281
2010-01-15,0.26709
2010-01-18,0.40085
2010-01-19,0.30136
2010-01-20,-2.97019
2010-01-21,0.22216
2010-01-22,-0.96288
2010-01-25,-1.09852
2010-01-26,-2.45424
2010-01-27,-1.09159
2010-01-28,0.25181
2010-01-29,-0.16211
2010-02-01,-1.61638
2010-02-02,-0.22634
2010-02-03,2.32795
2010-02-04,-0.28404
2010-02-05,-1.88423
2010-02-08,-0.14401
2010-02-09,0.46465
2010-02-10,1.135
2010-02-11,0.10054
2010-02-12,1.08702
2010-02-15,0.0
2010-02-16,0.0
2010-02-17,0.0
2010-02-18,0.0
2010-02-19,0.0
2010-02-22,-0.48925
2010-02-23,-0.69596
2010-02-24,1.31931
2010-02-25,1.26391
2010-02-26,-0.28401
2010-03-01,1.16944
2010-03-02,-0.47817
2010-03-03,0.77438
2010-03-04,-2.40618
2010-03-05,0.25403
2010-03-08,0.72877
2010-03-09,0.51973
2010-03-10,-0.66067
2010-03-11,0.07705
2010-03-12,-1.24888
2010-03-15,-1.21764
2010-03-16,0.53268
2010-03-17,1.90762
2010-03-18,-0.14402
2010-03-19,0.70856
2010-03-22,0.22239
2010-03-23,-0.70043
2010-03-24,0.12079
2010-03-25,-1.23866
2010-03-26,1.33381
2010-03-29,2.07268
2010-03-30,0.14939
2010-03-31,-0.62108
2010-04-01,1.22498
2010-04-02,0.33432
2010-04-05,0.0
2010-04-06,0.0228
2010-04-07,-0.3317
2010-04-08,-0.94178
2010-04-09,0.85057
2010-04-12,-0.51286
2010-04-13,1.0171
2010-04-14,0.15583
2010-04-15,-0.03822
2010-04-16,-1.10147
2010-04-19,-4.91049
2010-04-20,-0.02584
2010-04-21,1.7879
2010-04-22,-1.12056
2010-04-23,-0.53284
2010-04-26,-0.47169
2010-04-27,-2.09521
2010-04-28,-0.2617
2010-04-29,-1.10597
2010-04-30,0.07597
2010-05-03,0.0
2010-05-04,-1.23839
2010-05-05,0.76839
2010-05-06,-4.19762
2010-05-07,-1.89096
2010-05-10,0.38536
2010-05-11,-1.91502
2010-05-12,0.30698
2010-05-13,2.04248
2010-05-14,-0.5134
2010-05-17,-5.20229
2010-05-18,1.35218
2010-05-19,-0.26898
2010-05-20,-1.23919
2010-05-21,1.07327
2010-05-24,3.42057
2010-05-25,-1.91809
2010-05-26,0.12042
2010-05-27,1.14093
2010-05-28,-0.00565
2010-05-31,-2.4247
2010-06-01,-0.92512
2010-06-02,0.12219
2010-06-03,-0.73223
2010-06-04,0.03643
2010-06-07,-1.65285
2010-06-08,0.08835
2010-06-09,2.74331
2010-06-10,-0.82737
2010-06-11,0.2868
2010-06-14,0.0
2010-06-15,0.0
2010-06-16,0.0
2010-06-17,-0.37776
2010-06-18,-1.85401
2010-06-21,2.86287
2010-06-22,0.09623
2010-06-23,-0.73005
2010-06-24,-0.12148
2010-06-25,-0.54419
2010-06-28,-0.68945
2010-06-29,-4.36276
2010-06-30,-1.18872
2010-07-01,-1.03015
2010-07-02,0.38304
2010-07-05,-0.79843
2010-07-06,1.90521
2010-07-07,0.48442
2010-07-08,-0.24688
2010-07-09,2.28292
2010-07-12,0.79813
2010-07-13,-1.63654
2010-07-14,0.81899
2010-07-15,-1.88534
2010-07-16,-0.00124
2010-07-19,2.08796
2010-07-20,2.13071
2010-07-21,0.26303
2010-07-22,1.06008
2010-07-23,0.37472
2010-07-26,0.64526
2010-07-27,-0.51549
2010-07-28,2.23813
2010-07-29,0.54754
2010-07-30,-0.40185
2010-08-02,1.31903
2010-08-03,-1.71793
2010-08-04,0.43756
2010-08-05,-0.67538
2010-08-06,1.42563
2010-08-09,0.53049
2010-08-10,-2.9335
2010-08-11,0.47014
2010-08-12,-1.2356
2010-08-13,1.20491
2010-08-16,2.08837
2010-08-17,0.38173
2010-08-18,-0.20943
2010-08-19,0.80982
2010-08-20,-1.71364
2010-08-23,-0.11133
2010-08-24,0.41364
2010-08-25,-2.04814
2010-08-26,0.26538
2010-08-27,0.27847
2010-08-30,1.59292
2010-08-31,-0.52386
2010-09-01,-0.60513
2010-09-02,1.24654
2010-09-03,-0.01469
2010-09-06,1.52704
2010-09-07,0.07823
2010-09-08,-0.11384
2010-09-09,-1.45528
2010-09-10,0.25792
2010-09-13,0.93843
2010-09-14,0.00744
2010-09-15,-1.34883
2010-09-16,-1.90416
2010-09-17,-0.14535
2010-09-20,-0.38478
2010-09-21,0.10965
2010-09-22,0.0
2010-09-23,0.0
2010-09-24,0.0
2010-09-27,1.39555
2010-09-28,-0.63444
2010-09-29,-0.02566
2010-09-30,1.70825
2010-10-01,0.0
2010-10-04,0.0
2010-10-06,0.0
2010-10-07,0.0
2010-10-08,3.08047
2010-10-11,2.4597
2010-10-12,1.22055
2010-10-13,0.69966
2010-10-14,0.63683
2010-10-15,3.12872
2010-10-18,-0.5376
2010-10-19,1.56523
2010-10-20,0.06993
2010-10-21,-0.68209
2010-10-22,-0.28497
2010-10-25,2.53496
2010-10-26,-0.32431
2010-10-27,-1.47355
2010-10-28,-0.14926
2010-10-29,-0.46053
2010-11-01,2.49281
2010-11-02,-0.28166
2010-11-03,-0.47528
2010-11-04,1.8291
2010-11-05,1.36929
2010-11-08,0.95437
2010-11-09,-0.77878
2010-11-10,-0.62845
2010-11-11,1.034
2010-11-12,-5.29376
2010-11-15,0.9657
2010-11-16,-4.05779
2010-11-17,-1.94236
2010-11-18,0.93228
2010-11-19,0.80362
2010-11-22,-0.14551
2010-11-23,-1.96378
2010-11-24,1.11319
2010-11-25,1.33099
2010-11-26,-0.92064
2010-11-29,-0.18613
2010-11-30,-1.62422
2010-12-01,0.11588
2010-12-02,0.71148
2010-12-03,-0.04151
2010-12-06,0.51758
2010-12-07,0.65166
2010-12-08,-0.95417
2010-12-09,-1.32876
2010-12-10,1.06477
2010-12-13,2.84232
2010-12-14,0.1412
2010-12-15,-0.53678
2010-12-16,-0.45683
2010-12-17,-0.15194
2010-12-20,-1.42068
2010-12-21,1.77839
2010-12-22,-0.90661
2010-12-23,-0.7912
2010-12-24,-0.70505
2010-12-27,-1.9144
2010-12-28,-1.75582
2010-12-29,0.67609
2010-12-30,0.29177
2010-12-31,1.74261
2011-01-03,0.0
2011-01-04,1.57474
2011-01-05,-0.49409
2011-01-06,-0.50823
2011-01-07,0.51563
2011-01-10,-1.66913
2011-01-11,0.43747
2011-01-12,0.6133
2011-01-13,0.22694
2011-01-14,-1.29454
2011-01-17,-3.08064
2011-01-18,0.08568
2011-01-19,1.79699
2011-01-20,-2.96025
2011-01-21,1.39592
2011-01-24,-0.72334
2011-01-25,-0.6808
2011-01-26,1.1652
2011-01-27,1.47823
2011-01-28,0.13086
2011-01-31,1.36885
2011-02-01,0.2959
2011-02-02,0.01572
2011-02-03,0.0
2011-02-04,0.0
2011-02-07,0.0
2011-02-08,0.0
2011-02-09,-0.90932
2011-02-10,1.57722
2011-02-11,0.32486
2011-02-14,2.50779
2011-02-15,0.00379
2011-02-16,0.84697
2011-02-17,0.1046
2011-02-18,-0.9326
2011-02-21,1.11317
2011-02-22,-2.65161
2011-02-23,0.24868
2011-02-24,0.55633
2011-02-25,-0.00139
2011-02-28,0.91604
2011-03-01,0.47631
2011-03-02,-0.17522
2011-03-03,-0.37237
2011-03-04,1.34572
2011-03-07,1.81532
2011-03-08,0.12441
2011-03-09,0.07364
2011-03-10,-1.51061
2011-03-11,-0.79241
2011-03-14,0.13046
2011-03-15,-1.41829
2011-03-16,1.18552
2011-03-17,-1.14962
2011-03-18,0.33045
2011-03-21,0.07737
2011-03-22,0.34315
2011-03-23,1.00007
2011-03-24,-0.06005
2011-03-25,1.04988
2011-03-28,0.20766
2011-03-29,-0.87243
2011-03-30,-0.07812
2011-03-31,-0.9402
2011-04-01,1.33324
2011-04-06,1.1376
2011-04-07,0.218
2011-04-08,0.73237
2011-04-11,-0.24022
2011-04-12,-0.04566
2011-04-13,0.95624
2011-04-14,-0.25472
2011-04-15,0.25898
2011-04-18,0.22266
2011-04-19,-1.92497
2011-04-20,0.2664
2011-04-21,0.65068
2011-04-22,-0.53502
2011-04-25,-1.52527
2011-04-26,-0.87976
2011-04-27,-0.46279
2011-04-28,-1.32029
2011-04-29,0.84401
2011-05-03,0.70777
2011-05-04,-2.28253
2011-05-05,0.22236
2011-05-06,-0.29671
2011-05-09,0.2988
2011-05-10,0.63057
2011-05-11,-0.24974
2011-05-12,-1.37374
2011-05-13,0.94312
2011-05-16,-0.76782
2011-05-17,0.12978
2011-05-18,0.69863
2011-05-19,-0.46055
2011-05-20,-0.03882
2011-05-23,-2.97872
2011-05-24,-0.27104
2011-05-25,-0.91926
2011-05-26,-0.19021
2011-05-27,-0.97605
2011-05-30,-0.13256
2011-05-31,1.3619
2011-06-01,0.00364
2011-06-02,-1.40915
2011-06-03,0.84076
2011-06-07,0.595
2011-06-08,0.21803
2011-06-09,-1.72183
2011-06-10,0.06656
2011-06-13,-0.17612
2011-06-14,1.09238
2011-06-15,-0.90554
2011-06-16,-1.5327
2011-06-17,-0.80873
2011-06-20,-0.81952
2011-06-21,0.95792
2011-06-22,0.10725
2011-06-23,1.45874
2011-06-24,2.13314
2011-06-27,0.43674
2011-06-28,0.03516
2011-06-29,-1.11961
2011-06-30,1.22393
2011-07-01,-0.09853
2011-07-04,1.91888
2011-07-05,0.12542
2011-07-06,-0.20864
2011-07-07,-0.57844
2011-07-08,0.12518
2011-07-11,0.1757
2011-07-12,-1.73147
2011-07-13,1.47388
2011-07-14,0.53372
2011-07-15,0.34561
2011-07-18,-0.12347
2011-07-19,-0.70222
2011-07-20,-0.09908
2011-07-21,-1.0187
2011-07-22,0.177
2011-07-25,-3.00561
2011-07-26,0.5297
2011-07-27,0.75408
2011-07-28,-0.54158
2011-07-29,-0.2606
2011-08-01,0.07585
2011-08-02,-0.91102
2011-08-03,-0.02874
2011-08-04,0.20699
2011-08-05,-2.17014
2011-08-08,-3.86601
2011-08-09,-0.02969
2011-08-10,0.9107
2011-08-11,1.26028
2011-08-12,0.45066
2011-08-15,1.28739
2011-08-16,-0.71061
2011-08-17,-0.26529
2011-08-18,-1.61957
2011-08-19,-0.98591
2011-08-22,-0.73264
2011-08-23,1.50539
2011-08-24,-0.50755
2011-08-25,2.87704
2011-08-26,-0.11746
2011-08-29,-1.3792
2011-08-30,-0.38188
2011-08-31,0.02922
2011-09-01,-0.44112
2011-09-02,-1.092
2011-09-05,-1.97889
2011-09-06,-0.33217
2011-09-07,1.82775
2011-09-08,-0.68395
2011-09-09,-0.04763
2011-09-13,-1.0646
2011-09-14,0.54599
2011-09-15,-0.23288
2011-09-16,0.13262
2011-09-19,-1.81098
2011-09-20,0.40773
2011-09-21,2.62921
2011-09-22,-2.821
2011-09-23,-0.40605
2011-09-26,-1.65678
2011-09-27,0.9097
2011-09-28,-0.95651
2011-09-29,-1.12331
2011-09-30,-0.25907
2011-10-10,-0.61352
2011-10-11,0.15895
2011-10-12,2.99822
2011-10-13,0.77345
2011-10-14,-0.3043
2011-10-17,0.3703
2011-10-18,-2.35962
2011-10-19,-0.25121
2011-10-20,-1.95976
2011-10-21,-0.60663
2011-10-24,2.26394
2011-10-25,1.64606
2011-10-26,0.73639
2011-10-27,0.33436
2011-10-28,1.54005
2011-10-31,-0.20884
2011-11-01,0.07169
2011-11-02,1.37071
2011-11-03,0.15881
2011-11-04,0.80217
2011-11-07,-0.73401
2011-11-08,-0.23775
2011-11-09,0.83838
2011-11-10,-1.81363
2011-11-11,0.06209
2011-11-14,1.90153
2011-11-15,0.04151
2011-11-16,-2.51378
2011-11-17,-0.15862
2011-11-18,-1.90554
2011-11-21,-0.05919
2011-11-22,-0.10398
2011-11-23,-0.7305
2011-11-24,0.10391
2011-11-25,-0.72545
2011-11-28,0.11799
2011-11-29,1.22452
2011-11-30,-3.32872
2011-12-01,2.2648
2011-12-02,-1.10375
2011-12-05,-1.16877
2011-12-06,-0.31422
2011-12-07,0.29279
2011-12-08,-0.12482
2011-12-09,-0.62647
2011-12-12,-1.03022
2011-12-13,-1.89207
2011-12-14,-0.89657
2011-12-15,-2.16001
2011-12-16,1.99474
2011-12-19,-0.29709
2011-12-20,-0.10419
2011-12-21,-1.12457
2011-12-22,-0.22159
2011-12-23,0.84171
2011-12-26,-0.6676
2011-12-27,-1.09727
2011-12-28,0.17527
2011-12-29,0.16346
2011-12-30,1.18273
2012-01-04,-1.37477
2012-01-05,-0.96994
2012-01-06,0.69344
2012-01-09,2.84758
2012-01-10,2.6533
2012-01-11,-0.42483
2012-01-12,-0.0457
2012-01-13,-1.3466
2012-01-16,-1.72514
2012-01-17,4.09375
2012-01-18,-1.40207
2012-01-19,1.30151
2012-01-20,0.99888
2012-01-30,-1.48043
2012-01-31,0.33074
2012-02-01,-1.07572
2012-02-02,1.94215
2012-02-03,0.76891
2012-02-06,0.03132
2012-02-07,-1.69763
2012-02-08,2.39825
2012-02-09,0.08771
2012-02-10,0.10167
2012-02-13,-0.00553
2012-02-14,-0.30149
2012-02-15,0.93093
2012-02-16,-0.41664
2012-02-17,0.01358
2012-02-20,0.27199
2012-02-21,0.75153
2012-02-22,0.92623
2012-02-23,0.24766
2012-02-24,1.24064
2012-02-27,0.30409
2012-02-28,0.19596
2012-02-29,-0.95773
2012-03-01,-0.09805
2012-03-02,1.41526
2012-03-05,-0.63967
2012-03-06,-1.42317
2012-03-07,-0.65179
2012-03-08,1.05877
2012-03-09,0.78935
2012-03-12,-0.18874
2012-03-13,0.85592
2012-03-14,-2.66406
2012-03-15,-0.73285
2012-03-16,1.29624
2012-03-19,0.22596
2012-03-20,-1.39296
2012-03-21,0.0572
2012-03-22,-0.10223
2012-03-23,-1.1102
2012-03-26,0.04511
2012-03-27,-0.1456
2012-03-28,-2.69011
2012-03-29,-1.44238
2012-03-30,0.47088
2012-04-05,1.7284
2012-04-06,0.18703
2012-04-09,-0.90456
2012-04-10,0.87464
2012-04-11,0.13305
2012-04-12,1.7997
2012-04-13,0.35244
2012-04-16,-0.09033
2012-04-17,-0.93947
2012-04-18,1.945
2012-04-19,-0.09329
2012-04-20,1.17983
2012-04-23,-0.76198
2012-04-24,0.01005
2012-04-25,0.74985
2012-04-26,-0.08771
2012-04-27,-0.34909
2012-05-02,1.74243
2012-05-03,0.06723
2012-05-04,0.48773
2012-05-07,-0.00245
2012-05-08,-0.12528
2012-05-09,-1.65893
2012-05-10,0.06807
2012-05-11,-0.63473
2012-05-14,-0.59677
2012-05-15,-0.24771
2012-05-16,-1.21373
2012-05-17,1.38413
2012-05-18,-1.45533
2012-05-21,0.1611
2012-05-22,1.05939
2012-05-23,-0.41674
2012-05-24,-0.52902
2012-05-25,-0.74373
2012-05-28,1.18512
2012-05-29,1.19008
2012-05-30,-0.2082
2012-05-31,-0.52303
2012-06-01,0.05099
2012-06-04,-2.77208
2012-06-05,0.14587
2012-06-06,-0.10256
2012-06-07,-0.7135
2012-06-08,-0.51065
2012-06-11,1.06425
2012-06-12,-0.69936
2012-06-13,1.26414
2012-06-14,-0.99549
2012-06-15,0.47363
2012-06-18,0.39802
2012-06-19,-0.66106
2012-06-20,-0.34439
2012-06-21,-1.40546
2012-06-25,-1.63973
2012-06-26,-0.09176
2012-06-27,-0.23158
2012-06-28,-0.95587
2012-06-29,1.33855
2012-07-02,0.03055
2012-07-03,0.13826
2012-07-04,-0.08437
2012-07-05,-1.17238
2012-07-06,1.00477
2012-07-09,-2.40181
2012-07-10,-0.29387
2012-07-11,0.50417
2012-07-12,0.46367
2012-07-13,0.01876
2012-07-16,-1.75091
2012-07-17,0.61404
2012-07-18,0.36533
2012-07-19,0.72303
2012-07-20,-0.74424
2012-07-23,-1.26404
2012-07-24,0.24207
2012-07-25,-0.48754
2012-07-26,-0.47629
2012-07-27,0.12974
2012-07-30,-0.88944
2012-07-31,-0.29809
2012-08-01,0.93353
2012-08-02,-0.57527
2012-08-03,1.01886
2012-08-06,1.03179
2012-08-07,0.12522
2012-08-08,0.15607
2012-08-09,0.60483
2012-08-10,-0.24362
2012-08-13,-1.52063
2012-08-14,0.30103
2012-08-15,-1.1062
2012-08-16,-0.31906
2012-08-17,0.12727
2012-08-20,-0.37567
2012-08-21,0.53536
2012-08-22,-0.49977
2012-08-23,0.25398
2012-08-24,-0.99735
2012-08-27,-1.75471
2012-08-28,0.84479
2012-08-29,-0.96502
2012-08-30,-0.03215
2012-08-31,-0.24682
2012-09-03,0.5664
2012-09-04,-0.75559
2012-09-05,-0.29255
2012-09-06,0.6964
2012-09-07,3.62938
2012-09-10,0.33453
2012-09-11,-0.67396
2012-09-12,0.28255
2012-09-13,-0.76329
2012-09-14,0.63625
2012-09-17,-2.1584
2012-09-18,-0.91638
2012-09-19,0.40171
2012-09-20,-2.10091
2012-09-21,0.09132
2012-09-24,0.32021
2012-09-25,-0.192
2012-09-26,-1.2456
2012-09-27,2.5688
2012-09-28,1.44119
2012-10-08,-0.56483
2012-10-09,1.9482
2012-10-10,0.22242
2012-10-11,-0.80847
2012-10-12,0.09791
2012-10-15,-0.29641
2012-10-16,0.00524
2012-10-17,0.32394
2012-10-18,1.23051
2012-10-19,-0.15916
2012-10-22,0.20934
2012-10-23,-0.86222
2012-10-24,0.07281
2012-10-25,-0.68333
2012-10-26,-1.69734
2012-10-29,-0.35247
2012-10-30,0.16548
2012-10-31,0.31613
2012-11-01,1.70372
2012-11-02,0.5979
2012-11-05,-0.14275
2012-11-06,-0.38057
2012-11-07,-0.01282
2012-11-08,-1.63844
2012-11-09,-0.11786
2012-11-12,0.49176
2012-11-13,-1.52069
2012-11-14,0.36702
2012-11-15,-1.23016
2012-11-16,-0.76984
2012-11-19,0.11211
2012-11-20,-0.40041
2012-11-21,1.05962
2012-11-22,-0.72715
2012-11-23,0.58224
2012-11-26,-0.4905
2012-11-27,-1.31169
2012-11-28,-0.89037
2012-11-29,-0.50952
2012-11-30,0.84339
2012-12-03,-1.03303
2012-12-04,0.78122
2012-12-05,2.8337
2012-12-06,-0.13149
2012-12-07,1.59132
2012-12-10,1.06042
2012-12-11,-0.43622
2012-12-12,0.3863
2012-12-13,-1.02554
2012-12-14,4.2332
2012-12-17,0.45094
2012-12-18,0.09808
2012-12-19,-0.01017
2012-12-20,0.28218
2012-12-21,-0.69603
2012-12-24,0.26621
2012-12-25,2.49564
2012-12-26,0.24906
2012-12-27,-0.59796
2012-12-28,1.23223
2012-12-31,1.59386
2013-01-04,0.34579
2013-01-07,0.36692
2013-01-08,-0.40733
2013-01-09,-0.03208
2013-01-10,0.36499
2013-01-11,-1.79652
2013-01-14,3.01862
2013-01-15,0.6012
2013-01-16,-0.69814
2013-01-17,-1.07044
2013-01-18,1.39768
2013-01-21,0.48006
2013-01-22,-0.56339
2013-01-23,0.24892
2013-01-24,-0.79204
2013-01-25,-0.49196
2013-01-28,2.38055
2013-01-29,0.53045
2013-01-30,0.99126
2013-01-31,0.12332
2013-02-01,1.39873
2013-02-04,0.37672
2013-02-05,0.20488
2013-02-06,0.05547
2013-02-07,-0.65733
2013-02-08,0.57185
2013-02-18,-0.44665
2013-02-19,-1.60895
2013-02-20,0.59706
2013-02-21,-3.01645
2013-02-22,-0.50818
2013-02-25,0.50259
2013-02-26,-1.40634
2013-02-27,0.86312
2013-02-28,2.2387
2013-03-01,-0.25735
2013-03-04,-3.71775
2013-03-05,2.30068
2013-03-06,0.89313
2013-03-07,-0.98
2013-03-08,-0.24467
2013-03-11,-0.3465
2013-03-12,-1.04369
2013-03-13,-0.99461
2013-03-14,0.27833
2013-03-15,0.35703
2013-03-18,-1.69886
2013-03-19,0.77422
2013-03-20,2.62059
2013-03-21,0.29602
2013-03-22,0.17367
2013-03-25,-0.06702
2013-03-26,-1.2564
2013-03-27,0.15612
2013-03-28,-2.86341
2013-03-29,0.01431
2013-04-01,-0.09931
2013-04-02,-0.29851
2013-04-03,-0.11004
2013-04-08,-0.61755
2013-04-09,0.63912
2013-04-10,0.01617
2013-04-11,-0.29602
2013-04-12,-0.577
2013-04-15,-1.13201
2013-04-16,0.58993
2013-04-17,-0.04785
2013-04-18,0.17307
2013-04-19,2.11793
2013-04-22,-0.1101
2013-04-23,-2.60389
2013-04-24,1.53449
2013-04-25,-0.86065
2013-04-26,-0.9778
2013-05-02,-0.17417
2013-05-03,1.43303
2013-05-06,1.15719
2013-05-07,0.19701
2013-05-08,0.47882
2013-05-09,-0.59519
2013-05-10,0.61878
2013-05-13,-0.21877
2013-05-14,-1.11732
2013-05-15,0.35076
2013-05-16,1.20673
2013-05-17,1.36991
2013-05-20,0.74714
2013-05-21,0.22236
2013-05-22,-0.11763
2013-05-23,-1.16775
2013-05-24,0.56352
2013-05-27,0.19862
2013-05-28,1.22401
2013-05-29,0.11625
2013-05-30,-0.27016
2013-05-31,-0.74313
2013-06-03,-0.05826
2013-06-04,-1.17376
2013-06-05,-0.06559
2013-06-06,-1.27721
2013-06-07,-1.40177
2013-06-13,-2.86996
2013-06-14,0.63521
2013-06-17,-0.26955
2013-06-18,0.14228
2013-06-19,-0.73628
2013-06-20,-2.8118
2013-06-21,-0.52585
2013-06-24,-5.44492
2013-06-25,-0.18966
2013-06-26,-0.41013
2013-06-27,-0.07587
2013-06-28,1.48633
2013-07-01,0.80666
2013-07-02,0.56575
2013-07-03,-0.61437
2013-07-04,0.59145
2013-07-05,0.05482
2013-07-08,-2.46793
2013-07-09,0.36598
2013-07-10,2.14827
2013-07-11,3.17881
2013-07-12,-1.62922
2013-07-15,0.971
2013-07-16,0.3069
2013-07-17,-1.01202
2013-07-18,-1.05794
2013-07-19,-1.53139
2013-07-22,0.60589
2013-07-23,1.93256
2013-07-24,-0.51751
2013-07-25,-0.59983
2013-07-26,-0.5119
2013-07-29,-1.7326
2013-07-30,0.69333
2013-07-31,0.18776
2013-08-01,1.75352
2013-08-02,0.01725
2013-08-05,1.03239
2013-08-06,0.48748
2013-08-07,-0.66808
2013-08-08,-0.09189
2013-08-09,0.3583
2013-08-12,2.36148
2013-08-13,0.23197
2013-08-14,-0.28624
2013-08-15,-0.87327
2013-08-16,-0.64718
2013-08-19,0.8257
2013-08-20,-0.62576
2013-08-21,0.01785
2013-08-22,-0.28212
2013-08-23,-0.46841
2013-08-26,1.87828
2013-08-27,0.33809
2013-08-28,-0.10797
2013-08-29,-0.19388
2013-08-30,0.05482
2013-09-02,0.00334
2013-09-03,1.1683
2013-09-04,0.2122
2013-09-05,-0.24423
2013-09-06,0.82395
2013-09-09,3.3331
2013-09-10,1.14415
2013-09-11,0.1469
2013-09-12,0.63733
2013-09-13,-0.86291
2013-09-16,-0.21577
2013-09-17,-2.07571
2013-09-18,0.28738
2013-09-23,1.32296
2013-09-24,-0.61013
2013-09-25,-0.40944
2013-09-26,-1.96133
2013-09-27,0.19556
2013-09-30,0.67548
2013-10-08,1.07619
2013-10-09,0.61543
2013-10-10,-0.9467
2013-10-11,1.68455
2013-10-14,0.43082
2013-10-15,-0.19503
2013-10-16,-1.82272
2013-10-17,-0.20677
2013-10-18,0.23914
2013-10-21,1.60346
2013-10-22,-0.83741
2013-10-23,-1.25361
2013-10-24,-0.86442
2013-10-25,-1.45955
2013-10-28,0.04265
2013-10-29,-0.23506
2013-10-30,1.47345
2013-10-31,-0.87633
2013-11-01,0.37053
2013-11-04,0.00326
2013-11-05,0.35339
2013-11-06,-0.82061
2013-11-07,-0.47833
2013-11-08,-1.09881
2013-11-11,0.15846
2013-11-12,0.81677
2013-11-13,-1.84265
2013-11-14,0.60022
2013-11-15,1.66752
2013-11-18,2.83376
2013-11-19,-0.18677
2013-11-20,0.61322
2013-11-21,-0.03807
2013-11-22,-0.42661
2013-11-25,-0.46868
2013-11-26,-0.13916
2013-11-27,0.82115
2013-11-28,0.82798
2013-11-29,0.0509
2013-12-02,-0.59306
2013-12-03,0.69074
2013-12-04,1.3003
2013-12-05,-0.20894
2013-12-06,-0.44378
2013-12-09,0.04871
2013-12-10,-0.03173
2013-12-11,-1.50037
2013-12-12,-0.06217
2013-12-13,-0.30599
2013-12-16,-1.61631
2013-12-17,-0.45362
2013-12-18,-0.13025
2013-12-19,-0.95836
2013-12-20,-2.04158
2013-12-23,0.23572
2013-12-24,0.15301
2013-12-25,0.64011
2013-12-26,-1.59115
2013-12-27,1.34873
2013-12-30,-0.17719
2013-12-31,0.87576
2014-01-02,-0.31193
2014-01-03,-1.25224
2014-01-06,-1.81315
2014-01-07,0.07867
2014-01-08,-0.14566
2014-01-09,-0.82123
2014-01-10,-0.70875
2014-01-13,-0.18594
2014-01-14,0.85621
2014-01-15,-0.17234
2014-01-16,0.0173
2014-01-17,-0.93084
2014-01-20,-0.68565
2014-01-21,0.8531
2014-01-22,2.13995
2014-01-23,-0.46752
2014-01-24,0.59611
2014-01-27,-1.03189
2014-01-28,0.25591
2014-01-29,0.55767
2014-01-30,-0.8244
2014-02-07,0.56014
2014-02-10,2.01287
2014-02-11,0.84015
2014-02-12,0.29856
2014-02-13,-0.54938
2014-02-14,0.82815
2014-02-17,0.92067
2014-02-18,-0.7686
2014-02-19,1.10194
2014-02-20,-0.17611
2014-02-21,-1.18003
2014-02-24,-1.766
2014-02-25,-2.06628
2014-02-26,0.34499
2014-02-27,0.29839
2014-02-28,0.4362
2014-03-03,0.91686
2014-03-04,-0.18183
2014-03-05,-0.89174
2014-03-06,0.3161
2014-03-07,-0.08112
2014-03-10,-2.90138
2014-03-11,0.10499
2014-03-12,-0.17355
2014-03-13,1.06653
2014-03-14,-0.7342
2014-03-17,0.95979
2014-03-18,0.07558
2014-03-19,-0.17149
2014-03-20,-1.40717
2014-03-21,2.67963
2014-03-24,0.90717
2014-03-25,0.04984
2014-03-26,-0.17623
2014-03-27,-0.8311
2014-03-28,-0.23873
2014-03-31,-0.41227
2014-04-01,0.6935
2014-04-02,0.56156
2014-04-03,-0.74537
2014-04-04,0.7376
2014-04-08,1.89801
2014-04-09,0.33115
2014-04-10,1.37092
2014-04-11,-0.17633
2014-04-14,0.04693
2014-04-15,-1.41458
2014-04-16,0.16735
2014-04-17,-0.29638
2014-04-18,-0.05433
2014-04-21,-1.53333
2014-04-22,0.33827
2014-04-23,-0.26327
2014-04-24,-0.50189
2014-04-25,-1.00207
2014-04-28,-1.63518
2014-04-29,0.83752
2014-04-30,0.29753
2014-05-05,0.04884
2014-05-06,0.03403
2014-05-07,-0.88953
2014-05-08,0.25787
2014-05-09,-0.20515
2014-05-12,2.05371
2014-05-13,-0.1043
2014-05-14,-0.13761
2014-05-15,-1.12649
2014-05-16,0.07553
2014-05-19,-1.05763
2014-05-20,0.14651
2014-05-21,0.8346
2014-05-22,-0.18091
2014-05-23,0.65486
2014-05-26,0.33905
2014-05-27,-0.33955
2014-05-28,0.76724
2014-05-29,-0.4713
2014-05-30,-0.06765
2014-06-03,-0.04414
2014-06-04,-0.66353
2014-06-05,0.78953
2014-06-06,-0.5365
2014-06-09,0.0266
2014-06-10,1.07911
2014-06-11,0.11783
2014-06-12,-0.15779
2014-06-13,0.92228
2014-06-16,0.73424
2014-06-17,-0.92856
2014-06-18,-0.54243
2014-06-19,-1.55865
2014-06-20,0.14517
2014-06-23,-0.11405
2014-06-24,0.47163
2014-06-25,-0.41533
2014-06-26,0.6486
2014-06-27,-0.1065
2014-06-30,0.57873
2014-07-01,0.10003
2014-07-02,0.43992
2014-07-03,0.18483
2014-07-04,-0.18677
2014-07-07,0.0267
2014-07-08,0.19835
2014-07-09,-1.23873
2014-07-10,-0.01325
2014-07-11,0.422
2014-07-14,0.95732
2014-07-15,0.17936
2014-07-16,-0.14888
2014-07-17,-0.56708
2014-07-18,0.16915
2014-07-21,-0.22316
2014-07-22,1.01697
2014-07-23,0.14492
2014-07-24,1.27023
2014-07-25,1.01852
2014-07-28,2.38549
2014-07-29,0.2403
2014-07-30,-0.08936
2014-07-31,0.92727
2014-08-01,-0.74131
2014-08-04,1.7253
2014-08-05,-0.15214
2014-08-06,-0.11178
2014-08-07,-1.35299
2014-08-08,0.30853
2014-08-11,1.36773
2014-08-12,-0.13764
2014-08-13,0.05805
2014-08-14,-0.74097
2014-08-15,0.91402
2014-08-18,0.57051
2014-08-19,0.26133
2014-08-20,-0.22829
2014-08-21,-0.43618
2014-08-22,0.46296
2014-08-25,-0.51632
2014-08-26,-0.99902
2014-08-27,0.10687
2014-08-28,-0.61971
2014-08-29,0.96896
2014-09-01,0.82243
2014-09-02,1.35688
2014-09-03,0.99152
2014-09-04,0.79339
2014-09-05,0.84476
2014-09-09,0.0043
2014-09-10,-0.35437
2014-09-11,-0.28596
2014-09-12,0.87303
2014-09-15,0.30785
2014-09-16,-1.83753
2014-09-17,0.49257
2014-09-18,0.34776
2014-09-19,0.58209
2014-09-22,-1.71371
2014-09-23,0.86313
2014-09-24,1.45491
2014-09-25,0.06526
2014-09-26,0.11166
2014-09-29,0.42462
2014-09-30,0.26093
2014-10-08,0.7972
2014-10-09,0.27577
2014-10-10,-0.6226
2014-10-13,-0.35987
2014-10-14,-0.27637
2014-10-15,0.5996
2014-10-16,-0.72598
2014-10-17,-0.65224
2014-10-20,0.662
2014-10-21,-0.72694
2014-10-22,-0.56191
2014-10-23,-1.04257
2014-10-24,-0.00608
2014-10-27,-0.5156
2014-10-28,2.04963
2014-10-29,1.49274
2014-10-30,0.75775
2014-10-31,1.20968
2014-11-03,0.40617
2014-11-04,0.02675
2014-11-05,-0.47135
2014-11-06,0.27285
2014-11-07,-0.3175
2014-11-10,2.26918
2014-11-11,-0.16183
2014-11-12,0.99958
2014-11-13,-0.35622
2014-11-14,-0.27355
2014-11-17,-0.19423
2014-11-18,-0.71557
2014-11-19,-0.21926
2014-11-20,0.06811
2014-11-21,1.38196
2014-11-24,1.83643
2014-11-25,1.36146
2014-11-26,1.42077
2014-11-27,0.99909
2014-11-28,1.97021
2014-12-01,-0.09957
2014-12-02,3.0636
2014-12-03,0.57658
2014-12-04,4.22463
2014-12-05,1.30854
2014-12-08,2.7733
2014-12-09,-5.58263
2014-12-10,2.88964
2014-12-11,-0.48655
2014-12-12,0.42395
2014-12-15,0.51769
2014-12-16,2.27962
2014-12-17,1.29882
2014-12-18,-0.11441
2014-12-19,1.65683
2014-12-22,0.60455
2014-12-23,-3.07943
2014-12-24,-2.00102
2014-12-25,3.30911
2014-12-26,2.73077
2014-12-29,0.32945
2014-12-30,-0.06978
2014-12-31,2.15211
2015-01-05,3.51856
2015-01-06,0.02775
2015-01-07,0.66911
2015-01-08,-2.41455
2015-01-09,-0.24472
2015-01-12,-1.72199
2015-01-13,0.18501
2015-01-14,-0.39828
2015-01-15,3.47715
2015-01-16,1.19293
2015-01-19,-8.01772
2015-01-20,1.80308
2015-01-21,4.63583
2015-01-22,0.59188
2015-01-23,0.25153
2015-01-26,0.93305
2015-01-27,-0.89726
2015-01-28,-1.41832
2015-01-29,-1.32279
2015-01-30,-1.60494
2015-02-02,-2.58934
2015-02-03,2.41943
2015-02-04,-0.96504
2015-02-05,-1.19165
2015-02-06,-1.95163
2015-02-09,0.62259
2015-02-10,1.49024
2015-02-11,0.51149
2015-02-12,0.4966
2015-02-13,0.95371
2015-02-16,0.5767
2015-02-17,0.75898
2015-02-25,-0.55808
2015-02-26,2.13024
2015-02-27,0.36134
2015-03-02,0.78176
2015-03-03,-2.21941
2015-03-04,0.50378
2015-03-05,-0.95129
2015-03-06,-0.22466
2015-03-09,1.8712
2015-03-10,-0.49602
2015-03-11,0.14688
2015-03-12,1.75963
2015-03-13,0.70185
2015-03-16,2.23954
2015-03-17,1.54056
2015-03-18,2.10314
2015-03-19,0.13884
2015-03-20,0.97367
2015-03-23,1.92777
2015-03-24,0.09974
2015-03-25,-0.83459
2015-03-26,0.58179
2015-03-27,0.2444
2015-03-30,2.55361
2015-03-31,-1.02649
2015-04-01,1.65096
2015-04-02,0.40571
2015-04-03,0.99224
2015-04-07,2.49076
2015-04-08,0.84036
2015-04-09,-0.93759
2015-04-10,1.92152
2015-04-13,2.14328
2015-04-14,0.33546
2015-04-15,-1.25067
2015-04-16,2.67344
2015-04-17,2.18067
2015-04-20,-1.65142
2015-04-21,1.79873
2015-04-22,2.41311
2015-04-23,0.36355
2015-04-24,-0.47274
2015-04-27,2.99784
2015-04-28,-1.13711
2015-04-29,0.00916
2015-04-30,-0.78424
2015-05-04,0.86998
2015-05-05,-4.14107
