dateid01,div,price
1871-01-01,1.5994,4.4363
1871-02-01,1.5686,4.4196
1871-03-01,1.5539,4.429
1871-04-01,1.5913,4.494
1871-05-01,1.6134,4.542
1871-06-01,1.6292,4.5493
1871-07-01,1.6292,4.5306
1871-08-01,1.6448,4.559
1871-09-01,1.6214,4.5456
1871-10-01,1.6054,4.4771
1871-11-01,1.6054,4.488
1871-12-01,1.5831,4.4865
1872-01-01,1.5953,4.5114
1872-02-01,1.6094,4.5156
1872-03-01,1.6054,4.5329
1872-04-01,1.5953,4.5383
1872-05-01,1.6094,4.5383
1872-06-01,1.6273,4.5359
1872-07-01,1.6544,4.5448
1872-08-01,1.6582,4.5255
1872-09-01,1.662,4.5001
1872-10-01,1.6956,4.5263
1872-11-01,1.679,4.4929
1872-12-01,1.7047,4.5314
1873-01-01,1.712,4.5394
1873-02-01,1.6993,4.5253
1873-03-01,1.7066,4.5175
1873-04-01,1.7156,4.5037
1873-05-01,1.7457,4.5275
1873-06-01,1.7834,4.5434
1873-07-01,1.7901,4.5414
1873-08-01,1.7984,4.5414
1873-09-01,1.8066,4.4619
1873-10-01,1.8374,4.3937
1873-11-01,1.8764,4.3888
1873-12-01,1.8594,4.4549
1874-01-01,1.8453,4.4922
1874-02-01,1.8453,4.5219
1874-03-01,1.8453,4.5071
1874-04-01,1.8594,4.4948
1874-05-01,1.8672,4.4762
1874-06-01,1.8916,4.4956
1874-07-01,1.884,4.4876
1874-08-01,1.8916,4.4979
1874-09-01,1.8916,4.5134
1874-10-01,1.9081,4.5274
1874-11-01,1.9169,4.5445
1874-12-01,1.9169,4.5379
1875-01-01,1.9081,4.5379
1875-02-01,1.9006,4.5357
1875-03-01,1.8931,4.5488
1875-04-01,1.8779,4.5537
1875-05-01,1.8946,4.539
1875-06-01,1.9036,4.5356
1875-07-01,1.8961,4.538
1875-08-01,1.8795,4.534
1875-09-01,1.8795,4.5334
1875-10-01,1.8718,4.5172
1875-11-01,1.8718,4.5419
1875-12-01,1.8718,4.5506
1876-01-01,1.881,4.5797
1876-02-01,1.881,4.5931
1876-03-01,1.881,4.5909
1876-04-01,1.8901,4.5612
1876-05-01,1.9257,4.5598
1876-06-01,1.953,4.5805
1876-07-01,1.953,4.5683
1876-08-01,1.9445,4.5166
1876-09-01,1.9344,4.4443
1876-10-01,1.9169,4.4205
1876-11-01,1.9066,4.3922
1876-12-01,1.8901,4.3687
1877-01-01,1.8405,4.3428
1877-02-01,1.8358,4.3082
1877-03-01,1.8485,4.3016
1877-04-01,1.7851,4.1987
1877-05-01,1.7334,4.1807
1877-06-01,1.7509,4.1617
1877-07-01,1.7029,4.1952
1877-08-01,1.7011,4.3012
1877-09-01,1.6696,4.3713
1877-10-01,1.6273,4.3927
1877-11-01,1.6014,4.3973
1877-12-01,1.5539,4.3942
1878-01-01,1.581,4.4247
1878-02-01,1.5872,4.4133
1878-03-01,1.6034,4.4531
1878-04-01,1.6094,4.4911
1878-05-01,1.6371,4.5269
1878-06-01,1.6563,4.5702
1878-07-01,1.6409,4.5791
1878-08-01,1.6233,4.5593
1878-09-01,1.6194,4.5794
1878-10-01,1.6273,4.5791
1878-11-01,1.6332,4.5876
1878-12-01,1.6525,4.6048
1879-01-01,1.6487,4.6303
1879-02-01,1.6467,4.6544
1879-03-01,1.6677,4.6496
1879-04-01,1.6882,4.6935
1879-05-01,1.6974,4.7376
1879-06-01,1.7174,4.7544
1879-07-01,1.7138,4.7627
1879-08-01,1.7228,4.7701
1879-09-01,1.6974,4.772
1879-10-01,1.6506,4.8208
1879-11-01,1.6074,4.821
1879-12-01,1.5872,4.7891
1880-01-01,1.581,4.798
1880-02-01,1.6054,4.8154
1880-03-01,1.6194,4.825
1880-04-01,1.6808,4.8406
1880-05-01,1.7334,4.788
1880-06-01,1.7766,4.8126
1880-07-01,1.7984,4.8575
1880-08-01,1.8197,4.8928
1880-09-01,1.8294,4.8806
1880-10-01,1.85,4.9091
1880-11-01,1.8594,4.9502
1880-12-01,1.8687,4.9803
1881-01-01,1.8976,5.0486
1881-02-01,1.9066,5.0353
1881-03-01,1.9242,5.0466
1881-04-01,1.933,5.0334
1881-05-01,1.9601,5.0874
1881-06-01,1.9782,5.0996
1881-07-01,1.9851,5.0541
1881-08-01,1.9824,5.0106
1881-09-01,1.9601,4.9805
1881-10-01,1.9671,4.9551
1881-11-01,1.9933,4.9709
1881-12-01,2.0082,4.9414
1882-01-01,2.0082,4.9262
1882-02-01,1.9988,4.8948
1882-03-01,1.9988,4.8931
1882-04-01,1.9906,4.8838
1882-05-01,1.981,4.8625
1882-06-01,1.9713,4.8482
1882-07-01,1.981,4.9121
1882-08-01,1.9713,4.9325
1882-09-01,1.9988,4.9696
1882-10-01,2.0082,4.9513
1882-11-01,2.0176,4.9169
1882-12-01,2.0268,4.9315
1883-01-01,2.0295,4.9264
1883-02-01,2.0229,4.8943
1883-03-01,2.0347,4.916
1883-04-01,2.0477,4.9462
1883-05-01,2.0592,4.9387
1883-06-01,2.0919,4.9769
1883-07-01,2.1138,4.9815
1883-08-01,2.1175,4.935
1883-09-01,2.1294,4.9562
1883-10-01,2.1318,4.9288
1883-11-01,2.1448,4.9539
1883-12-01,2.1377,4.9213
1884-01-01,2.1318,4.8909
1884-02-01,2.127,4.9175
1884-03-01,2.1223,4.9138
1884-04-01,2.1377,4.8882
1884-05-01,2.1541,4.825
1884-06-01,2.1483,4.7833
1884-07-01,2.1541,4.7941
1884-08-01,2.1494,4.855
1884-09-01,2.1552,4.8338
1884-10-01,2.1599,4.8116
1884-11-01,2.1782,4.8136
1884-12-01,2.1838,4.8227
1885-01-01,2.1645,4.7994
1885-02-01,2.1342,4.8182
1885-03-01,2.1377,4.8435
1885-04-01,2.1054,4.8296
1885-05-01,2.1078,4.8413
1885-06-01,2.1114,4.8605
1885-07-01,2.0782,4.8851
1885-08-01,2.0554,4.9396
1885-09-01,2.0451,4.9388
1885-10-01,2.0229,4.9953
1885-11-01,1.9865,5.0463
1885-12-01,1.9387,5.0151
1886-01-01,1.9559,5.0386
1886-02-01,1.9488,5.0576
1886-03-01,1.9544,5.0486
1886-04-01,1.9587,5.0472
1886-05-01,1.9769,5.0522
1886-06-01,1.981,5.1096
1886-07-01,1.9615,5.1121
1886-08-01,1.9416,5.1072
1886-09-01,1.9344,5.1329
1886-10-01,1.9272,5.158
1886-11-01,1.9199,5.1825
1886-12-01,1.9006,5.1439
1887-01-01,1.8871,5.1092
1887-02-01,1.8871,5.0901
1887-03-01,1.8976,5.1133
1887-04-01,1.9081,5.136
1887-05-01,1.9199,5.1531
1887-06-01,1.9416,5.1357
1887-07-01,1.9643,5.1229
1887-08-01,1.9629,5.0856
1887-09-01,1.9851,5.0846
1887-10-01,1.9838,5.0386
1887-11-01,1.9824,5.0458
1887-12-01,1.9685,5.0169
1888-01-01,1.9502,5.013
1888-02-01,1.9559,5.0188
1888-03-01,1.9488,4.9802
1888-04-01,1.953,4.9957
1888-05-01,1.9587,5.021
1888-06-01,1.9629,5.0014
1888-07-01,1.9445,5.0152
1888-08-01,1.9373,5.0364
1888-09-01,1.9301,5.0608
1888-10-01,1.911,5.0435
1888-11-01,1.8931,5.0112
1888-12-01,1.8856,4.9919
1889-01-01,1.9169,5.0463
1889-02-01,1.9242,5.0697
1889-03-01,1.933,5.0608
1889-04-01,1.9301,5.0589
1889-05-01,1.9502,5.1102
1889-06-01,1.9473,5.127
1889-07-01,1.943,5.1064
1889-08-01,1.9402,5.1195
1889-09-01,1.9228,5.1311
1889-10-01,1.9199,5.1127
1889-11-01,1.9155,5.1034
1889-12-01,1.9006,5.0855
1890-01-01,1.9242,5.1214
1890-02-01,1.9242,5.1102
1890-03-01,1.9242,5.1027
1890-04-01,1.9242,5.1233
1890-05-01,1.9125,5.1527
1890-06-01,1.9125,5.1455
1890-07-01,1.9125,5.1383
1890-08-01,1.8764,5.0782
1890-09-01,1.8641,5.0496
1890-10-01,1.8641,5.0034
1890-11-01,1.8871,4.9516
1890-12-01,1.8871,4.928
1891-01-01,1.9006,4.991
1891-02-01,1.8871,4.9912
1891-03-01,1.8764,4.9607
1891-04-01,1.8641,4.9815
1891-05-01,1.8764,4.9893
1891-06-01,1.9006,4.993
1891-07-01,1.9125,4.9887
1891-08-01,1.9125,5.0216
1891-09-01,1.9242,5.1121
1891-10-01,1.9242,5.1121
1891-11-01,1.9373,5.1096
1891-12-01,1.9373,5.1396
1892-01-01,1.9699,5.1835
1892-02-01,1.9782,5.1853
1892-03-01,2.0122,5.2225
1892-04-01,2.0321,5.2341
1892-05-01,2.0399,5.2341
1892-06-01,2.0464,5.2287
1892-07-01,2.0281,5.202
1892-08-01,2.0215,5.2033
1892-09-01,2.0281,5.1781
1892-10-01,2.036,5.1979
1892-11-01,2.0176,5.1687
1892-12-01,2.0122,5.1453
1893-01-01,1.9782,5.1265
1893-02-01,1.9699,5.0965
1893-03-01,1.9974,5.0836
1893-04-01,2.0122,5.0959
1893-05-01,2.0295,5.0156
1893-06-01,2.058,4.9923
1893-07-01,2.0869,4.9203
1893-08-01,2.1306,4.9364
1893-09-01,2.0931,4.9648
1893-10-01,2.0844,4.9811
1893-11-01,2.1138,5.0228
1893-12-01,2.1306,5.0006
1894-01-01,2.1448,5.0074
1894-02-01,2.1448,5.0351
1894-03-01,2.1599,5.093
1894-04-01,2.1459,5.1062
1894-05-01,2.1318,5.0683
1894-06-01,2.1175,5.0545
1894-07-01,2.1029,5.0336
1894-08-01,2.0592,5.0419
1894-09-01,2.0295,5.0437
1894-10-01,2.0425,5.0401
1894-11-01,2.0268,5.0401
1894-12-01,2.0255,5.0453
1895-01-01,2.0176,5.0336
1895-02-01,2.0096,5.0193
1895-03-01,2.0015,5.0193
1895-04-01,1.9516,5.0189
1895-05-01,1.9286,5.0585
1895-06-01,1.9066,5.0642
1895-07-01,1.9125,5.0821
1895-08-01,1.9184,5.1106
1895-09-01,1.9095,5.1169
1895-10-01,1.9006,5.1022
1895-11-01,1.8916,5.068
1895-12-01,1.8976,5.0213
1896-01-01,1.9081,5.0239
1896-02-01,1.9169,5.0795
1896-03-01,1.9125,5.0637
1896-04-01,1.9228,5.0874
1896-05-01,1.933,5.0977
1896-06-01,1.943,5.0944
1896-07-01,1.9387,5.0274
1896-08-01,1.9344,4.9688
1896-09-01,1.9301,5.0199
1896-10-01,1.8961,5.0122
1896-11-01,1.8625,5.0493
1896-12-01,1.8579,5.0121
1897-01-01,1.8871,5.0411
1897-02-01,1.8871,5.0315
1897-03-01,1.8871,5.034
1897-04-01,1.9006,5.0173
1897-05-01,1.9169,5.0372
1897-06-01,1.9169,5.0827
1897-07-01,1.9169,5.1263
1897-08-01,1.8718,5.1448
1897-09-01,1.8437,5.1635
1897-10-01,1.8579,5.145
1897-11-01,1.8579,5.1092
1897-12-01,1.8579,5.1304
1898-01-01,1.8672,5.1574
1898-02-01,1.861,5.1412
1898-03-01,1.8703,5.095
1898-04-01,1.8795,5.0776
1898-05-01,1.8197,5.0731
1898-06-01,1.8976,5.1795
1898-07-01,1.9199,5.1976
1898-08-01,1.9286,5.2343
1898-09-01,1.9373,5.2324
1898-10-01,1.9459,5.2113
1898-11-01,1.9544,5.2438
1898-12-01,1.9488,5.2897
1899-01-01,1.953,5.3631
1899-02-01,1.9286,5.3725
1899-03-01,1.933,5.3866
1899-04-01,1.9242,5.3854
1899-05-01,1.9286,5.3429
1899-06-01,1.9184,5.3066
1899-07-01,1.9095,5.3274
1899-08-01,1.9006,5.3395
1899-09-01,1.8656,5.2903
1899-10-01,1.8579,5.2732
1899-11-01,1.85,5.2797
1899-12-01,1.8405,5.197
1900-01-01,1.8764,5.2102
1900-02-01,1.8976,5.2161
1900-03-01,1.9315,5.2241
1900-04-01,1.9629,5.2368
1900-05-01,2.0176,5.2124
1900-06-01,2.0592,5.1945
1900-07-01,2.0769,5.1822
1900-08-01,2.1175,5.208
1900-09-01,2.1318,5.1719
1900-10-01,2.1713,5.2198
1900-11-01,2.1972,5.2951
1900-12-01,2.2343,5.3659
1901-01-01,2.2279,5.3822
1901-02-01,2.246,5.4197
1901-03-01,2.2513,5.455
1901-04-01,2.269,5.5481
1901-05-01,2.2742,5.4964
1901-06-01,2.2803,5.5914
1901-07-01,2.2732,5.5094
1901-08-01,2.2659,5.5108
1901-09-01,2.2586,5.4935
1901-10-01,2.2638,5.4822
1901-11-01,2.2576,5.4913
1901-12-01,2.2502,5.4631
1902-01-01,2.2649,5.4963
1902-02-01,2.268,5.5048
1902-03-01,2.2701,5.5061
1902-04-01,2.2607,5.5276
1902-05-01,2.2513,5.5135
1902-06-01,2.2428,5.4959
1902-07-01,2.245,5.5182
1902-08-01,2.2597,5.5563
1902-09-01,2.2502,5.5469
1902-10-01,2.1849,5.4473
1902-11-01,2.2214,5.4411
1902-12-01,2.2127,5.4066
1903-01-01,2.2061,5.4453
1903-02-01,2.2116,5.4393
1903-03-01,2.2502,5.4328
1903-04-01,2.2544,5.3911
1903-05-01,2.2824,5.3946
1903-06-01,2.2875,5.3377
1903-07-01,2.2925,5.2907
1903-08-01,2.2976,5.258
1903-09-01,2.2905,5.222
1903-10-01,2.3076,5.2006
1903-11-01,2.3234,5.2155
1903-12-01,2.3283,5.2606
1904-01-01,2.2956,5.254
1904-02-01,2.2628,5.204
1904-03-01,2.2649,5.2122
1904-04-01,2.2659,5.248
1904-05-01,2.2793,5.2499
1904-06-01,2.269,5.2514
1904-07-01,2.2597,5.2921
1904-08-01,2.2375,5.3137
1904-09-01,2.2159,5.3455
1904-10-01,2.205,5.4025
1904-11-01,2.1713,5.4326
1904-12-01,2.161,5.4423
1905-01-01,2.1668,5.4639
1905-02-01,2.1713,5.5069
1905-03-01,2.1883,5.5462
1905-04-01,2.1939,5.5339
1905-05-01,2.2105,5.4949
1905-06-01,2.2159,5.5066
1905-07-01,2.2203,5.5375
1905-08-01,2.2138,5.5626
1905-09-01,2.2311,5.5773
1905-10-01,2.2364,5.5913
1905-11-01,2.23,5.5745
1905-12-01,2.2235,5.5876
1906-01-01,2.2407,5.6216
1906-02-01,2.2586,5.6145
1906-03-01,2.2752,5.5897
1906-04-01,2.2915,5.576
1906-05-01,2.2976,5.538
1906-06-01,2.3135,5.551
1906-07-01,2.3627,5.5587
1906-08-01,2.3561,5.6073
1906-09-01,2.3599,5.6265
1906-10-01,2.3533,5.5742
1906-11-01,2.3571,5.5837
1906-12-01,2.3609,5.5639
1907-01-01,2.3805,5.5458
1907-02-01,2.3674,5.4926
1907-03-01,2.386,5.3997
1907-04-01,2.3943,5.4045
1907-05-01,2.3814,5.3483
1907-06-01,2.3786,5.3053
1907-07-01,2.386,5.3429
1907-08-01,2.3943,5.265
1907-09-01,2.4024,5.2543
1907-10-01,2.3997,5.1289
1907-11-01,2.4493,5.1101
1907-12-01,2.4782,5.1815
1908-01-01,2.4816,5.2342
1908-02-01,2.4849,5.208
1908-03-01,2.4774,5.2481
1908-04-01,2.4579,5.2895
1908-05-01,2.4501,5.342
1908-06-01,2.4423,5.3433
1908-07-01,2.4239,5.3684
1908-08-01,2.415,5.4104
1908-09-01,2.4069,5.3994
1908-10-01,2.3888,5.4008
1908-11-01,2.3693,5.4556
1908-12-01,2.3504,5.4674
1909-01-01,2.3693,5.4813
1909-02-01,2.3674,5.4416
1909-03-01,2.3749,5.4552
1909-04-01,2.3627,5.4782
1909-05-01,2.3609,5.5007
1909-06-01,2.358,5.508
1909-07-01,2.3656,5.5222
1909-08-01,2.3637,5.536
1909-09-01,2.3618,5.527
1909-10-01,2.3495,5.5114
1909-11-01,2.3476,5.4968
1909-12-01,2.3456,5.4989
1910-01-01,2.3609,5.4869
1910-02-01,2.3665,5.4506
1910-03-01,2.3533,5.4559
1910-04-01,2.3495,5.4221
1910-05-01,2.374,5.4244
1910-06-01,2.3888,5.3846
1910-07-01,2.3943,5.3328
1910-08-01,2.4096,5.3664
1910-09-01,2.4248,5.383
1910-10-01,2.4596,5.4578
1910-11-01,2.4857,5.4771
1910-12-01,2.4907,5.4488
1911-01-01,2.4907,5.4729
1911-02-01,2.5225,5.5214
1911-03-01,2.512,5.4991
1911-04-01,2.544,5.5268
1911-05-01,2.544,5.5481
1911-06-01,2.544,5.568
1911-07-01,2.5329,5.553
1911-08-01,2.5014,5.4724
1911-09-01,2.4907,5.4059
1911-10-01,2.4907,5.4117
1911-11-01,2.5014,5.4614
1911-12-01,2.512,5.4763
1912-01-01,2.5031,5.4669
1912-02-01,2.4949,5.4477
1912-03-01,2.4757,5.4557
1912-04-01,2.4476,5.4565
1912-05-01,2.4493,5.4555
1912-06-01,2.4613,5.4653
1912-07-01,2.463,5.4664
1912-08-01,2.4553,5.4792
1912-09-01,2.4467,5.4745
1912-10-01,2.4484,5.4725
1912-11-01,2.4501,5.4612
1912-12-01,2.4621,5.4344
1913-01-01,2.4519,5.4161
1913-02-01,2.4519,5.3799
1913-03-01,2.4519,5.3608
1913-04-01,2.4519,5.3596
1913-05-01,2.4621,5.3422
1913-06-01,2.4519,5.2804
1913-07-01,2.4423,5.2837
1913-08-01,2.4423,5.31
1913-09-01,2.4319,5.3094
1913-10-01,2.4319,5.2772
1913-11-01,2.4221,5.2415
1913-12-01,2.4319,5.2503
1914-01-01,2.4213,5.2905
1914-02-01,2.4213,5.3136
1914-03-01,2.4105,5.2946
1914-04-01,2.4096,5.2804
1914-05-01,2.3888,5.2763
1914-06-01,2.3777,5.2715
1914-07-01,2.3561,5.2044
1914-08-01,2.3253,5.1846
1914-09-01,2.3135,5.1846
1914-10-01,2.3115,5.1945
1914-11-01,2.2905,5.1846
1914-12-01,2.2885,5.1506
1915-01-01,2.2905,5.1681
1915-02-01,2.3026,5.1646
1915-03-01,2.3145,5.2001
1915-04-01,2.3066,5.2626
1915-05-01,2.2986,5.2291
1915-06-01,2.3006,5.2403
1915-07-01,2.3026,5.2365
1915-08-01,2.3046,5.2782
1915-09-01,2.3066,5.3146
1915-10-01,2.2986,5.3587
1915-11-01,2.2905,5.3833
1915-12-01,2.2925,5.3855
1916-01-01,2.3076,5.3598
1916-02-01,2.3321,5.3458
1916-03-01,2.3456,5.333
1916-04-01,2.3599,5.3125
1916-05-01,2.373,5.325
1916-06-01,2.386,5.3253
1916-07-01,2.4069,5.3113
1916-08-01,2.4195,5.3097
1916-09-01,2.4221,5.3316
1916-10-01,2.4239,5.3442
1916-11-01,2.4266,5.3494
1916-12-01,2.438,5.2998
1917-01-01,2.4484,5.2674
1917-02-01,2.4415,5.1841
1917-03-01,2.4604,5.2146
1917-04-01,2.4292,5.1507
1917-05-01,2.4319,5.1005
1917-06-01,2.4336,5.1052
1917-07-01,2.4664,5.0926
1917-08-01,2.4673,5.047
1917-09-01,2.4613,4.975
1917-10-01,2.463,4.9044
1917-11-01,2.4791,4.8174
1917-12-01,2.4799,4.768
1918-01-01,2.4441,4.8048
1918-02-01,2.4221,4.8278
1918-03-01,2.4141,4.8145
1918-04-01,2.3842,4.7907
1918-05-01,2.3476,4.8011
1918-06-01,2.3185,4.7888
1918-07-01,2.2752,4.7699
1918-08-01,2.2396,4.7596
1918-09-01,2.2039,4.735
1918-10-01,2.1679,4.7576
1918-11-01,2.133,4.7641
1918-12-01,2.1029,4.7319
1919-01-01,2.0968,4.7255
1919-02-01,2.109,4.7477
1919-03-01,2.0919,4.7655
1919-04-01,2.0669,4.78
1919-05-01,2.049,4.835
1919-06-01,2.0438,4.8614
1919-07-01,2.0082,4.8643
1919-08-01,1.9851,4.7775
1919-09-01,1.9727,4.7876
1919-10-01,1.9502,4.8206
1919-11-01,1.9213,4.7687
1919-12-01,1.8946,4.7175
1920-01-01,1.8703,4.6865
1920-02-01,1.8563,4.5899
1920-03-01,1.8437,4.6477
1920-04-01,1.8099,4.6096
1920-05-01,1.7918,4.53
1920-06-01,1.775,4.498
1920-07-01,1.7766,4.5016
1920-08-01,1.7967,4.4859
1920-09-01,1.8083,4.5357
1920-10-01,1.8116,4.542
1920-11-01,1.8132,4.495
1920-12-01,1.8294,4.4215
1921-01-01,1.8421,4.4855
1921-02-01,1.8656,4.5105
1921-03-01,1.8641,4.4901
1921-04-01,1.8656,4.5055
1921-05-01,1.8795,4.5578
1921-06-01,1.8764,4.4799
1921-07-01,1.8625,4.4713
1921-08-01,1.8547,4.459
1921-09-01,1.8563,4.4948
1921-10-01,1.8469,4.5083
1921-11-01,1.8437,4.5664
1921-12-01,1.8405,4.607
1922-01-01,1.8733,4.629
1922-02-01,1.8825,4.6506
1922-03-01,1.9036,4.6994
1922-04-01,1.9125,4.7583
1922-05-01,1.9213,4.7966
1922-06-01,1.9301,4.7872
1922-07-01,1.9315,4.7882
1922-08-01,1.953,4.8372
1922-09-01,1.9615,4.8629
1922-10-01,1.9629,4.8787
1922-11-01,1.9657,4.8218
1922-12-01,1.9671,4.8136
1923-01-01,1.9769,4.8331
1923-02-01,1.9796,4.8749
1923-03-01,1.9838,4.891
1923-04-01,1.981,4.8494
1923-05-01,1.9838,4.801
1923-06-01,1.981,4.7563
1923-07-01,1.9727,4.7104
1923-08-01,1.9824,4.7212
1923-09-01,1.9796,4.7215
1923-10-01,1.9769,4.7009
1923-11-01,1.9796,4.7303
1923-12-01,1.9824,4.7636
1924-01-01,1.9865,4.7959
1924-02-01,1.9947,4.8061
1924-03-01,2.0042,4.7926
1924-04-01,2.0122,4.7753
1924-05-01,2.0162,4.7717
1924-06-01,2.0189,4.7905
1924-07-01,2.0162,4.8299
1924-08-01,2.0255,4.8695
1924-09-01,2.0229,4.854
1924-10-01,2.0202,4.8351
1924-11-01,2.0229,4.8894
1924-12-01,2.0202,4.9362
1925-01-01,2.0268,4.9767
1925-02-01,2.0412,4.991
1925-03-01,2.0425,4.9586
1925-04-01,2.0554,4.9537
1925-05-01,2.0567,4.9795
1925-06-01,2.0528,4.9858
1925-07-01,2.049,5.0018
1925-08-01,2.0554,5.0152
1925-09-01,2.0631,5.0381
1925-10-01,2.0707,5.0705
1925-11-01,2.0605,5.0844
1925-12-01,2.0732,5.1061
1926-01-01,2.0857,5.1213
1926-02-01,2.098,5.1228
1926-03-01,2.115,5.0582
1926-04-01,2.1211,5.0242
1926-05-01,2.1389,5.0368
1926-06-01,2.1564,5.0889
1926-07-01,2.1793,5.1415
1926-08-01,2.1961,5.1861
1926-09-01,2.2017,5.1955
1926-10-01,2.2072,5.167
1926-11-01,2.2127,5.1743
1926-12-01,2.2235,5.1968
1927-01-01,2.245,5.2015
1927-02-01,2.2597,5.2264
1927-03-01,2.2752,5.2474
1927-04-01,2.2844,5.2717
1927-05-01,2.2885,5.2998
1927-06-01,2.2854,5.3012
1927-07-01,2.3125,5.3403
1927-08-01,2.3273,5.398
1927-09-01,2.3302,5.4474
1927-10-01,2.3331,5.4261
1927-11-01,2.3476,5.4545
1927-12-01,2.3561,5.4776
1928-01-01,2.3646,5.4816
1928-02-01,2.3851,5.4812
1928-03-01,2.3933,5.5335
1928-04-01,2.4024,5.5946
1928-05-01,2.4042,5.6192
1928-06-01,2.4186,5.5749
1928-07-01,2.4266,5.5822
1928-08-01,2.4345,5.614
1928-09-01,2.431,5.6703
1928-10-01,2.445,5.6962
1928-11-01,2.4527,5.7616
1928-12-01,2.4664,5.7713
1929-01-01,2.4782,5.8426
1929-02-01,2.4899,5.8478
1929-03-01,2.5072,5.8711
1929-04-01,2.5249,5.8711
1929-05-01,2.5297,5.8801
1929-06-01,2.5353,5.8932
1929-07-01,2.5345,5.9669
1929-08-01,2.5455,6.0222
1929-09-01,2.5557,6.0613
1929-10-01,2.5665,5.9495
1929-11-01,2.5772,5.642
1929-12-01,2.593,5.6869
1930-01-01,2.5997,5.7071
1930-02-01,2.6064,5.7737
1930-03-01,2.613,5.8167
1930-04-01,2.6079,5.8723
1930-05-01,2.6152,5.8167
1930-06-01,2.6218,5.716
1930-07-01,2.6348,5.7064
1930-08-01,2.6412,5.6995
1930-09-01,2.6362,5.693
1930-10-01,2.6433,5.551
1930-11-01,2.6504,5.4818
1930-12-01,2.6693,5.4311
1931-01-01,2.6679,5.4734
1931-02-01,2.6672,5.5597
1931-03-01,2.6596,5.5851
1931-04-01,2.6511,5.4914
1931-05-01,2.6497,5.4029
1931-06-01,2.6483,5.3834
1931-07-01,2.6333,5.4161
1931-08-01,2.6181,5.3856
1931-09-01,2.6093,5.231
1931-10-01,2.6005,5.0944
1931-11-01,2.5982,5.1214
1931-12-01,2.5893,4.9203
1932-01-01,2.5764,4.9244
1932-02-01,2.5565,4.93
1932-03-01,2.5281,4.9408
1932-04-01,2.499,4.6739
1932-05-01,2.4749,4.5576
1932-06-01,2.4432,4.4206
1932-07-01,2.4015,4.4698
1932-08-01,2.3656,4.8846
1932-09-01,2.3283,4.9846
1932-10-01,2.2885,4.8436
1932-11-01,2.2471,4.8412
1932-12-01,2.2028,4.8157
1933-01-01,2.2083,4.8698
1933-02-01,2.2138,4.7594
1933-03-01,2.2116,4.7641
1933-04-01,2.2006,4.8648
1933-05-01,2.1905,5.1174
1933-06-01,2.1713,5.2677
1933-07-01,2.1306,5.3144
1933-08-01,2.1114,5.2556
1933-09-01,2.1005,5.2472
1933-10-01,2.0894,5.1448
1933-11-01,2.0782,5.1686
1933-12-01,2.0669,5.1878
1934-01-01,2.0694,5.2434
1934-02-01,2.0631,5.3072
1934-03-01,2.0656,5.2546
1934-04-01,2.0669,5.2713
1934-05-01,2.0694,5.164
1934-06-01,2.0631,5.1697
1934-07-01,2.0656,5.1213
1934-08-01,2.0669,5.0815
1934-09-01,2.0541,5.0421
1934-10-01,2.0631,5.0574
1934-11-01,2.0656,5.0849
1934-12-01,2.0744,5.0989
1935-01-01,2.0592,5.0841
1935-02-01,2.0528,5.046
1935-03-01,2.0528,4.9805
1935-04-01,2.0373,5.0454
1935-05-01,2.0308,5.121
1935-06-01,2.0295,5.1655
1935-07-01,2.0295,5.2166
1935-08-01,2.0295,5.282
1935-09-01,2.0295,5.3029
1935-10-01,2.0528,5.3292
1935-11-01,2.0669,5.4118
1935-12-01,2.0882,5.4118
1936-01-01,2.1102,5.4655
1936-02-01,2.1306,5.5213
1936-03-01,2.1576,5.5497
1936-04-01,2.1905,5.5511
1936-05-01,2.2225,5.4965
1936-06-01,2.246,5.5309
1936-07-01,2.2742,5.5812
1936-08-01,2.3016,5.5938
1936-09-01,2.3351,5.6051
1936-10-01,2.3933,5.6561
1936-11-01,2.4484,5.6835
1936-12-01,2.5006,5.6661
1937-01-01,2.5072,5.6896
1937-02-01,2.5209,5.7187
1937-03-01,2.5273,5.7105
1937-04-01,2.5596,5.642
1937-05-01,2.5908,5.5893
1937-06-01,2.6268,5.551
1937-07-01,2.5915,5.6019
1937-08-01,2.5626,5.6121
1937-09-01,2.5257,5.4525
1937-10-01,2.5392,5.2954
1937-11-01,2.5588,5.2102
1937-12-01,2.5779,5.2009
1938-01-01,2.584,5.2408
1938-02-01,2.5825,5.2238
1938-03-01,2.5741,5.1554
1938-04-01,2.5494,5.1067
1938-05-01,2.5392,5.1228
1938-06-01,2.5209,5.1456
1938-07-01,2.4841,5.327
1938-08-01,2.4467,5.3327
1938-09-01,2.4069,5.2861
1938-10-01,2.3351,5.3989
1938-11-01,2.2492,5.3997
1938-12-01,2.1564,5.3702
1939-01-01,2.1622,5.3551
1939-02-01,2.1759,5.3542
1939-03-01,2.1827,5.3534
1939-04-01,2.1961,5.2261
1939-05-01,2.2028,5.2623
1939-06-01,2.2094,5.28
1939-07-01,2.2279,5.3042
1939-08-01,2.246,5.2896
1939-09-01,2.2428,5.3693
1939-10-01,2.2844,5.3866
1939-11-01,2.3185,5.3686
1939-12-01,2.3514,5.3446
1940-01-01,2.3637,5.3461
1940-02-01,2.3618,5.3324
1940-03-01,2.3674,5.3267
1940-04-01,2.3777,5.3365
1940-05-01,2.3878,5.1883
1940-06-01,2.3915,5.0913
1940-07-01,2.4087,5.131
1940-08-01,2.4186,5.1517
1940-09-01,2.4292,5.1931
1940-10-01,2.4292,5.2024
1940-11-01,2.4292,5.2254
1940-12-01,2.4221,5.1765
1941-01-01,2.4266,5.1784
1941-02-01,2.4319,5.1138
1941-03-01,2.4292,5.1128
1941-04-01,2.4275,5.0741
1941-05-01,2.4257,5.0451
1941-06-01,2.4096,5.0589
1941-07-01,2.4141,5.1089
1941-08-01,2.406,5.0904
1941-09-01,2.397,5.08
1941-10-01,2.3888,5.026
1941-11-01,2.3869,4.9715
1941-12-01,2.3851,4.8978
1942-01-01,2.3627,4.9042
1942-02-01,2.3466,4.866
1942-03-01,2.3243,4.7975
1942-04-01,2.3036,4.7488
1942-05-01,2.2773,4.7479
1942-06-01,2.2618,4.7971
1942-07-01,2.2354,4.8275
1942-08-01,2.2083,4.8157
1942-09-01,2.1872,4.8261
1942-10-01,2.1587,4.8851
1942-11-01,2.1365,4.8951
1942-12-01,2.1138,4.8945
1943-01-01,2.1138,4.9527
1943-02-01,2.1138,5.0104
1943-03-01,2.0956,5.0278
1943-04-01,2.0844,5.0491
1943-05-01,2.0782,5.0819
1943-06-01,2.0782,5.0994
1943-07-01,2.0894,5.1256
1943-08-01,2.1017,5.0807
1943-09-01,2.1017,5.096
1943-10-01,2.1066,5.0868
1943-11-01,2.1126,5.0394
1943-12-01,2.1175,5.0525
1944-01-01,2.1235,5.0843
1944-02-01,2.1282,5.0775
1944-03-01,2.1342,5.1052
1944-04-01,2.133,5.0819
1944-05-01,2.1389,5.0994
1944-06-01,2.1389,5.1397
1944-07-01,2.1377,5.1598
1944-08-01,2.1436,5.1451
1944-09-01,2.1483,5.1285
1944-10-01,2.1483,5.1528
1944-11-01,2.1483,5.1459
1944-12-01,2.1424,5.1618
1945-01-01,2.1483,5.1912
1945-02-01,2.1529,5.224
1945-03-01,2.1587,5.2233
1945-04-01,2.1587,5.2481
1945-05-01,2.1529,5.2796
1945-06-01,2.1412,5.2865
1945-07-01,2.1471,5.2658
1945-08-01,2.1518,5.2691
1945-09-01,2.1576,5.335
1945-10-01,2.1576,5.3759
1945-11-01,2.1576,5.4081
1945-12-01,2.1518,5.4194
1946-01-01,2.161,5.4585
1946-02-01,2.177,5.4668
1946-03-01,2.1759,5.4254
1946-04-01,2.1702,5.4825
1946-05-01,2.1645,5.4792
1946-06-01,2.1541,5.462
1946-07-01,2.1017,5.3759
1946-08-01,2.0869,5.3363
1946-09-01,2.0819,5.1669
1946-10-01,2.0719,5.1247
1946-11-01,2.058,5.0969
1946-12-01,2.058,5.117
1947-01-01,2.0631,5.1223
1947-02-01,2.0669,5.1604
1947-03-01,2.0528,5.1006
1947-04-01,2.0719,5.063
1947-05-01,2.0894,5.045
1947-06-01,2.1029,5.0747
1947-07-01,2.1066,5.1265
1947-08-01,2.1066,5.0931
1947-09-01,2.0968,5.045
1947-10-01,2.1187,5.0705
1947-11-01,2.1342,5.0545
1947-12-01,2.1412,5.0257
1948-01-01,2.133,4.9996
1948-02-01,2.1448,4.9576
1948-03-01,2.1529,4.976
1948-04-01,2.1365,5.0331
1948-05-01,2.1318,5.0765
1948-06-01,2.1235,5.1088
1948-07-01,2.1187,5.0724
1948-08-01,2.1223,5.0386
1948-09-01,2.1306,5.0272
1948-10-01,2.1576,5.0582
1948-11-01,2.1883,5.0092
1948-12-01,2.2138,5.0068
1949-01-01,2.2354,5.0221
1949-02-01,2.2618,4.9913
1949-03-01,2.2783,5.0008
1949-04-01,2.2875,4.9953
1949-05-01,2.3056,4.992
1949-06-01,2.3145,4.9314
1949-07-01,2.3292,4.9948
1949-08-01,2.3312,5.0259
1949-09-01,2.3341,5.0347
1949-10-01,2.374,5.0687
1949-11-01,2.3997,5.0782
1949-12-01,2.438,5.113
1950-01-01,2.451,5.1376
1950-02-01,2.4596,5.1569
1950-03-01,2.4639,5.1608
1950-04-01,2.4723,5.1886
1950-05-01,2.4765,5.2175
1950-06-01,2.4807,5.2294
1950-07-01,2.5039,5.1415
1950-08-01,2.5297,5.1919
1950-09-01,2.5588,5.2225
1950-10-01,2.5855,5.2549
1950-11-01,2.6145,5.2488
1950-12-01,2.6348,5.2327
1951-01-01,2.6304,5.2882
1951-02-01,2.6297,5.313
1951-03-01,2.6369,5.2921
1951-04-01,2.6455,5.3054
1951-05-01,2.6504,5.302
1951-06-01,2.6589,5.2846
1951-07-01,2.6504,5.302
1951-08-01,2.6419,5.3449
1951-09-01,2.6254,5.3627
1951-10-01,2.5967,5.3537
1951-11-01,2.5642,5.3179
1951-12-01,2.5345,5.3444
1952-01-01,2.5369,5.3772
1952-02-01,2.5471,5.3664
1952-03-01,2.5494,5.369
1952-04-01,2.5526,5.3622
1952-05-01,2.5596,5.3618
1952-06-01,2.5626,5.385
1952-07-01,2.5557,5.4058
1952-08-01,2.5557,5.4098
1952-09-01,2.5557,5.3938
1952-10-01,2.5463,5.3726
1952-11-01,2.5369,5.4038
1952-12-01,2.5273,5.4434
1953-01-01,2.5313,5.4525
1953-02-01,2.5345,5.444
1953-03-01,2.5313,5.4452
1953-04-01,2.5337,5.3947
1953-05-01,2.5321,5.3962
1953-06-01,2.5305,5.356
1953-07-01,2.5305,5.3701
1953-08-01,2.5273,5.3705
1953-09-01,2.5273,5.3234
1953-10-01,2.5305,5.3494
1953-11-01,2.5408,5.375
1953-12-01,2.5479,5.3883
1954-01-01,2.5526,5.4134
1954-02-01,2.5572,5.4352
1954-03-01,2.5619,5.4561
1954-04-01,2.5611,5.4989
1954-05-01,2.5526,5.5342
1954-06-01,2.5479,5.5422
1954-07-01,2.5526,5.5818
1954-08-01,2.5572,5.6015
1954-09-01,2.5649,5.6284
1954-10-01,2.581,5.6514
1954-11-01,2.5967,5.6898
1954-12-01,2.6152,5.7382
1955-01-01,2.6196,5.7561
1955-02-01,2.6239,5.789
1955-03-01,2.6283,5.7811
1955-04-01,2.6304,5.815
1955-05-01,2.6326,5.8108
1955-06-01,2.6348,5.8671
1955-07-01,2.6419,5.934
1955-08-01,2.6518,5.9279
1955-09-01,2.6589,5.9682
1955-10-01,2.6631,5.9166
1955-11-01,2.6672,5.9818
1955-12-01,2.6748,5.9949
1956-01-01,2.6926,5.9676
1956-02-01,2.7107,5.9739
1956-03-01,2.7279,6.0405
1956-04-01,2.7376,6.0485
1956-05-01,2.7473,6.0129
1956-06-01,2.753,5.9997
1956-07-01,2.753,6.0452
1956-08-01,2.7638,6.0429
1956-09-01,2.7676,6.0046
1956-10-01,2.746,5.9881
1956-11-01,2.7272,5.9776
1956-12-01,2.7047,5.9888
1957-01-01,2.7027,5.9668
1957-02-01,2.6973,5.9191
1957-03-01,2.6912,5.9283
1957-04-01,2.6878,5.9476
1957-05-01,2.6844,5.9817
1957-06-01,2.681,5.9944
1957-07-01,2.6797,6.0073
1957-08-01,2.6851,5.9507
1957-09-01,2.6906,5.9093
1957-10-01,2.6967,5.845
1957-11-01,2.6987,5.8196
1957-12-01,2.704,5.8191
1958-01-01,2.6933,5.8315
1958-02-01,2.6899,5.8349
1958-03-01,2.679,5.8483
1958-04-01,2.6679,5.8503
1958-05-01,2.6603,5.8819
1958-06-01,2.6525,5.9057
1958-07-01,2.649,5.9293
1958-08-01,2.6525,5.9695
1958-09-01,2.6525,5.9956
1958-10-01,2.6568,6.0354
1958-11-01,2.6568,6.0619
1958-12-01,2.6644,6.0841
1959-01-01,2.6644,6.1197
1959-02-01,2.6721,6.1077
1959-03-01,2.6755,6.1328
1959-04-01,2.6755,6.1459
1959-05-01,2.6797,6.1609
1959-06-01,2.6797,6.1488
1959-07-01,2.6803,6.1843
1959-08-01,2.6838,6.1785
1959-09-01,2.6844,6.1348
1959-10-01,2.6844,6.1305
1959-11-01,2.6878,6.1345
1959-12-01,2.6919,6.166
1960-01-01,2.7147,6.1518
1960-02-01,2.7311,6.1088
1960-03-01,2.7498,6.0951
1960-04-01,2.7486,6.1045
1960-05-01,2.7498,6.0954
1960-06-01,2.7486,6.1282
1960-07-01,2.7486,6.1031
1960-08-01,2.7486,6.1151
1960-09-01,2.7486,6.0845
1960-10-01,2.7415,6.0579
1960-11-01,2.7415,6.0897
1960-12-01,2.7415,6.1134
1961-01-01,2.7402,6.1636
1961-02-01,2.7383,6.2038
1961-03-01,2.7363,6.2347
1961-04-01,2.7363,6.261
1961-05-01,2.7363,6.2711
1961-06-01,2.7363,6.2578
1961-07-01,2.7331,6.2484
1961-08-01,2.7402,6.287
1961-09-01,2.7402,6.2758
1961-10-01,2.7505,6.2867
1961-11-01,2.7606,6.331
1961-12-01,2.7701,6.3403
1962-01-01,2.7738,6.3023
1962-02-01,2.7738,6.3155
1962-03-01,2.777,6.3165
1962-04-01,2.777,6.2808
1962-05-01,2.7801,6.2035
1962-06-01,2.7832,6.0793
1962-07-01,2.7832,6.0998
1962-08-01,2.7862,6.1266
1962-09-01,2.7862,6.1144
1962-10-01,2.7942,6.0824
1962-11-01,2.8021,6.149
1962-12-01,2.81,6.1914
1963-01-01,2.813,6.2293
1963-02-01,2.8166,6.2424
1963-03-01,2.816,6.2353
1963-04-01,2.8238,6.2813
1963-05-01,2.8314,6.3012
1963-06-01,2.8362,6.2975
1963-07-01,2.8344,6.2793
1963-08-01,2.8356,6.3065
1963-09-01,2.8373,6.3326
1963-10-01,2.8443,6.3318
1963-11-01,2.8547,6.3261
1963-12-01,2.8616,6.344
1964-01-01,2.869,6.3743
1964-02-01,2.8764,6.3865
1964-03-01,2.8837,6.4046
1964-04-01,2.8909,6.4189
1964-05-01,2.8976,6.4287
1964-06-01,2.9014,6.4195
1964-07-01,2.9069,6.4527
1964-08-01,2.9183,6.4412
1964-09-01,2.9232,6.455
1964-10-01,2.9312,6.4721
1964-11-01,2.9365,6.4758
1964-12-01,2.9444,6.4583
1965-01-01,2.9507,6.4837
1965-02-01,2.9575,6.491
1965-03-01,2.9611,6.4887
1965-04-01,2.9653,6.4986
1965-05-01,2.9735,6.5134
1965-06-01,2.9745,6.4584
1965-07-01,2.9811,6.4568
1965-08-01,2.9872,6.4753
1965-09-01,2.9937,6.5082
1965-10-01,2.9977,6.5272
1965-11-01,3.0052,6.5355
1965-12-01,3.0096,6.5278
1966-01-01,3.017,6.545
1966-02-01,3.018,6.5319
1966-03-01,3.0219,6.4868
1966-04-01,3.0219,6.5108
1966-05-01,3.0277,6.4567
1966-06-01,3.0306,6.4453
1966-07-01,3.0345,6.4397
1966-08-01,3.0354,6.3712
1966-09-01,3.0421,6.3353
1966-10-01,3.034,6.3204
1966-11-01,3.0316,6.3693
1966-12-01,3.0292,6.3735
1967-01-01,3.0325,6.4111
1967-02-01,3.0364,6.445
1967-03-01,3.0364,6.4653
1967-04-01,3.0335,6.4793
1967-05-01,3.0306,6.4941
1967-06-01,3.0277,6.4784
1967-07-01,3.0267,6.4926
1967-08-01,3.0263,6.5054
1967-09-01,3.0253,6.5163
1967-10-01,3.0224,6.5117
1967-11-01,3.0194,6.4769
1967-12-01,3.0165,6.502
1968-01-01,3.0141,6.4934
1968-02-01,3.0146,6.4443
1968-03-01,3.015,6.4229
1968-04-01,3.0165,6.4913
1968-05-01,3.0185,6.5111
1968-06-01,3.017,6.5318
1968-07-01,3.0155,6.5241
1968-08-01,3.017,6.4992
1968-09-01,3.019,6.5283
1968-10-01,3.0175,6.547
1968-11-01,3.019,6.5595
1968-12-01,3.0204,6.567
1969-01-01,3.0209,6.521
1969-02-01,3.0185,6.5105
1969-03-01,3.0136,6.4803
1969-04-01,3.0111,6.4947
1969-05-01,3.0116,6.524
1969-06-01,3.0096,6.4649
1969-07-01,3.0062,6.4137
1969-08-01,3.0027,6.4027
1969-09-01,3.0022,6.4035
1969-10-01,2.9977,6.4088
1969-11-01,2.9937,6.4106
1969-12-01,2.9892,6.3508
1970-01-01,2.9877,6.3394
1970-02-01,2.9837,6.2986
1970-03-01,2.9791,6.3103
1970-04-01,2.9725,6.2715
1970-05-01,2.9709,6.1467
1970-06-01,2.9668,6.1353
1970-07-01,2.9627,6.1319
1970-08-01,2.9637,6.1605
1970-09-01,2.9596,6.2135
1970-10-01,2.9497,6.2299
1970-11-01,2.9392,6.2237
1970-12-01,2.9285,6.2849
1971-01-01,2.9258,6.3224
1971-02-01,2.9199,6.3579
1971-03-01,2.914,6.3807
1971-04-01,2.9107,6.4118
1971-05-01,2.9047,6.3931
1971-06-01,2.8959,6.367
1971-07-01,2.8926,6.3573
1971-08-01,2.8893,6.3369
1971-09-01,2.8881,6.3589
1971-10-01,2.8831,6.335
1971-11-01,2.8809,6.2875
1971-12-01,2.8741,6.3492
1972-01-01,2.8741,6.3901
1972-02-01,2.869,6.4034
1972-03-01,2.8668,6.4245
1972-04-01,2.8645,6.4322
1972-05-01,2.8622,6.4197
1972-06-01,2.8593,6.42
1972-07-01,2.8559,6.4078
1972-08-01,2.8547,6.4403
1972-09-01,2.853,6.4234
1972-10-01,2.8559,6.4205
1972-11-01,2.8611,6.4671
1972-12-01,2.8662,6.4854
1973-01-01,2.8662,6.4906
1973-02-01,2.8611,6.4475
1973-03-01,2.8542,6.4223
1973-04-01,2.8524,6.3966
1973-05-01,2.8507,6.3612
1973-06-01,2.849,6.3318
1973-07-01,2.8519,6.339
1973-08-01,2.8391,6.302
1973-09-01,2.842,6.317
1973-10-01,2.8443,6.3472
1973-11-01,2.849,6.2669
1973-12-01,2.8536,6.187
1974-01-01,2.8507,6.1923
1974-02-01,2.8437,6.1515
1974-03-01,2.8367,6.1806
1974-04-01,2.8385,6.124
1974-05-01,2.832,6.0809
1974-06-01,2.8291,6.0741
1974-07-01,2.8297,5.9418
1974-08-01,2.8261,5.8875
1974-09-01,2.8226,5.7657
1974-10-01,2.8136,5.7751
1974-11-01,2.807,5.7999
1974-12-01,2.8003,5.7248
1975-01-01,2.8028,5.7997
1975-02-01,2.8015,5.8909
1975-03-01,2.804,5.932
1975-04-01,2.804,5.9394
1975-05-01,2.8015,5.9953
1975-06-01,2.7979,6.013
1975-07-01,2.7869,6.0028
1975-08-01,2.785,5.9249
1975-09-01,2.7794,5.9072
1975-10-01,2.7713,5.9467
1975-11-01,2.7613,5.9562
1975-12-01,2.7549,5.9373
1976-01-01,2.7543,6.0235
1976-02-01,2.7511,6.0578
1976-03-01,2.7505,6.061
1976-04-01,2.753,6.0653
1976-05-01,2.7524,6.0513
1976-06-01,2.753,6.0519
1976-07-01,2.7562,6.0699
1976-08-01,2.7587,6.056
1976-09-01,2.7632,6.0736
1976-10-01,2.7751,6.0337
1976-11-01,2.7899,6.0251
1976-12-01,2.8034,6.0556
1977-01-01,2.8094,6.0418
1977-02-01,2.8106,6.0043
1977-03-01,2.8154,5.9936
1977-04-01,2.8202,5.9697
1977-05-01,2.8285,5.9618
1977-06-01,2.835,5.9605
1977-07-01,2.8408,5.9647
1977-08-01,2.8478,5.9367
1977-09-01,2.8553,5.9177
1977-10-01,2.8645,5.8883
1977-11-01,2.8719,5.8892
1977-12-01,2.8809,5.8811
1978-01-01,2.8837,5.8358
1978-02-01,2.8865,5.8153
1978-03-01,2.8876,5.8056
1978-04-01,2.8876,5.8406
1978-05-01,2.8854,5.8807
1978-06-01,2.882,5.8725
1978-07-01,2.882,5.86
1978-08-01,2.8848,5.9222
1978-09-01,2.8848,5.9146
1978-10-01,2.8792,5.8734
1978-11-01,2.8781,5.8086
1978-12-01,2.8769,5.8188
1979-01-01,2.8764,5.8468
1979-02-01,2.873,5.8202
1979-03-01,2.8713,5.8289
1979-04-01,2.869,5.8374
1979-05-01,2.8651,5.8012
1979-06-01,2.8628,5.8096
1979-07-01,2.8622,5.8084
1979-08-01,2.8633,5.8436
1979-09-01,2.8628,5.844
1979-10-01,2.8633,5.7975
1979-11-01,2.8622,5.7805
1979-12-01,2.8599,5.8088
1980-01-01,2.8547,5.8229
1980-02-01,2.8495,5.8478
1980-03-01,2.8432,5.7362
1980-04-01,2.8397,5.7087
1980-05-01,2.8379,5.7435
1980-06-01,2.835,5.7947
1980-07-01,2.842,5.839
1980-08-01,2.842,5.8622
1980-09-01,2.8408,5.8778
1980-10-01,2.8362,5.8972
1980-11-01,2.8332,5.9304
1980-12-01,2.8285,5.9047
1981-01-01,2.8273,5.8929
1981-02-01,2.8232,5.8474
1981-03-01,2.8226,5.8773
1981-04-01,2.822,5.8795
1981-05-01,2.8196,5.8514
1981-06-01,2.8166,5.847
1981-07-01,2.8124,5.8116
1981-08-01,2.8118,5.8078
1981-09-01,2.8088,5.7069
1981-10-01,2.8118,5.7174
1981-11-01,2.8142,5.7397
1981-12-01,2.8166,5.7438
1982-01-01,2.8178,5.6867
1982-02-01,2.8196,5.6593
1982-03-01,2.8249,5.6275
1982-04-01,2.8249,5.6718
1982-05-01,2.8202,5.6632
1982-06-01,2.8118,5.5915
1982-07-01,2.8088,5.5836
1982-08-01,2.8088,5.5842
1982-09-01,2.8088,5.6918
1982-10-01,2.8064,5.7695
1982-11-01,2.8094,5.8114
1982-12-01,2.8148,5.8249
1983-01-01,2.8148,5.8574
1983-02-01,2.8154,5.8736
1983-03-01,2.8172,5.9077
1983-04-01,2.8118,5.938
1983-05-01,2.807,5.9717
1983-06-01,2.8058,5.9827
1983-07-01,2.8046,5.9822
1983-08-01,2.8046,5.9513
1983-09-01,2.8021,5.9755
1983-10-01,2.8034,5.9755
1983-11-01,2.8058,5.9585
1983-12-01,2.8088,5.9526
1984-01-01,2.8076,5.9588
1984-02-01,2.8064,5.8977
1984-03-01,2.8088,5.8964
1984-04-01,2.81,5.8928
1984-05-01,2.813,5.8835
1984-06-01,2.816,5.858
1984-07-01,2.8154,5.841
1984-08-01,2.8148,5.9215
1984-09-01,2.813,5.9271
1984-10-01,2.8172,5.9163
1984-11-01,2.8238,5.9254
1984-12-01,2.8303,5.9145
1985-01-01,2.8344,5.9549
1985-02-01,2.8356,6.0029
1985-03-01,2.8373,5.9908
1985-04-01,2.8362,5.9928
1985-05-01,2.8356,6.0126
1985-06-01,2.8362,6.0312
1985-07-01,2.8391,6.0482
1985-08-01,2.8414,6.0243
1985-09-01,2.8426,5.999
1985-10-01,2.8414,6.0066
1985-11-01,2.8414,6.0628
1985-12-01,2.8414,6.1085
1986-01-01,2.8437,6.1101
1986-02-01,2.8513,6.1652
1986-03-01,2.8611,6.2269
1986-04-01,2.8662,6.253
1986-05-01,2.8668,6.2524
1986-06-01,2.8645,6.275
1986-07-01,2.8696,6.254
1986-08-01,2.873,6.2719
1986-09-01,2.8741,6.2397
1986-10-01,2.8753,6.235
1986-11-01,2.8764,6.266
1986-12-01,2.8775,6.2793
1987-01-01,2.8736,6.3349
1987-02-01,2.8724,6.3915
1987-03-01,2.8702,6.4275
1987-04-01,2.8719,6.4112
1987-05-01,2.8753,6.4069
1987-06-01,2.8792,6.4451
1987-07-01,2.882,6.4709
1987-08-01,2.882,6.526
1987-09-01,2.882,6.4877
1987-10-01,2.8854,6.3564
1987-11-01,2.8904,6.2213
1987-12-01,2.8959,6.2048
1988-01-01,2.8987,6.2409
1988-02-01,2.9014,6.2682
1988-03-01,2.902,6.2929
1988-04-01,2.9074,6.276
1988-05-01,2.9145,6.2475
1988-06-01,2.9199,6.2987
1988-07-01,2.9242,6.2886
1988-08-01,2.928,6.2641
1988-09-01,2.9296,6.2736
1988-10-01,2.936,6.3047
1988-11-01,2.9444,6.2805
1988-12-01,2.9518,6.299
1989-01-01,2.9554,6.3257
1989-02-01,2.9601,6.3513
1989-03-01,2.9627,6.3411
1989-04-01,2.9668,6.3668
1989-05-01,2.9714,6.3988
1989-06-01,2.9796,6.4272
1989-07-01,2.9892,6.4497
1989-08-01,2.9992,6.4915
1989-09-01,3.0077,6.4903
1989-10-01,3.0146,6.4858
1989-11-01,3.0238,6.4625
1989-12-01,3.034,6.4853
1990-01-01,3.0316,6.4499
1990-02-01,3.035,6.4168
1990-03-01,3.0374,6.4353
1990-04-01,3.0464,6.433
1990-05-01,3.054,6.4657
1990-06-01,3.0587,6.4888
1990-07-01,3.0596,6.484
1990-08-01,3.0554,6.39
1990-09-01,3.0516,6.3342
1990-10-01,3.0531,6.3016
1990-11-01,3.0582,6.3256
1990-12-01,3.0653,6.3674
1991-01-01,3.0596,6.3514
1991-02-01,3.0587,6.457
1991-03-01,3.0578,6.4828
1991-04-01,3.0573,6.501
1991-05-01,3.0554,6.4936
1991-06-01,3.0531,6.4914
1991-07-01,3.0554,6.4951
1991-08-01,3.0559,6.516
1991-09-01,3.0549,6.5059
1991-10-01,3.0512,6.5036
1991-11-01,3.0464,6.4983
1991-12-01,3.0431,6.5042
1992-01-01,3.045,6.5713
1992-02-01,3.045,6.5592
1992-03-01,3.0431,6.5415
1992-04-01,3.0417,6.5402
1992-05-01,3.0402,6.5567
1992-06-01,3.0364,6.5373
1992-07-01,3.0364,6.5516
1992-08-01,3.0354,6.5557
1992-09-01,3.0345,6.5542
1992-10-01,3.0306,6.5362
1992-11-01,3.0292,6.5596
1992-12-01,3.0292,6.5901
1993-01-01,3.0272,6.5843
1993-02-01,3.0263,6.5955
1993-03-01,3.0253,6.611
1993-04-01,3.0238,6.5924
1993-05-01,3.0233,6.5958
1993-06-01,3.0233,6.6008
1993-07-01,3.0233,6.599
1993-08-01,3.0204,6.6114
1993-09-01,3.0185,6.6206
1993-10-01,3.016,6.6265
1993-11-01,3.0165,6.6237
1993-12-01,3.0185,6.6303
1994-01-01,3.019,6.6425
1994-02-01,3.019,6.6361
1994-03-01,3.019,6.6161
1994-04-01,3.0209,6.5783
1994-05-01,3.0238,6.5858
1994-06-01,3.0238,6.5911
1994-07-01,3.0233,6.5809
1994-08-01,3.0219,6.6049
1994-09-01,3.0214,6.608
1994-10-01,3.0272,6.6006
1994-11-01,3.0321,6.5932
1994-12-01,3.0383,6.5805
1995-01-01,3.0345,6.5984
1995-02-01,3.0306,6.6296
1995-03-01,3.0272,6.6493
1995-04-01,3.0287,6.6755
1995-05-01,3.0316,6.7044
1995-06-01,3.0345,6.7316
1995-07-01,3.0393,6.7645
1995-08-01,3.0421,6.765
1995-09-01,3.0455,6.7976
1995-10-01,3.0474,6.8015
1995-11-01,3.0531,6.8235
1995-12-01,3.0587,6.8556
1996-01-01,3.0601,6.8496
1996-02-01,3.0643,6.9019
1996-03-01,3.0667,6.8929
1996-04-01,3.0667,6.8893
1996-05-01,3.069,6.9088
1996-06-01,3.0722,6.9191
1996-07-01,3.0796,6.88
1996-08-01,3.0865,6.9066
1996-09-01,3.0924,6.9216
1996-10-01,3.0947,6.9571
1996-11-01,3.0978,7.0028
1996-12-01,3.1032,7.0131
1997-01-01,3.1037,7.0404
1997-02-01,3.1041,7.0783
1997-03-01,3.1055,7.068
1997-04-01,3.1064,7.0305
1997-05-01,3.1091,7.1178
1997-06-01,3.11,7.1671
1997-07-01,3.1126,7.2202
1997-08-01,3.1144,7.2205
1997-09-01,3.1157,7.2285
1997-10-01,3.1166,7.241
1997-11-01,3.121,7.2286
1997-12-01,3.1259,7.2546
1998-01-01,3.1272,7.2537
1998-02-01,3.1285,7.3127
1998-03-01,3.1303,7.3614
1998-04-01,3.1346,7.3918
1998-05-01,3.139,7.3866
1998-06-01,3.1442,7.3853
1998-07-01,3.1472,7.4267
1998-08-01,3.1502,7.3519
1998-09-01,3.1527,7.2992
1998-10-01,3.1515,7.3083
1998-11-01,3.1527,7.4112
1998-12-01,3.154,7.4509
1999-01-01,3.157,7.4966
1999-02-01,3.1608,7.4937
1999-03-01,3.1629,7.5184
1999-04-01,3.1506,7.5517
1999-05-01,3.1459,7.5497
1999-06-01,3.1407,7.5425
1999-07-01,3.1429,7.5828
1999-08-01,3.1459,7.5409
1999-09-01,3.1459,7.5291
1999-10-01,3.1446,7.5134
1999-11-01,3.1446,7.5804
1999-12-01,3.145,7.6072
2000-01-01,3.1476,7.602
2000-02-01,3.1472,7.57
2000-03-01,3.1446,7.5995
2000-04-01,3.1429,7.6121
2000-05-01,3.1403,7.5812
2000-06-01,3.1342,7.6061
2000-07-01,3.1246,7.6113
2000-08-01,3.1171,7.6198
2000-09-01,3.1046,7.6028
2000-10-01,3.1014,7.5465
2000-11-01,3.0996,7.5372
2000-12-01,3.0987,7.503
2001-01-01,3.086,7.5002
2001-02-01,3.0759,7.4736
2001-03-01,3.0676,7.375
2001-04-01,3.0578,7.3744
2001-05-01,3.0474,7.4354
2001-06-01,3.0397,7.4085
2001-07-01,3.0436,7.3832
2001-08-01,3.0445,7.3614
2001-09-01,3.0412,7.2364
2001-10-01,3.0445,7.2699
2001-11-01,3.0464,7.3197
2001-12-01,3.0502,7.3371
2002-01-01,3.0479,7.3307
2002-02-01,3.0436,7.2914
2002-03-01,3.0378,7.333
2002-04-01,3.0383,7.2904
2002-05-01,3.045,7.2606
2002-06-01,3.0507,7.1977
2002-07-01,3.0445,7.0813
2002-08-01,3.0359,7.0878
2002-09-01,3.0292,7.0359
2002-10-01,3.0335,7.0189
2002-11-01,3.0393,7.0816
2002-12-01,3.0474,7.072
2003-01-01,3.0459,7.0638
2003-02-01,3.0417,6.9882
2003-03-01,3.0388,6.9937
2003-04-01,3.0397,7.0458
2003-05-01,3.0402,7.0978
2003-06-01,3.0383,7.1508
2003-07-01,3.0459,7.1543
2003-08-01,3.0507,7.1475
2003-09-01,3.0559,7.174
2003-10-01,3.0727,7.1938
2003-11-01,3.091,7.2072
2003-12-01,3.1077,7.2372
2004-01-01,3.1148,7.2792
2004-02-01,3.1215,7.2833
2004-03-01,3.1268,7.2598
2004-04-01,3.1342,7.2649
2004-05-01,3.139,7.2317
2004-06-01,3.1463,7.2554
2004-07-01,3.1579,7.2329
2004-08-01,3.1672,7.217
2004-09-01,3.1747,7.2409
2004-10-01,3.1743,7.2353
2004-11-01,3.1785,7.28
2004-12-01,3.1872,7.3092
2005-01-01,3.1987,7.2922
2005-02-01,3.206,7.3017
2005-03-01,3.2112,7.29
2005-04-01,3.2161,7.2575
2005-05-01,3.2284,7.2703
2005-06-01,3.2391,7.2899
2005-07-01,3.2434,7.3018
2005-08-01,3.2469,7.2984
2005-09-01,3.2434,7.2876
2005-10-01,3.2527,7.2575
2005-11-01,3.2718,7.3029
2005-12-01,3.2873,7.3267
2006-01-01,3.288,7.3323
2006-02-01,3.2947,7.3286
2006-03-01,3.2973,7.3364
2006-04-01,3.2984,7.3344
2006-05-01,3.3028,7.3201
2006-06-01,3.3102,7.2891
2006-07-01,3.3164,7.2918
2006-08-01,3.324,7.311
2006-09-01,3.3379,7.3394
2006-10-01,3.3541,7.3789
2006-11-01,3.3663,7.3987
2006-12-01,3.3752,7.417
2007-01-01,3.3803,7.4194
2007-02-01,3.383,7.4285
2007-03-01,3.382,7.3929
2007-04-01,3.3844,7.4259
2007-05-01,3.3871,7.4517
2007-06-01,3.3938,7.4518
2007-07-01,3.4042,7.4564
2007-08-01,3.4161,7.4138
2007-09-01,3.4233,7.4398
2007-10-01,3.4304,7.4657
2007-11-01,3.4337,7.409
2007-12-01,3.4436,7.4204
2008-01-01,3.4455,7.3451
2008-02-01,3.4494,7.3247
2008-03-01,3.4474,7.2877
2008-04-01,3.4462,7.3215
2008-05-01,3.4427,7.3367
2008-06-01,3.4375,7.2816
2008-07-01,3.4337,7.2117
2008-08-01,3.4395,7.2347
2008-09-01,3.4423,7.1844
2008-10-01,3.4471,6.9666
2008-11-01,3.4614,6.8932
2008-12-01,3.4664,6.8974
2009-01-01,3.4484,6.8793
2009-02-01,3.4298,6.8021
2009-03-01,3.4135,6.738
2009-04-01,3.3905,6.8491
2009-05-01,3.3666,6.9082
2009-06-01,3.3368,6.9256
2009-07-01,3.316,6.9376
2009-08-01,3.291,7.0113
2009-09-01,3.2673,7.0446
2009-10-01,3.2453,7.0655
2009-11-01,3.2229,7.0838
2009-12-01,3.2027,7.1058
2010-01-01,3.1921,7.1142
2010-02-01,3.1843,7.0829
2010-03-01,3.1726,7.1349
2010-04-01,3.1726,7.1717
2010-05-01,3.1739,7.1087
2010-06-01,3.1768,7.0719
2010-07-01,3.1814,7.0684
2010-08-01,3.1851,7.0739
2010-09-01,3.1892,7.1049
2010-10-01,3.1934,7.1468
2010-11-01,3.1987,7.1694
2010-12-01,3.2023,7.2026
2011-01-01,3.2076,7.2304
2011-02-01,3.2129,7.2551
2011-03-01,3.2133,7.2327
2011-04-01,3.2197,7.2468
2011-05-01,3.2276,7.2472
2011-06-01,3.2414,7.2094
2011-07-01,3.2519,7.2375
2011-08-01,3.2604,7.1232
2011-09-01,3.2699,7.112
2011-10-01,3.2884,7.1421
2011-11-01,3.3054,7.1587
2011-12-01,3.324,7.1749
2012-01-01,3.3311,7.2155
2012-02-01,3.3379,7.2503
2012-03-01,3.3418,7.2695
2012-04-01,3.3506,7.2645
2012-05-01,3.3631,7.2325
2012-06-01,3.3762,7.2206
2012-07-01,3.3925,7.2493
2012-08-01,3.4019,7.2754
2012-09-01,3.4118,7.299
2012-10-01,3.4304,7.2955
2012-11-01,3.4535,7.2697
2012-12-01,3.4741,7.2921
2013-01-01,3.4803,7.3292
2013-02-01,3.4812,7.3424
2013-03-01,3.4874,7.3649
2013-04-01,3.5004,7.3787
2013-05-01,3.5106,7.42
2013-06-01,3.5199,7.4046
2013-07-01,3.5308,7.4346
2013-08-01,3.5407,7.4343
2013-09-01,3.5505,7.4433
2013-10-01,3.5588,7.4651
2013-11-01,3.5664,7.5034
2013-12-01,3.5723,7.517
2014-01-01,3.5802,7.5213
2014-02-01,3.5882,7.5147
2014-03-01,3.5932,7.5336
2014-04-01,3.6006,7.5307
2014-05-01,3.6074,7.5408
2014-06-01,3.6158,7.5688
2014-07-01,3.6262,7.5825
2014-08-01,3.6376,7.5782
2014-09-01,3.6465,7.5935
2014-10-01,3.6571,7.5676
2014-11-01,3.6707,7.6269
2014-12-01,3.6844,7.6373
2015-01-01,3.7006,7.6292
2015-02-01,3.7077,7.6512
2015-03-01,3.7131,7.6442
2015-04-01,3.7184,7.6493
2015-05-01,3.7209,7.6523
2015-06-01,3.725,7.6428
2015-07-01,3.731,7.6403
2015-08-01,3.7386,7.6155
2015-09-01,3.7462,7.5691
