age,bay_area,cabernet,carneros,cases,cluster,estate,mendocino,merlot,napa,nonvariety,pinot,price,reserve,score,shiraz,sierra,sonoma,sth_coast,time,vineyard,washington,y00,y91,y92,y93,y94,y95,y96,y97,y98,y99
2,0,1,0,0.05,4,0,0,0,1,0,0,124.460007,0,93,0,0,0,0,10,0,0,0,1,0,0,0,0,0,0,0,0
3,1,0,0,5.679,4,0,0,0,0,1,0,122.399986,0,92,0,0,0,0,2,0,0,0,0,0,0,0,0,0,0,0,1
2,0,0,0,0.5,4,0,0,0,1,1,0,104.0,0,93,0,0,0,0,2,0,0,0,0,0,0,0,0,0,0,0,1
2,0,1,0,1.4,4,0,0,0,1,0,0,98.010002,0,88,0,0,0,0,8,0,0,0,0,0,1,0,0,0,0,0,0
3,0,0,0,26.0,4,0,0,0,1,1,0,146.589996,0,94,0,0,0,0,4,0,0,0,0,0,0,0,0,0,1,0,0
4,0,1,0,0.45,4,0,0,0,1,0,0,149.999985,0,93,0,0,0,0,2,0,0,0,0,0,0,0,0,0,0,0,1
3,0,1,0,0.118,4,0,0,0,1,0,0,104.0,0,84,0,0,0,0,3,0,0,0,0,0,0,0,0,0,0,1,0
3,0,0,0,15.0,4,0,0,0,1,1,0,127.499992,0,94,0,0,0,0,2,0,0,0,0,0,0,0,0,0,0,0,1
3,0,1,0,2.18,4,0,0,0,1,0,0,130.000015,0,90,0,0,0,0,3,1,0,0,0,0,0,0,0,0,0,1,0
3,1,1,0,0.8,4,0,0,0,0,0,0,137.699997,0,91,0,0,0,0,2,0,0,0,0,0,0,0,0,0,0,0,1
5,0,1,0,5.62,4,0,0,0,1,0,0,142.800003,0,93,0,0,0,0,4,1,0,0,0,0,0,0,0,0,1,0,0
3,0,0,1,0.143,4,0,0,0,0,0,1,127.499992,0,92,0,0,0,0,2,1,0,0,0,0,0,0,0,0,0,0,1
3,0,0,0,0.273,4,0,0,0,0,0,1,126.499992,0,92,0,0,1,0,5,1,0,0,0,0,0,0,0,1,0,0,0
2,0,0,0,1.103,4,0,0,0,0,0,1,105.400002,0,89,0,0,1,0,9,1,0,0,0,1,0,0,0,0,0,0,0
5,0,1,0,3.2,4,0,0,0,1,0,0,124.799995,0,93,0,0,0,0,5,1,0,0,0,0,0,0,0,1,0,0,0
3,0,0,0,0.9,4,0,0,0,1,1,0,133.75,1,89,0,0,0,0,4,0,0,0,0,0,0,0,0,0,1,0,0
3,0,0,0,0.9800000000000001,4,0,0,0,0,0,1,123.999992,0,92,0,0,1,0,10,1,0,0,1,0,0,0,0,0,0,0,0
3,0,1,0,1.1880000000000002,4,0,0,0,1,0,0,128.400009,0,93,0,0,0,0,4,0,0,0,0,0,0,0,0,0,1,0,0
3,1,1,0,0.7,4,0,0,0,0,0,0,124.299995,0,88,0,0,0,0,6,0,0,0,0,0,0,0,1,0,0,0,0
3,0,1,0,0.43,4,0,0,0,0,0,0,127.499992,0,88,0,0,1,0,2,1,0,0,0,0,0,0,0,0,0,0,1
3,0,1,0,1.2,4,0,0,0,1,0,0,129.800003,0,93,0,0,0,0,5,0,0,0,0,0,0,0,0,1,0,0,0
3,0,1,0,2.4,4,0,0,0,1,0,0,98.800011,1,86,0,0,0,0,3,0,0,0,0,0,0,0,0,0,0,1,0
3,0,1,0,0.25,4,0,0,0,1,0,0,132.25,0,93,0,0,0,0,7,0,0,0,0,0,0,1,0,0,0,0,0
3,0,1,0,0.689,4,0,0,0,1,0,0,129.470001,0,91,0,0,0,0,4,0,0,0,0,0,0,0,0,0,1,0,0
2,0,0,0,0.3,4,0,0,0,1,1,0,101.650002,0,90,0,0,0,0,3,0,0,0,0,0,0,0,0,0,0,1,0
3,0,1,0,2.0,4,0,0,0,1,0,0,141.439987,0,91,0,0,0,0,3,0,0,0,0,0,0,0,0,0,0,1,0
4,0,1,0,1.5,4,0,0,0,1,0,0,140.400009,1,93,0,0,0,0,4,0,0,0,0,0,0,0,0,0,1,0,0
3,0,1,0,0.575,4,0,0,0,1,0,0,133.75,0,94,0,0,0,0,4,1,0,0,0,0,0,0,0,0,1,0,0
3,0,1,0,0.26,4,0,0,0,0,0,0,102.000008,0,88,0,0,1,0,2,0,0,0,0,0,0,0,0,0,0,0,1
3,0,1,0,1.1,4,1,0,0,1,0,0,104.0,0,89,0,0,0,0,3,0,0,0,0,0,0,0,0,0,0,1,0
3,1,0,0,6.338,4,0,0,0,0,1,0,128.400009,0,93,0,0,0,0,4,0,0,0,0,0,0,0,0,0,1,0,0
3,0,1,0,0.02,4,0,0,0,1,0,0,112.999992,0,88,0,0,0,0,6,0,0,0,0,0,0,0,1,0,0,0,0
3,0,1,0,2.8,4,0,0,0,1,0,0,127.649994,0,93,0,0,0,0,7,0,0,0,0,0,0,1,0,0,0,0,0
3,0,1,0,0.35,4,0,0,0,1,0,0,132.210007,0,97,0,0,0,0,6,0,0,0,0,0,0,0,1,0,0,0,0
2,0,0,0,0.78,4,0,0,0,0,0,1,111.600006,0,91,0,0,1,0,9,1,0,0,0,1,0,0,0,0,0,0,0
3,0,0,0,0.3,4,0,0,0,1,1,0,98.800011,0,82,0,0,0,0,3,0,0,0,0,0,0,0,0,0,0,1,0
4,0,1,0,1.298,4,0,0,0,1,0,0,137.699997,1,88,0,0,0,0,3,0,0,0,0,0,0,0,0,0,0,1,0
3,0,1,0,0.275,4,0,0,0,1,0,0,130.000015,0,89,0,0,0,0,3,0,0,0,0,0,0,0,0,0,0,1,0
3,0,0,0,1.859,4,0,0,0,0,1,0,124.799995,0,90,0,0,0,0,3,0,0,0,0,0,0,0,0,0,0,1,0
2,0,1,0,1.0,4,0,0,0,1,0,0,112.999992,0,92,0,0,0,0,5,0,0,0,0,0,0,0,0,1,0,0,0
3,0,1,0,0.55,4,0,0,0,1,0,0,104.0,0,87,0,0,0,0,3,0,0,0,0,0,0,0,0,0,0,1,0
3,0,1,0,0.268,4,0,0,0,1,0,0,128.400009,0,98,0,0,0,0,4,0,0,0,0,0,0,0,0,0,1,0,0
3,0,1,0,0.841,4,0,0,0,1,0,0,137.699997,0,93,0,0,0,0,2,1,0,0,0,0,0,0,0,0,0,0,1
3,0,1,0,0.6839999999999999,4,0,0,0,1,0,0,124.799995,0,89,0,0,0,0,3,0,0,0,0,0,0,0,0,0,0,1,0
3,0,1,0,1.3,4,0,0,0,1,0,0,129.949997,0,92,0,0,0,0,6,0,0,0,0,0,0,0,1,0,0,0,0
3,0,0,0,8.0,4,0,0,0,1,1,0,131.100006,0,96,0,0,0,0,7,0,0,0,0,0,0,1,0,0,0,0,0
3,0,1,0,0.119,4,1,0,0,1,0,0,127.499992,0,92,0,0,0,0,2,0,0,0,0,0,0,0,0,0,0,0,1
3,0,0,0,14.0,4,0,0,0,1,1,0,124.799995,0,93,0,0,0,0,3,0,0,0,0,0,0,0,0,0,0,1,0
4,0,1,0,0.335,4,0,0,0,1,0,0,130.000015,0,87,0,0,0,0,4,0,0,0,0,0,0,0,0,0,1,0,0
3,0,1,0,2.0,4,0,0,0,1,0,0,114.659988,0,87,0,0,0,0,8,0,0,0,0,0,1,0,0,0,0,0,0
3,0,1,0,0.6,4,0,0,0,1,0,0,147.900009,1,94,0,0,0,0,2,0,0,0,0,0,0,0,0,0,0,0,1
4,0,1,0,0.6,4,0,0,0,1,0,0,142.800003,0,86,0,0,0,0,3,0,0,0,0,0,0,0,0,0,0,1,0
3,0,0,0,20.0,4,0,0,0,1,1,0,131.610001,0,96,0,0,0,0,4,0,0,0,0,0,0,0,0,0,1,0,0
3,0,1,0,0.25,4,0,0,0,1,0,0,104.0,1,86,0,0,0,0,3,0,0,0,0,0,0,0,0,0,0,1,0
3,0,1,0,6.5,4,1,0,0,1,0,0,142.800003,0,94,0,0,0,0,2,0,0,0,0,0,0,0,0,0,0,0,1
5,0,0,0,0.434,4,0,0,0,0,1,0,130.000015,0,91,0,0,0,1,5,0,0,0,0,0,0,0,0,1,0,0,0
3,0,1,0,0.254,4,0,0,0,1,0,0,127.499992,0,92,0,0,0,0,2,1,0,0,0,0,0,0,0,0,0,0,1
4,0,1,0,2.0,4,0,0,0,1,0,0,124.019997,0,92,0,0,0,0,9,0,0,0,0,1,0,0,0,0,0,0,0
3,0,1,0,2.6,4,0,0,0,1,0,0,136.0,0,92,0,0,0,0,1,0,0,1,0,0,0,0,0,0,0,0,0
3,1,0,0,4.0,4,0,0,0,0,1,0,123.050003,0,93,0,0,0,0,7,0,0,0,0,0,0,1,0,0,0,0,0
3,0,1,0,1.028,4,0,0,0,1,0,0,129.949997,0,93,0,0,0,0,7,0,0,0,0,0,0,1,0,0,0,0,0
3,0,0,0,0.21000000000000002,4,0,0,0,0,0,1,118.800003,0,90,0,0,1,0,5,1,0,0,0,0,0,0,0,1,0,0,0
3,0,0,0,1.52,4,0,0,0,1,1,0,125.430008,0,94,0,0,0,0,6,0,0,0,0,0,0,0,1,0,0,0,0
3,0,0,0,0.2,4,0,0,0,0,0,1,148.350006,0,94,0,0,1,0,7,1,0,0,0,0,0,1,0,0,0,0,0
4,0,1,0,0.7,4,0,0,0,1,0,0,133.75,1,89,0,0,0,0,5,0,0,0,0,0,0,0,0,1,0,0,0
3,0,1,0,0.29,4,0,0,0,1,0,0,133.75,0,96,0,0,0,0,4,0,0,0,0,0,0,0,0,0,1,0,0
3,0,1,0,0.9,4,0,0,0,1,0,0,101.650002,0,89,0,0,0,0,4,1,0,0,0,0,0,0,0,0,1,0,0
3,0,0,0,1.6940000000000002,4,0,0,0,1,1,0,137.699997,1,92,0,0,0,0,2,0,0,0,0,0,0,0,0,0,0,0,1
2,0,1,0,1.752,4,0,0,0,1,0,0,127.529991,0,90,0,0,0,0,7,0,0,0,0,0,0,1,0,0,0,0,0
5,0,0,0,0.144,4,0,0,1,0,0,0,143.750015,0,94,0,0,1,0,9,0,0,0,0,1,0,0,0,0,0,0,0
2,0,1,0,0.6,4,0,0,0,1,0,0,112.999992,0,91,0,0,0,0,5,0,0,0,0,0,0,0,0,1,0,0,0
3,0,1,0,20.0,4,0,0,0,1,0,0,127.499992,1,94,0,0,0,0,2,0,0,0,0,0,0,0,0,0,0,0,1
3,1,0,0,4.5,4,0,0,0,0,1,0,124.799995,0,88,0,0,0,0,3,0,0,0,0,0,0,0,0,0,0,1,0
3,0,0,0,0.5,4,0,0,0,1,1,0,130.000015,0,93,0,0,0,0,3,0,0,0,0,0,0,0,0,0,0,1,0
3,0,0,0,0.2,4,0,0,0,1,1,0,137.699997,1,93,0,0,0,0,2,0,0,0,0,0,0,0,0,0,0,0,1
2,0,1,0,0.05,4,0,0,0,1,0,0,124.460007,0,94,0,0,0,0,10,0,0,0,1,0,0,0,0,0,0,0,0
4,0,1,0,0.3,4,0,0,0,1,0,0,132.599991,0,88,0,0,0,0,3,0,0,0,0,0,0,0,0,0,0,1,0
3,0,1,0,0.29,4,0,0,0,1,0,0,133.75,0,92,0,0,0,0,4,0,0,0,0,0,0,0,0,0,1,0,0
4,0,1,0,1.4,4,0,0,0,1,0,0,124.019997,1,98,0,0,0,0,9,0,0,0,0,1,0,0,0,0,0,0,0
4,0,1,0,0.7,4,0,0,0,1,0,0,127.690002,0,93,0,0,0,0,7,0,0,0,0,0,0,1,0,0,0,0,0
2,0,0,0,0.7,4,0,0,0,0,0,1,108.099998,0,93,0,0,1,0,6,1,0,0,0,0,0,0,1,0,0,0,0
4,0,1,0,0.35,4,0,0,0,1,0,0,137.699997,0,85,0,0,0,0,3,0,0,0,0,0,0,0,0,0,0,1,0
3,0,0,0,0.256,4,0,0,0,0,0,1,139.100006,0,93,0,0,1,0,4,1,0,0,0,0,0,0,0,0,1,0,0
4,0,0,0,0.352,4,0,0,0,0,1,0,130.000015,0,89,0,0,0,1,4,0,0,0,0,0,0,0,0,0,1,0,0
3,1,1,0,0.7,4,0,0,0,0,0,0,120.999992,0,87,0,0,0,0,5,0,0,0,0,0,0,0,0,1,0,0,0
4,0,0,0,2.347,4,0,0,0,1,1,0,149.999985,0,93,0,0,0,0,2,0,0,0,0,0,0,0,0,0,0,0,1
3,0,0,0,0.29,4,0,0,0,1,1,0,133.75,0,95,0,0,0,0,4,0,0,0,0,0,0,0,0,0,1,0,0
3,0,1,0,0.375,4,0,0,0,1,0,0,127.499992,0,90,0,0,0,0,2,0,0,0,0,0,0,0,0,0,0,0,1
3,0,0,0,0.7,4,0,0,0,1,1,0,140.400009,1,88,0,0,0,0,3,0,0,0,0,0,0,0,0,0,0,1,0
2,0,1,0,0.7,4,0,0,0,1,0,0,121.520012,0,91,0,0,0,0,9,0,0,0,0,1,0,0,0,0,0,0,0
2,0,1,0,0.7,4,0,0,0,1,0,0,112.999992,0,92,0,0,0,0,5,0,0,0,0,0,0,0,0,1,0,0,0
3,0,1,0,0.977,4,0,0,0,1,0,0,149.999985,0,89,0,0,0,0,1,1,0,1,0,0,0,0,0,0,0,0,0
3,0,0,0,0.44000000000000006,4,0,0,0,1,1,0,142.800003,0,95,0,0,0,0,2,0,0,0,0,0,0,0,0,0,0,0,1
3,0,1,0,2.0,4,0,0,0,1,0,0,143.380005,0,95,0,0,0,0,4,0,0,0,0,0,0,0,0,0,1,0,0
3,0,0,0,2.0,4,0,0,0,1,1,0,140.360001,0,94,0,0,0,0,9,0,0,0,0,1,0,0,0,0,0,0,0
3,0,1,0,4.826,4,0,0,0,1,0,0,84.530006,0,94,0,0,0,0,4,0,0,0,0,0,0,0,0,0,1,0,0
3,0,0,0,10.0,4,0,0,0,1,1,0,101.699997,0,93,0,0,0,0,6,0,0,0,0,0,0,0,1,0,0,0,0
3,0,0,0,0.7,4,0,1,0,0,0,1,70.199997,0,88,0,0,0,0,8,1,0,0,0,0,1,0,0,0,0,0,0
3,0,0,0,4.8,4,0,0,0,1,1,0,84.530006,0,97,0,0,0,0,4,0,0,0,0,0,0,0,0,0,1,0,0
3,0,1,0,2.2,4,0,0,0,0,0,0,74.899994,0,90,0,0,0,0,4,0,1,0,0,0,0,0,0,0,1,0,0
4,0,0,0,3.4859999999999998,4,0,0,0,1,1,0,93.600006,1,95,0,0,0,0,4,0,0,0,0,0,0,0,0,0,1,0,0
4,0,0,0,0.9880000000000001,4,0,0,0,0,1,0,77.0,0,89,0,0,0,0,6,0,1,0,0,0,0,0,1,0,0,0,0
3,0,1,0,1.1,4,0,0,0,1,0,0,62.400009,0,85,0,0,0,0,3,0,0,0,0,0,0,0,0,0,0,1,0
4,0,0,0,2.85,4,0,0,0,1,1,0,100.0,0,94,0,0,0,0,2,0,0,0,0,0,0,0,0,0,0,0,1
5,0,1,0,0.8400000000000001,4,0,0,0,0,0,0,91.799988,1,91,0,0,1,0,4,0,0,0,0,0,0,0,0,0,1,0,0
4,0,1,0,3.06,4,0,0,0,1,0,0,81.600006,0,89,0,0,0,0,3,0,0,0,0,0,0,0,0,0,0,1,0
4,0,1,0,0.49000000000000005,4,0,0,0,1,0,0,78.0,0,93,0,0,0,0,4,1,0,0,0,0,0,0,0,0,1,0,0
5,0,1,0,3.7439999999999998,4,0,0,0,1,0,0,96.900009,0,86,0,0,0,0,4,0,0,0,0,0,0,0,0,0,1,0,0
3,0,0,0,0.2,4,0,0,0,0,0,0,64.200005,1,87,0,0,1,0,4,0,0,0,0,0,0,0,0,0,1,0,0
5,0,1,0,7.624,4,0,0,0,1,0,0,90.090004,0,91,0,0,0,0,10,1,0,0,1,0,0,0,0,0,0,0,0
3,0,0,0,0.37,4,0,0,0,1,1,0,61.200005,0,87,0,0,0,0,2,0,0,0,0,0,0,0,0,0,0,0,1
3,0,1,0,0.2,4,0,0,0,1,0,0,97.749992,0,97,0,0,0,0,7,1,0,0,0,0,0,1,0,0,0,0,0
3,0,1,0,0.312,4,0,0,0,1,0,0,88.0,1,94,0,0,0,0,5,0,0,0,0,0,0,0,0,1,0,0,0
2,0,1,0,0.05,4,0,0,0,1,0,0,68.579994,0,90,0,0,0,0,10,0,0,0,1,0,0,0,0,0,0,0,0
5,0,1,0,0.9179999999999999,4,0,0,0,1,0,0,90.950012,0,91,0,0,0,0,6,0,0,0,0,0,0,0,1,0,0,0,0
3,0,0,0,0.267,4,0,0,0,0,0,1,61.200005,0,87,0,0,1,0,2,1,0,0,0,0,0,0,0,0,0,0,1
3,0,1,0,0.5,4,0,0,0,1,0,0,76.5,0,81,0,0,0,0,2,1,0,0,0,0,0,0,0,0,0,0,1
3,0,0,0,1.6,4,0,0,1,1,0,0,71.760002,0,89,0,0,0,0,3,0,0,0,0,0,0,0,0,0,0,1,0
4,0,1,0,1.239,4,0,0,0,0,0,0,82.499992,0,94,0,0,1,0,6,0,0,0,0,0,0,0,1,0,0,0,0
2,0,0,0,4.647,4,0,0,0,1,1,0,81.600006,0,92,0,0,0,0,1,0,0,1,0,0,0,0,0,0,0,0,0
4,1,0,0,1.691,4,0,0,0,0,0,1,78.0,0,88,0,0,0,0,4,1,0,0,0,0,0,0,0,0,1,0,0
3,0,1,0,0.125,4,0,0,0,1,0,0,80.25,0,99,0,0,0,0,4,0,0,0,0,0,0,0,0,0,1,0,0
3,1,0,0,0.11599999999999999,4,0,0,0,0,0,1,62.400009,1,87,0,0,0,0,3,0,0,0,0,0,0,0,0,0,0,1,0
3,0,1,0,3.1,4,0,0,0,1,0,0,93.090004,0,93,0,0,0,0,4,0,0,0,0,0,0,0,0,0,1,0,0
2,0,0,0,0.355,4,0,0,1,1,0,0,66.0,0,88,0,0,0,0,4,1,0,0,0,0,0,0,0,0,1,0,0
3,0,1,0,2.3,4,0,0,0,1,0,0,67.600006,0,87,0,0,0,0,3,0,0,0,0,0,0,0,0,0,0,1,0
3,0,0,0,0.7070000000000001,4,0,0,1,1,0,0,69.550003,0,88,0,0,0,0,4,0,0,0,0,0,0,0,0,0,1,0,0
4,1,0,0,0.7,4,0,0,0,0,1,0,88.549988,0,89,0,0,0,0,8,0,0,0,0,0,1,0,0,0,0,0,0
4,0,1,0,0.8,4,0,0,0,1,0,0,90.0,0,89,0,0,0,0,2,0,0,0,0,0,0,0,0,0,0,0,1
3,0,0,0,2.5,4,0,0,0,1,1,0,92.660004,0,92,0,0,0,0,6,0,0,0,0,0,0,0,1,0,0,0,0
3,0,1,0,0.5,4,0,0,0,0,0,0,64.200005,0,87,0,0,1,0,4,0,0,0,0,0,0,0,0,0,1,0,0
3,0,1,0,0.2,4,0,0,0,1,0,0,75.0,0,89,0,0,0,0,1,1,0,1,0,0,0,0,0,0,0,0,0
3,0,1,1,0.194,4,0,0,0,0,0,0,62.400009,0,87,0,0,0,0,3,0,0,0,0,0,0,0,0,0,0,1,0
2,0,0,0,1.92,4,0,0,1,0,0,0,71.690002,0,93,0,0,0,0,3,0,1,0,0,0,0,0,0,0,0,1,0
4,0,0,0,0.47000000000000003,4,0,0,0,0,1,0,77.0,0,87,0,0,0,0,6,0,1,0,0,0,0,0,1,0,0,0,0
3,0,1,0,13.5,4,0,0,0,1,0,0,88.549988,1,93,0,0,0,0,7,0,0,0,0,0,0,1,0,0,0,0,0
3,0,1,0,0.47800000000000004,4,0,0,0,1,0,0,80.25,0,96,0,0,0,0,4,1,0,0,0,0,0,0,0,0,1,0,0
3,0,0,0,0.398,4,0,0,0,1,1,0,62.400009,1,82,0,0,0,0,3,0,0,0,0,0,0,0,0,0,0,1,0
3,0,0,0,0.135,4,0,0,0,0,0,1,62.400009,0,86,0,0,1,0,3,1,0,0,0,0,0,0,0,0,0,1,0
4,0,1,0,0.308,4,0,0,0,1,0,0,80.25,1,84,0,0,0,0,5,0,0,0,0,0,0,0,0,1,0,0,0
3,0,1,0,0.42000000000000004,4,0,0,0,0,0,0,82.499992,1,91,0,0,0,0,5,1,1,0,0,0,0,0,0,1,0,0,0
2,0,0,0,0.446,4,0,0,0,0,0,1,69.550003,0,86,0,0,1,0,3,0,0,0,0,0,0,0,0,0,0,1,0
3,0,1,0,0.9789999999999999,4,1,0,0,1,0,0,71.400002,0,89,0,0,0,0,2,1,0,0,0,0,0,0,0,0,0,0,1
3,0,0,0,0.392,4,0,0,1,1,0,0,71.400002,0,86,0,0,0,0,2,0,0,0,0,0,0,0,0,0,0,0,1
3,0,1,0,6.539,4,0,0,0,0,0,0,81.400002,1,90,0,0,0,0,5,0,0,0,0,0,0,0,0,1,0,0,0
4,0,0,0,3.18,4,0,0,0,1,1,0,78.0,1,88,0,0,0,0,4,0,0,0,0,0,0,0,0,0,1,0,0
3,0,0,0,0.211,4,0,0,0,0,0,1,81.600006,0,92,0,0,1,0,2,1,0,0,0,0,0,0,0,0,0,0,1
3,0,1,0,0.488,4,0,0,0,1,0,0,78.0,0,88,0,0,0,0,3,1,0,0,0,0,0,0,0,0,0,1,0
4,0,1,1,0.29700000000000004,4,0,0,0,0,0,0,78.0,1,91,0,0,0,0,4,0,0,0,0,0,0,0,0,0,1,0,0
3,0,0,0,0.7,4,0,0,0,0,0,1,71.5,0,89,0,0,1,0,5,1,0,0,0,0,0,0,0,1,0,0,0
3,0,1,0,0.7,4,0,0,0,1,0,0,77.0,0,92,0,0,0,0,5,0,0,0,0,0,0,0,0,1,0,0,0
4,0,1,0,0.3,4,0,0,0,1,0,0,93.600006,1,91,0,0,0,0,4,0,0,0,0,0,0,0,0,0,1,0,0
2,0,0,0,1.458,4,0,0,0,0,0,1,71.919998,0,90,0,0,1,0,9,0,0,0,0,1,0,0,0,0,0,0,0
2,0,0,0,0.794,4,0,0,0,0,0,1,60.500004,0,85,0,0,1,0,8,0,0,0,0,0,1,0,0,0,0,0,0
4,0,1,0,0.15,4,0,0,0,1,0,0,85.599991,0,87,0,0,0,0,5,0,0,0,0,0,0,0,0,1,0,0,0
3,0,0,0,1.28,4,1,0,1,1,0,0,81.600006,0,93,0,0,0,0,2,0,0,0,0,0,0,0,0,0,0,0,1
4,0,1,0,0.49000000000000005,4,0,0,0,1,0,0,78.0,0,86,0,0,0,0,4,0,0,0,0,0,0,0,0,0,1,0,0
3,0,1,0,0.5389999999999999,4,0,0,0,1,0,0,80.25,0,91,0,0,0,0,4,1,0,0,0,0,0,0,0,0,1,0,0
3,0,1,0,0.125,4,0,0,0,0,0,0,76.5,1,90,0,0,0,0,2,1,1,0,0,0,0,0,0,0,0,0,1
3,0,1,0,4.321,4,0,0,0,1,0,0,81.600006,0,94,0,0,0,0,2,0,0,0,0,0,0,0,0,0,0,0,1
3,0,0,0,0.1,4,1,0,0,0,1,0,80.0,0,91,0,0,0,1,1,0,0,1,0,0,0,0,0,0,0,0,0
4,0,1,0,0.43,4,0,0,0,1,0,0,91.799988,0,90,0,0,0,0,3,0,0,0,0,0,0,0,0,0,0,1,0
2,0,0,0,1.0390000000000001,4,0,0,0,0,0,1,66.550003,0,85,0,0,1,0,8,1,0,0,0,0,1,0,0,0,0,0,0
4,0,1,0,2.4,4,0,0,0,1,0,0,91.799988,0,91,0,0,0,0,3,0,0,0,0,0,0,0,0,0,0,1,0
3,0,0,0,1.0,4,0,0,0,1,1,0,80.25,0,91,0,0,0,0,4,0,0,0,0,0,0,0,0,0,1,0,0
4,0,0,0,0.27999999999999997,4,0,0,0,1,0,0,82.499992,1,92,1,0,0,0,6,0,0,0,0,0,0,0,1,0,0,0,0
3,0,0,0,8.5,4,0,0,0,1,1,0,99.51001,0,93,0,0,0,0,4,0,0,0,0,0,0,0,0,0,1,0,0
3,0,1,0,7.5,4,0,0,0,1,0,0,80.25,1,93,0,0,0,0,4,0,0,0,0,0,0,0,0,0,1,0,0
2,0,0,0,0.382,4,0,0,0,0,0,1,60.500004,0,83,0,0,1,0,8,1,0,0,0,0,1,0,0,0,0,0,0
2,0,0,0,3.5,4,0,0,0,0,0,1,67.319992,0,85,0,0,0,0,1,0,0,1,0,0,0,0,0,0,0,0,0
5,0,1,0,0.567,4,0,0,0,0,0,0,76.5,1,90,0,0,0,1,4,0,0,0,0,0,0,0,0,0,1,0,0
3,0,1,0,0.674,4,0,0,0,1,0,0,66.0,1,88,0,0,0,0,5,0,0,0,0,0,0,0,0,1,0,0,0
3,0,0,0,0.398,4,0,0,0,0,0,1,67.600006,0,87,0,0,1,0,3,0,0,0,0,0,0,0,0,0,0,1,0
3,0,0,0,1.1460000000000001,4,1,0,1,1,0,0,78.0,0,88,0,0,0,0,3,0,0,0,0,0,0,0,0,0,0,1,0
3,0,0,1,0.054000000000000006,4,0,0,0,0,0,1,71.400002,0,88,0,0,0,0,2,0,0,0,0,0,0,0,0,0,0,0,1
2,0,0,1,0.466,4,0,0,0,0,0,1,62.400009,0,87,0,0,0,0,2,1,0,0,0,0,0,0,0,0,0,0,1
3,0,1,0,1.0,4,1,0,0,0,0,0,88.0,0,93,0,0,1,0,5,1,0,0,0,0,0,0,0,1,0,0,0
3,0,1,0,1.4300000000000002,4,0,0,0,1,0,0,82.799995,0,93,0,0,0,0,7,0,0,0,0,0,0,1,0,0,0,0,0
4,0,1,0,35.0,4,0,0,0,0,0,0,95.589996,0,91,0,0,1,0,10,0,0,0,1,0,0,0,0,0,0,0,0
5,0,0,0,0.225,4,0,0,0,0,0,1,90.0,0,96,0,0,1,0,3,1,0,0,0,0,0,0,0,0,0,1,0
3,0,0,0,0.32,4,0,0,0,0,0,1,60.0,0,84,0,0,1,0,1,1,0,1,0,0,0,0,0,0,0,0,0
4,0,1,0,10.0,4,0,0,0,1,0,0,100.0,1,93,0,0,0,0,2,0,0,0,0,0,0,0,0,0,0,0,1
3,0,1,0,0.736,4,0,0,0,1,0,0,85.599991,1,92,0,0,0,0,4,0,0,0,0,0,0,0,0,0,1,0,0
3,1,1,0,0.4,4,0,0,0,0,0,0,76.5,0,89,0,0,0,0,2,0,0,0,0,0,0,0,0,0,0,0,1
4,0,0,0,3.6,4,0,0,0,0,1,0,83.199997,0,89,0,0,1,0,4,0,0,0,0,0,0,0,0,0,1,0,0
3,0,0,0,0.09,4,0,0,0,1,0,0,76.5,0,90,1,0,0,0,2,1,0,0,0,0,0,0,0,0,0,0,1
3,0,1,0,0.8640000000000001,4,1,0,0,1,0,0,80.25,0,93,0,0,0,0,4,0,0,0,0,0,0,0,0,0,1,0,0
5,0,0,0,1.1,4,0,0,1,0,0,0,91.799988,1,91,0,0,1,0,4,0,0,0,0,0,0,0,0,0,1,0,0
3,0,1,0,4.2299999999999995,4,0,0,0,0,0,0,71.5,0,86,0,0,1,0,5,1,0,0,0,0,0,0,0,1,0,0,0
5,0,0,0,0.7,4,0,0,0,0,0,1,91.999992,0,97,0,0,1,0,9,1,0,0,0,1,0,0,0,0,0,0,0
3,0,1,0,5.0,4,0,0,0,1,0,0,89.279999,0,93,0,0,0,0,10,0,0,0,1,0,0,0,0,0,0,0,0
4,0,0,0,0.805,4,0,0,0,1,1,0,96.300011,1,96,0,0,0,0,5,0,0,0,0,0,0,0,0,1,0,0,0
3,0,1,0,0.375,4,0,0,0,0,0,0,73.450005,0,89,0,0,1,0,6,1,0,0,0,0,0,0,1,0,0,0,0
2,0,0,1,0.392,4,0,0,0,0,0,1,61.200005,0,88,0,0,0,0,1,1,0,1,0,0,0,0,0,0,0,0,0
4,0,1,0,0.2,4,0,0,0,1,0,0,93.5,0,94,0,0,0,0,6,1,0,0,0,0,0,0,1,0,0,0,0
3,0,1,0,1.27,4,0,0,0,1,0,0,65.540001,0,86,0,0,0,0,6,0,0,0,0,0,0,0,1,0,0,0,0
4,0,1,0,2.3,4,0,0,0,1,0,0,84.699989,0,91,0,0,0,0,10,0,0,0,1,0,0,0,0,0,0,0,0
2,0,0,1,0.8859999999999999,4,0,0,0,0,0,1,66.300003,0,88,0,0,0,0,1,1,0,1,0,0,0,0,0,0,0,0,0
3,0,1,0,2.582,4,0,0,0,1,0,0,86.699997,0,94,0,0,0,0,2,0,0,0,0,0,0,0,0,0,0,0,1
3,0,1,0,0.529,4,0,0,0,1,0,0,80.25,0,90,0,0,0,0,4,1,0,0,0,0,0,0,0,0,1,0,0
2,0,0,0,0.458,4,0,0,0,0,0,1,66.0,0,93,0,0,1,0,4,0,0,0,0,0,0,0,0,0,1,0,0
3,0,0,0,9.4,4,0,0,0,0,1,0,80.25,1,92,0,0,1,0,4,0,0,0,0,0,0,0,0,0,1,0,0
3,0,0,0,3.5,4,0,0,0,1,1,0,76.5,0,94,0,0,0,0,2,0,0,0,0,0,0,0,0,0,0,0,1
3,0,0,0,0.8,4,0,0,0,1,1,0,71.400002,0,85,0,0,0,0,2,0,0,0,0,0,0,0,0,0,0,0,1
2,0,0,0,0.145,4,0,0,0,0,0,1,62.400009,0,88,0,0,1,0,2,1,0,0,0,0,0,0,0,0,0,0,1
3,1,1,0,0.6,4,0,0,0,0,0,0,66.959999,0,87,0,0,0,0,10,0,0,0,1,0,0,0,0,0,0,0,0
3,0,0,0,0.2,4,0,0,0,0,0,0,75.0,0,89,1,1,0,0,1,0,0,1,0,0,0,0,0,0,0,0,0
3,0,1,0,0.8,4,0,0,0,1,0,0,83.459999,0,96,0,0,0,0,4,1,0,0,0,0,0,0,0,0,1,0,0
6,0,1,0,0.9,4,0,0,0,0,0,0,84.999992,1,92,0,0,1,0,4,0,0,0,0,0,0,0,0,0,1,0,0
3,0,0,0,0.125,4,0,0,0,0,0,1,76.5,0,88,0,0,1,0,2,1,0,0,0,0,0,0,0,0,0,0,1
3,0,0,0,0.215,4,0,0,0,0,0,1,66.0,0,88,0,0,1,0,1,0,0,1,0,0,0,0,0,0,0,0,0
3,0,1,0,0.182,4,0,0,0,1,0,0,75.0,0,92,0,0,0,0,1,0,0,1,0,0,0,0,0,0,0,0,0
3,0,1,0,0.9400000000000001,4,0,0,0,1,0,0,75.0,0,87,0,0,0,0,1,0,0,1,0,0,0,0,0,0,0,0,0
3,0,1,0,0.22999999999999998,4,0,0,0,1,0,0,88.400002,0,92,0,0,0,0,3,0,0,0,0,0,0,0,0,0,0,1,0
4,1,0,0,0.45899999999999996,4,0,0,0,0,0,1,83.199997,0,90,0,0,0,0,4,1,0,0,0,0,0,0,0,0,1,0,0
3,0,0,0,0.5,4,0,0,0,1,1,0,80.5,0,91,0,0,0,0,7,0,0,0,0,0,0,1,0,0,0,0,0
3,0,1,0,2.0,4,0,0,0,1,0,0,76.5,1,93,0,0,0,0,2,0,0,0,0,0,0,0,0,0,0,0,1
3,0,1,0,0.8,4,0,0,0,1,0,0,73.450005,1,90,0,0,0,0,6,0,0,0,0,0,0,0,1,0,0,0,0
3,0,1,0,0.75,4,0,0,0,1,0,0,62.400009,0,87,0,0,0,0,3,0,0,0,0,0,0,0,0,0,0,1,0
3,0,0,1,0.47300000000000003,4,0,0,0,0,0,1,78.0,0,89,0,0,0,0,3,0,0,0,0,0,0,0,0,0,0,1,0
3,0,0,0,0.43499999999999994,4,0,0,0,1,1,0,78.0,0,88,0,0,0,0,3,1,0,0,0,0,0,0,0,0,0,1,0
3,0,1,0,2.141,4,0,0,0,1,0,0,78.0,0,91,0,0,0,0,3,0,0,0,0,0,0,0,0,0,0,1,0
3,0,0,0,0.26,4,0,0,0,1,1,0,80.25,0,90,0,0,0,0,4,1,0,0,0,0,0,0,0,0,1,0,0
4,0,0,0,0.5,4,0,0,0,1,1,0,76.5,0,88,0,0,0,0,3,0,0,0,0,0,0,0,0,0,0,1,0
3,0,0,0,2.045,4,0,0,0,0,1,0,72.799995,1,86,0,0,1,0,3,0,0,0,0,0,0,0,0,0,0,1,0
4,1,0,0,3.4,4,0,0,0,0,1,0,84.530006,0,96,0,0,0,0,5,0,0,0,0,0,0,0,0,1,0,0,0
2,0,0,0,2.4,4,0,0,1,0,0,0,66.700005,0,91,0,0,0,0,6,0,1,0,0,0,0,0,1,0,0,0,0
3,0,1,0,0.4,4,0,0,0,1,0,0,69.360001,0,88,0,0,0,0,2,1,0,0,0,0,0,0,0,0,0,0,1
3,0,0,0,3.1,4,0,0,0,1,1,0,91.799988,1,92,0,0,0,0,2,0,0,0,0,0,0,0,0,0,0,0,1
3,0,0,0,0.944,4,0,0,0,1,1,0,71.400002,0,76,0,0,0,0,2,0,0,0,0,0,0,0,0,0,0,0,1
4,0,1,0,7.4,4,0,0,0,1,0,0,91.799988,1,89,0,0,0,0,3,0,0,0,0,0,0,0,0,0,0,1,0
4,0,0,0,6.7700000000000005,4,0,0,0,1,1,0,83.199997,0,91,0,0,0,0,4,0,0,0,0,0,0,0,0,0,1,0,0
3,0,0,0,5.6,4,0,0,0,0,1,0,76.5,0,89,0,0,1,0,2,0,0,0,0,0,0,0,0,0,0,0,1
3,0,1,0,0.825,4,0,0,0,1,0,0,90.950012,0,97,0,0,0,0,4,1,0,0,0,0,0,0,0,0,1,0,0
3,0,1,0,2.434,4,0,0,0,1,0,0,79.099998,0,93,0,0,0,0,6,0,0,0,0,0,0,0,1,0,0,0,0
3,0,1,0,0.75,4,0,0,0,1,0,0,62.400009,0,87,0,0,0,0,3,0,0,0,0,0,0,0,0,0,0,1,0
3,0,1,0,0.13,4,0,0,0,1,0,0,86.699997,0,92,0,0,0,0,2,0,0,0,0,0,0,0,0,0,0,0,1
3,0,1,0,1.128,4,0,0,0,1,0,0,90.950012,1,92,0,0,0,0,4,0,0,0,0,0,0,0,0,0,1,0,0
3,0,0,0,0.2,4,0,0,1,1,0,0,63.000004,0,87,0,0,0,0,1,0,0,1,0,0,0,0,0,0,0,0,0
3,0,0,0,0.379,4,0,0,1,1,0,0,76.5,0,90,0,0,0,0,2,1,0,0,0,0,0,0,0,0,0,0,1
3,0,1,0,0.79,4,0,0,0,1,0,0,78.0,0,92,0,0,0,0,3,0,0,0,0,0,0,0,0,0,0,1,0
4,0,0,0,0.5,4,0,0,1,0,0,0,83.199997,0,88,0,0,1,0,4,0,0,0,0,0,0,0,0,0,1,0,0
3,0,1,0,3.122,4,0,0,0,1,0,0,67.600006,0,88,0,0,0,0,3,0,0,0,0,0,0,0,0,0,0,1,0
3,0,1,0,0.7,4,0,0,0,1,0,0,86.25,1,94,0,0,0,0,7,0,0,0,0,0,0,1,0,0,0,0,0
3,0,1,0,0.4,4,0,0,0,1,0,0,90.200005,0,93,0,0,0,0,5,1,0,0,0,0,0,0,0,1,0,0,0
3,0,1,0,1.1,4,0,0,0,1,0,0,79.200005,0,93,0,0,0,0,5,0,0,0,0,0,0,0,0,1,0,0,0
3,0,0,0,0.2,4,0,0,1,1,0,0,66.300003,0,88,0,0,0,0,2,1,0,0,0,0,0,0,0,0,0,0,1
3,0,1,0,1.441,4,0,0,0,1,0,0,76.5,0,90,0,0,0,0,2,0,0,0,0,0,0,0,0,0,0,0,1
4,1,0,0,0.9380000000000001,4,0,0,0,0,0,1,76.5,0,87,0,0,0,0,3,1,0,0,0,0,0,0,0,0,0,1,0
3,0,0,0,1.761,4,0,0,0,0,1,0,69.550003,1,88,0,0,1,0,4,0,0,0,0,0,0,0,0,0,1,0,0
4,0,1,0,14.0,4,0,0,0,1,0,0,106.479996,1,94,0,0,0,0,10,0,0,0,1,0,0,0,0,0,0,0,0
5,0,1,0,1.0,4,0,0,0,0,0,0,78.0,0,87,0,0,1,0,5,0,0,0,0,0,0,0,0,1,0,0,0
3,0,0,0,2.75,4,0,0,1,1,0,0,71.400002,1,86,0,0,0,0,2,0,0,0,0,0,0,0,0,0,0,0,1
3,0,1,0,2.3,4,0,0,0,1,0,0,80.0,1,91,0,0,0,0,1,0,0,1,0,0,0,0,0,0,0,0,0
4,0,0,0,0.575,4,0,0,0,1,1,0,70.0,0,87,0,0,0,0,2,0,0,0,0,0,0,0,0,0,0,0,1
4,0,0,0,5.13,4,0,0,0,1,1,0,84.999992,0,88,0,0,0,0,2,0,0,0,0,0,0,0,0,0,0,0,1
3,0,1,0,3.4539999999999997,4,0,0,0,1,0,0,77.039993,0,92,0,0,0,0,4,0,0,0,0,0,0,0,0,0,1,0,0
4,0,1,0,0.365,4,0,0,0,1,0,0,90.0,0,92,0,0,0,0,2,1,0,0,0,0,0,0,0,0,0,0,1
3,0,1,0,0.5900000000000001,4,0,0,0,1,0,0,67.600006,1,84,0,0,0,0,3,0,0,0,0,0,0,0,0,0,0,1,0
2,0,0,1,0.682,4,0,0,0,0,0,1,67.600006,0,92,0,0,0,0,2,1,0,0,0,0,0,0,0,0,0,0,1
3,0,1,0,0.225,4,0,0,0,1,0,0,82.499992,0,90,0,0,0,0,5,0,0,0,0,0,0,0,0,1,0,0,0
3,0,0,0,0.7,4,0,0,0,1,1,0,66.300003,0,84,0,0,0,0,2,0,0,0,0,0,0,0,0,0,0,0,1
3,0,1,0,1.0,4,0,0,0,1,0,0,91.799988,1,92,0,0,0,0,2,0,0,0,0,0,0,0,0,0,0,0,1
3,0,0,0,0.21600000000000003,4,0,0,1,0,0,0,61.200005,0,87,0,0,0,0,2,0,0,0,0,0,0,0,0,0,0,0,1
3,0,0,0,4.7,4,0,0,0,0,1,0,93.5,0,93,0,0,1,0,5,0,0,0,0,0,0,0,0,1,0,0,0
4,0,1,0,0.488,4,1,0,0,1,0,0,81.600006,0,91,0,0,0,0,3,0,0,0,0,0,0,0,0,0,0,1,0
2,0,0,0,0.21000000000000002,4,0,0,0,0,0,1,56.099998,0,85,0,0,1,0,1,1,0,1,0,0,0,0,0,0,0,0,0
2,0,0,0,0.7,4,0,0,0,0,0,1,74.749992,0,94,0,0,1,0,6,1,0,0,0,0,0,0,1,0,0,0,0
3,0,1,0,0.31,4,0,0,0,1,0,0,62.400009,0,85,0,0,0,0,3,0,0,0,0,0,0,0,0,0,0,1,0
2,0,0,0,1.46,4,0,0,0,0,0,1,72.599998,0,83,0,0,1,0,8,0,0,0,0,0,1,0,0,0,0,0,0
4,0,0,0,4.29,4,0,0,0,1,1,0,81.600006,0,88,0,0,0,0,3,0,0,0,0,0,0,0,0,0,0,1,0
3,1,0,0,0.152,4,0,0,0,0,0,1,68.0,0,87,0,0,0,0,1,0,0,1,0,0,0,0,0,0,0,0,0
3,0,1,0,0.41,4,0,0,0,1,0,0,62.400009,0,84,0,0,0,0,3,0,0,0,0,0,0,0,0,0,0,1,0
3,0,1,0,1.1720000000000002,4,1,0,0,1,0,0,62.150002,0,87,0,0,0,0,6,0,0,0,0,0,0,0,1,0,0,0,0
3,0,1,0,0.09,4,0,0,0,1,0,0,67.600006,0,86,0,0,0,0,3,0,0,0,0,0,0,0,0,0,0,1,0
4,0,1,0,0.2,4,0,0,0,1,0,0,93.5,0,92,0,0,0,0,6,1,0,0,0,0,0,0,1,0,0,0,0
4,0,1,0,0.35,4,0,0,0,1,0,0,90.0,0,93,0,0,0,0,2,1,0,0,0,0,0,0,0,0,0,0,1
3,0,1,0,2.183,4,1,0,0,1,0,0,81.600006,0,93,0,0,0,0,2,0,0,0,0,0,0,0,0,0,0,0,1
3,0,0,0,0.08299999999999999,4,0,0,0,0,0,1,72.799995,0,87,0,0,1,0,3,0,0,0,0,0,0,0,0,0,0,1,0
3,0,1,0,1.534,4,0,0,0,1,0,0,76.5,0,92,0,0,0,0,2,1,0,0,0,0,0,0,0,0,0,0,1
3,0,1,0,0.64,4,0,0,0,1,0,0,81.600006,1,90,0,0,0,0,2,0,0,0,0,0,0,0,0,0,0,0,1
3,0,1,0,0.612,4,0,0,0,1,0,0,63.240005,0,87,0,0,0,0,2,0,0,0,0,0,0,0,0,0,0,0,1
3,0,0,0,0.3,4,0,0,0,0,0,0,61.200005,0,85,0,0,1,0,2,1,0,0,0,0,0,0,0,0,0,0,1
3,0,1,0,0.7,4,0,0,0,1,0,0,77.039993,1,93,0,0,0,0,4,0,0,0,0,0,0,0,0,0,1,0,0
2,0,0,0,0.41500000000000004,4,0,0,0,0,0,1,69.550003,0,86,0,0,1,0,3,1,0,0,0,0,0,0,0,0,0,1,0
2,0,0,1,5.0,4,0,0,0,0,0,1,71.189995,0,88,0,0,0,0,5,0,0,0,0,0,0,0,0,1,0,0,0
3,0,0,0,0.22200000000000003,4,0,0,0,1,1,0,88.0,1,93,0,0,0,0,5,0,0,0,0,0,0,0,0,1,0,0,0
3,0,1,0,17.0,4,0,0,0,1,0,0,92.019997,1,95,0,0,0,0,4,0,0,0,0,0,0,0,0,0,1,0,0
3,0,1,0,2.0,4,0,0,0,1,0,0,76.5,0,88,0,0,0,0,2,0,0,0,0,0,0,0,0,0,0,0,1
3,0,1,0,10.0,4,0,0,0,1,0,0,84.699989,0,91,0,0,0,0,5,0,0,0,0,0,0,0,0,1,0,0,0
3,0,0,0,6.0,4,0,0,0,1,1,0,82.499992,0,91,0,0,0,0,5,0,0,0,0,0,0,0,0,1,0,0,0
3,0,1,0,0.9,4,0,0,0,1,0,0,90.950012,0,92,0,0,0,0,4,0,0,0,0,0,0,0,0,0,1,0,0
4,0,0,0,0.24900000000000003,4,0,0,0,0,1,0,78.0,0,87,0,0,0,1,4,0,0,0,0,0,0,0,0,0,1,0,0
3,0,1,0,0.25,4,0,0,0,1,0,0,76.5,0,92,0,0,0,0,2,0,0,0,0,0,0,0,0,0,0,0,1
3,0,0,0,2.869,4,0,0,0,0,1,0,77.0,0,92,0,0,0,0,5,0,1,0,0,0,0,0,0,1,0,0,0
4,0,1,0,18.0,4,0,0,0,1,0,0,104.0,1,91,0,0,0,0,4,0,0,0,0,0,0,0,0,0,1,0,0
4,0,1,0,17.0,4,0,0,0,1,0,0,104.0,0,89,0,0,0,0,4,0,0,0,0,0,0,0,0,0,1,0,0
2,1,0,0,0.35,4,0,0,0,0,0,1,66.300003,0,89,0,0,0,0,1,1,0,1,0,0,0,0,0,0,0,0,0
4,0,0,0,0.8,4,0,0,0,1,1,0,88.400002,0,92,0,0,0,0,4,0,0,0,0,0,0,0,0,0,1,0,0
4,0,0,1,0.3,4,0,0,0,0,0,1,85.599991,0,92,0,0,0,0,5,0,0,0,0,0,0,0,0,1,0,0,0
3,0,0,0,6.7,4,0,0,1,0,0,0,83.490005,0,91,0,0,1,0,9,0,0,0,0,1,0,0,0,0,0,0,0
3,1,0,0,0.4,4,0,0,0,0,0,1,81.600006,0,89,0,0,0,0,2,1,0,0,0,0,0,0,0,0,0,0,1
3,0,0,0,1.54,4,0,0,0,1,1,0,75.0,0,91,0,0,0,0,1,0,0,1,0,0,0,0,0,0,0,0,0
4,0,1,0,0.9,4,0,0,0,1,0,0,88.400002,0,90,0,0,0,0,4,0,0,0,0,0,0,0,0,0,1,0,0
3,0,1,0,2.0,4,0,0,0,1,0,0,81.400002,0,95,0,0,0,0,5,0,0,0,0,0,0,0,0,1,0,0,0
3,0,1,0,0.7,4,0,0,0,1,0,0,73.450005,0,89,0,0,0,0,6,0,0,0,0,0,0,0,1,0,0,0,0
4,0,0,0,4.0,4,0,0,0,1,1,0,79.18,0,91,0,0,0,0,5,0,0,0,0,0,0,0,0,1,0,0,0
3,0,0,0,2.0,4,0,0,1,1,0,0,71.690002,0,89,0,0,0,0,4,0,0,0,0,0,0,0,0,0,1,0,0
3,0,1,0,1.1,4,0,0,0,1,0,0,78.0,0,88,0,0,0,0,3,0,0,0,0,0,0,0,0,0,0,1,0
3,1,0,0,3.6,4,0,0,0,0,1,0,87.010002,0,92,0,0,0,0,6,0,0,0,0,0,0,0,1,0,0,0,0
3,0,0,0,0.3,4,0,0,0,1,1,0,76.5,1,91,0,0,0,0,2,0,0,0,0,0,0,0,0,0,0,0,1
3,0,1,0,2.0,4,0,0,0,1,0,0,82.499992,0,95,0,0,0,0,5,0,0,0,0,0,0,0,0,1,0,0,0
2,0,1,0,0.75,4,0,0,0,1,0,0,62.000004,0,90,0,0,0,0,9,0,0,0,0,1,0,0,0,0,0,0,0
2,0,1,0,1.1,4,0,0,0,1,0,0,71.299995,0,88,0,0,0,0,6,0,0,0,0,0,0,0,1,0,0,0,0
4,0,0,0,0.7,4,0,0,0,0,0,1,83.950005,0,88,0,0,1,0,8,1,0,0,0,0,1,0,0,0,0,0,0
3,0,1,0,0.256,4,0,0,0,1,0,0,80.25,0,96,0,0,0,0,4,0,0,0,0,0,0,0,0,0,1,0,0
4,0,1,0,11.0,4,1,0,0,1,0,0,85.409996,0,91,0,0,0,0,9,0,0,0,0,1,0,0,0,0,0,0,0
3,0,0,0,0.075,4,0,0,0,0,0,0,84.999992,0,96,1,0,0,1,1,1,0,1,0,0,0,0,0,0,0,0,0
3,0,0,0,2.0,4,0,0,1,1,0,0,84.699989,0,92,0,0,0,0,5,0,0,0,0,0,0,0,0,1,0,0,0
3,0,1,0,0.1,4,0,0,0,1,0,0,82.499992,0,95,0,0,0,0,5,0,0,0,0,0,0,0,0,1,0,0,0
3,0,1,0,1.5,4,0,0,0,1,0,0,67.600006,0,86,0,0,0,0,3,0,0,0,0,0,0,0,0,0,0,1,0
4,0,1,0,0.2,4,0,0,0,1,0,0,93.5,0,94,0,0,0,0,6,1,0,0,0,0,0,0,1,0,0,0,0
3,0,1,0,1.25,4,0,0,0,1,0,0,86.699997,0,90,0,0,0,0,2,1,0,0,0,0,0,0,0,0,0,0,1
3,0,1,0,1.3279999999999998,4,0,0,0,1,0,0,74.899994,0,90,0,0,0,0,4,0,0,0,0,0,0,0,0,0,1,0,0
5,0,0,0,0.25,4,1,0,1,0,0,0,84.75,0,90,0,0,1,0,8,0,0,0,0,0,1,0,0,0,0,0,0
3,0,1,0,3.4,4,0,0,0,1,0,0,67.600006,1,88,0,0,0,0,3,0,0,0,0,0,0,0,0,0,0,1,0
3,0,1,0,0.73,4,0,0,0,1,0,0,76.5,0,93,0,0,0,0,2,0,0,0,0,0,0,0,0,0,0,0,1
3,0,1,0,2.3,4,0,0,0,0,0,0,76.5,0,94,0,0,0,0,2,0,1,0,0,0,0,0,0,0,0,0,1
3,1,0,0,0.397,4,0,0,0,0,0,1,66.300003,0,89,0,0,0,0,2,1,0,0,0,0,0,0,0,0,0,0,1
3,0,1,0,0.9,4,0,0,0,1,0,0,88.73999,1,93,0,0,0,0,2,0,0,0,0,0,0,0,0,0,0,0,1
2,0,1,0,0.5599999999999999,4,0,0,0,1,0,0,71.299995,0,87,0,0,0,0,6,0,0,0,0,0,0,0,1,0,0,0,0
3,0,1,0,0.308,4,0,0,0,1,0,0,79.099998,1,93,0,0,0,0,6,0,0,0,0,0,0,0,1,0,0,0,0
3,0,1,0,0.52,4,0,0,0,1,0,0,67.600006,1,87,0,0,0,0,3,1,0,0,0,0,0,0,0,0,0,1,0
3,0,1,0,0.255,4,0,0,0,1,0,0,62.400009,0,83,0,0,0,0,3,1,0,0,0,0,0,0,0,0,0,1,0
3,0,0,0,4.733,4,0,0,0,1,1,0,84.699989,0,90,0,0,0,0,9,0,0,0,0,1,0,0,0,0,0,0,0
4,0,1,0,9.0,4,1,0,0,1,0,0,90.399994,0,91,0,0,0,0,7,0,0,0,0,0,0,1,0,0,0,0,0
2,0,1,0,0.6,4,0,0,0,1,0,0,68.579994,0,92,0,0,0,0,10,0,0,0,1,0,0,0,0,0,0,0,0
3,0,0,0,2.75,4,0,0,1,1,0,0,72.799995,1,86,0,0,0,0,3,0,0,0,0,0,0,0,0,0,0,1,0
3,0,1,0,0.11399999999999999,4,0,0,0,1,0,0,67.600006,0,86,0,0,0,0,3,1,0,0,0,0,0,0,0,0,0,1,0
2,0,0,0,0.3,4,0,0,0,0,0,1,67.600006,0,86,0,0,1,0,2,1,0,0,0,0,0,0,0,0,0,0,1
4,0,1,0,8.8,4,0,0,0,1,0,0,98.010002,0,90,0,0,0,0,10,0,0,0,1,0,0,0,0,0,0,0,0
4,0,1,0,0.35,4,0,0,0,1,0,0,85.599991,0,93,0,0,0,0,5,0,0,0,0,0,0,0,0,1,0,0,0
3,0,1,0,0.581,4,0,0,0,1,0,0,76.5,0,90,0,0,0,0,2,0,0,0,0,0,0,0,0,0,0,0,1
4,0,0,0,0.7,4,0,0,0,1,1,0,88.0,0,92,0,0,0,0,6,0,0,0,0,0,0,0,1,0,0,0,0
3,1,0,0,0.33599999999999997,4,0,0,0,0,0,1,62.400009,0,84,0,0,0,0,3,1,0,0,0,0,0,0,0,0,0,1,0
5,0,1,0,1.611,4,0,0,0,0,0,0,86.699997,0,90,0,0,1,0,4,0,0,0,0,0,0,0,0,0,1,0,0
3,0,0,0,0.3,4,0,0,0,1,1,0,76.5,0,90,0,0,0,0,2,0,0,0,0,0,0,0,0,0,0,0,1
3,0,1,0,0.045,4,0,0,0,1,0,0,83.199997,0,91,0,0,0,0,3,0,0,0,0,0,0,0,0,0,0,1,0
3,0,0,0,0.211,4,0,0,0,0,0,1,78.0,0,92,0,0,1,0,3,1,0,0,0,0,0,0,0,0,0,1,0
3,0,1,0,1.7,4,0,0,0,1,0,0,81.600006,0,94,0,0,0,0,2,0,0,0,0,0,0,0,0,0,0,0,1
3,0,0,0,0.3,4,0,0,0,1,1,0,73.450005,0,89,0,0,0,0,6,0,0,0,0,0,0,0,1,0,0,0,0
3,0,0,0,1.364,4,0,0,1,1,0,0,67.600006,0,88,0,0,0,0,3,1,0,0,0,0,0,0,0,0,0,1,0
3,0,0,0,0.22400000000000003,4,0,0,1,1,0,0,64.200005,0,87,0,0,0,0,4,0,0,0,0,0,0,0,0,0,1,0,0
4,0,1,0,1.7,4,0,0,0,1,0,0,90.0,0,90,0,0,0,0,2,0,0,0,0,0,0,0,0,0,0,0,1
4,0,1,0,0.15,4,0,0,0,1,0,0,83.199997,0,90,0,0,0,0,4,0,0,0,0,0,0,0,0,0,1,0,0
3,0,1,0,18.0,4,0,0,0,1,0,0,104.0,1,87,0,0,0,0,3,0,0,0,0,0,0,0,0,0,0,1,0
5,0,0,0,0.7,4,0,0,0,0,0,1,97.749992,0,88,0,0,1,0,9,0,0,0,0,1,0,0,0,0,0,0,0
4,0,1,0,0.24,4,0,0,0,1,0,0,84.999992,0,92,0,0,0,0,2,1,0,0,0,0,0,0,0,0,0,0,1
3,0,1,0,5.0,4,0,0,0,1,0,0,87.400002,0,92,0,0,0,0,7,0,0,0,0,0,0,1,0,0,0,0,0
4,0,0,0,0.36,4,0,0,0,1,1,0,84.999992,0,89,0,0,0,0,2,0,0,0,0,0,0,0,0,0,0,0,1
3,0,1,0,4.621,4,0,0,0,1,0,0,101.650002,1,92,0,0,0,0,4,0,0,0,0,0,0,0,0,0,1,0,0
3,0,1,0,0.95,4,1,0,0,0,0,0,90.399994,0,90,0,0,1,0,6,1,0,0,0,0,0,0,1,0,0,0,0
3,0,1,0,0.576,4,0,0,0,0,0,0,98.800011,1,92,0,0,0,0,3,0,1,0,0,0,0,0,0,0,0,1,0
2,0,0,0,0.513,4,1,0,1,1,0,0,82.499992,0,87,0,0,0,0,4,0,0,0,0,0,0,0,0,0,1,0,0
3,0,1,0,1.1,4,0,0,0,1,0,0,96.900009,1,89,0,0,0,0,2,0,0,0,0,0,0,0,0,0,0,0,1
3,0,1,0,0.25,4,0,0,0,0,0,0,102.000008,0,91,0,0,1,0,2,1,0,0,0,0,0,0,0,0,0,0,1
2,0,1,0,0.65,4,0,0,0,1,0,0,88.330002,0,86,0,0,0,0,8,0,0,0,0,0,1,0,0,0,0,0,0
3,0,1,0,0.588,4,0,0,0,1,0,0,96.900009,1,94,0,0,0,0,2,0,0,0,0,0,0,0,0,0,0,0,1
3,0,1,0,0.485,4,0,0,0,1,0,0,110.000008,0,95,0,0,0,0,5,0,0,0,0,0,0,0,0,1,0,0,0
3,0,0,0,0.22000000000000003,4,0,0,0,1,1,0,102.000008,0,93,0,0,0,0,2,0,0,0,0,0,0,0,0,0,0,0,1
4,0,0,0,2.989,4,0,0,0,1,1,0,96.300011,0,88,0,0,0,0,5,0,0,0,0,0,0,0,0,1,0,0,0
4,0,1,0,1.65,4,0,0,0,1,0,0,118.649994,1,96,0,0,0,0,7,0,0,0,0,0,0,1,0,0,0,0,0
3,0,1,0,0.258,4,0,0,0,1,0,0,102.000008,0,91,0,0,0,0,2,0,0,0,0,0,0,0,0,0,0,0,1
3,0,1,0,0.454,4,0,0,0,1,0,0,104.860001,1,92,0,0,0,0,4,0,0,0,0,0,0,0,0,0,1,0,0
5,0,1,0,0.2,4,0,0,0,1,0,0,104.0,0,92,0,0,0,0,5,0,0,0,0,0,0,0,0,1,0,0,0
2,0,0,1,0.33999999999999997,4,0,0,0,0,0,1,82.499992,0,92,0,0,0,0,4,0,0,0,0,0,0,0,0,0,1,0,0
5,0,1,0,0.7,4,0,0,0,1,0,0,113.490005,0,93,0,0,0,0,10,1,0,0,1,0,0,0,0,0,0,0,0
2,0,0,0,0.7,4,0,0,0,1,0,0,93.149994,0,93,0,0,0,0,6,1,0,0,0,0,0,0,1,0,0,0,0
2,1,0,0,1.018,4,0,0,0,0,0,0,89.099998,0,89,0,0,0,0,4,1,0,0,0,0,0,0,0,0,1,0,0
3,0,1,0,0.020999999999999998,4,0,0,0,1,0,0,110.000008,0,92,0,0,0,0,5,0,0,0,0,0,0,0,0,1,0,0,0
4,0,1,0,2.0,4,0,0,0,1,0,0,96.900009,1,88,0,0,0,0,3,0,0,0,0,0,0,0,0,0,0,1,0
3,0,1,0,0.21000000000000002,4,0,0,0,1,0,0,110.000008,0,95,0,0,0,0,5,0,0,0,0,0,0,0,0,1,0,0,0
4,0,1,0,0.2,4,0,0,0,1,0,0,110.000008,0,93,0,0,0,0,6,0,0,0,0,0,0,0,1,0,0,0,0
2,0,0,0,0.26,4,0,0,0,1,1,0,78.0,0,89,0,0,0,0,2,0,0,0,0,0,0,0,0,0,0,0,1
3,0,0,0,3.9,4,0,0,0,0,1,0,110.000008,0,96,0,0,1,0,5,0,0,0,0,0,0,0,0,1,0,0,0
4,0,1,0,0.998,4,0,0,0,1,0,0,100.0,0,92,0,0,0,0,2,0,0,0,0,0,0,0,0,0,0,0,1
3,0,1,0,0.453,4,0,0,0,1,0,0,101.650002,0,92,0,0,0,0,4,1,0,0,0,0,0,0,0,0,1,0,0
4,0,1,0,0.18,4,0,0,0,0,0,0,110.000008,0,92,0,0,1,0,6,0,0,0,0,0,0,0,1,0,0,0,0
2,0,1,0,0.6,4,0,0,0,1,0,0,76.200005,1,85,0,0,0,0,10,0,0,0,1,0,0,0,0,0,0,0,0
4,0,0,0,0.425,4,0,0,1,0,0,0,102.000008,0,86,0,0,1,0,3,1,0,0,0,0,0,0,0,0,0,1,0
3,0,1,0,0.546,4,0,0,0,1,0,0,91.799988,0,90,0,0,0,0,2,1,0,0,0,0,0,0,0,0,0,0,1
3,0,1,0,0.2,4,0,0,0,1,0,0,97.749992,0,92,0,0,0,0,7,1,0,0,0,0,0,1,0,0,0,0,0
1,0,0,0,0.125,4,0,0,1,1,0,0,83.199997,0,87,0,0,0,0,1,0,0,1,0,0,0,0,0,0,0,0,0
3,0,1,0,2.0,4,0,0,0,1,0,0,102.000008,0,95,0,0,0,0,2,0,0,0,0,0,0,0,0,0,0,0,1
3,0,1,0,0.302,4,0,0,0,1,0,0,88.400002,0,87,0,0,0,0,3,1,0,0,0,0,0,0,0,0,0,1,0
3,0,0,0,6.0,4,0,0,0,1,1,0,104.0,0,91,0,0,0,0,3,0,0,0,0,0,0,0,0,0,0,1,0
3,0,0,0,6.0,4,0,0,0,1,1,0,101.699997,0,87,0,0,0,0,6,1,0,0,0,0,0,0,1,0,0,0,0
2,0,0,0,0.7,4,0,0,0,0,0,1,76.050003,0,86,0,0,1,0,7,0,0,0,0,0,0,1,0,0,0,0,0
3,0,1,0,2.2,4,0,0,0,1,0,0,105.090004,0,94,0,0,0,0,6,0,0,0,0,0,0,0,1,0,0,0,0
3,0,0,0,0.6,4,0,0,0,1,1,0,106.999992,0,93,0,0,0,0,4,0,0,0,0,0,0,0,0,0,1,0,0
3,0,0,0,0.7,4,0,0,0,0,0,1,81.900009,0,88,0,0,1,0,8,1,0,0,0,0,1,0,0,0,0,0,0
3,0,1,0,0.72,4,0,0,0,1,0,0,78.0,0,87,0,0,0,0,3,1,0,0,0,0,0,0,0,0,0,1,0
4,0,0,0,4.5,4,0,0,0,1,1,0,98.800011,0,91,0,0,0,0,4,0,0,0,0,0,0,0,0,0,1,0,0
3,0,0,0,1.8,4,0,0,0,1,1,0,94.379997,0,89,0,0,0,0,9,0,0,0,0,1,0,0,0,0,0,0,0
3,0,1,0,1.35,4,1,0,0,1,0,0,112.199997,0,92,0,0,0,0,2,1,0,0,0,0,0,0,0,0,0,0,1
3,1,1,0,0.365,4,0,0,0,0,0,0,88.400002,0,86,0,0,0,0,3,0,0,0,0,0,0,0,0,0,0,1,0
3,0,0,0,0.45,4,0,0,0,1,1,0,88.400002,0,82,0,0,0,0,3,0,0,0,0,0,0,0,0,0,0,1,0
3,0,1,0,2.3,4,0,0,0,1,0,0,104.0,0,91,0,0,0,0,3,0,0,0,0,0,0,0,0,0,0,1,0
3,0,1,0,12.6,4,0,0,0,1,0,0,119.599998,0,87,0,0,0,0,3,0,0,0,0,0,0,0,0,0,0,1,0
3,0,1,0,0.45,4,0,0,0,1,0,0,86.699997,1,88,0,0,0,0,2,0,0,0,0,0,0,0,0,0,0,0,1
3,0,0,0,0.99,4,0,0,0,1,1,0,97.749992,1,93,0,0,0,0,7,0,0,0,0,0,0,1,0,0,0,0,0
5,0,1,0,0.20400000000000001,4,0,0,0,0,0,0,102.000008,0,89,0,0,1,0,4,0,0,0,0,0,0,0,0,0,1,0,0
4,0,1,0,0.32599999999999996,4,0,0,0,1,0,0,102.000008,0,88,0,0,0,0,3,1,0,0,0,0,0,0,0,0,0,1,0
5,0,1,0,0.2,4,0,0,0,1,0,0,104.0,0,91,0,0,0,0,5,1,0,0,0,0,0,0,0,1,0,0,0
3,0,1,0,4.311,4,0,0,0,1,0,0,83.199997,0,86,0,0,0,0,3,0,0,0,0,0,0,0,0,0,0,1,0
3,0,1,0,2.3,4,0,0,0,1,0,0,110.000008,0,92,0,0,0,0,5,0,0,0,0,0,0,0,0,1,0,0,0
2,0,0,1,0.35,4,0,0,0,0,0,1,84.75,0,91,0,0,0,0,5,0,0,0,0,0,0,0,0,1,0,0,0
3,0,1,0,0.6,4,0,0,0,1,0,0,89.699997,0,89,0,0,0,0,7,1,0,0,0,0,0,1,0,0,0,0,0
3,0,0,0,5.6,4,0,0,0,1,1,0,93.600006,0,88,0,0,0,0,3,0,0,0,0,0,0,0,0,0,0,1,0
3,0,0,0,0.242,4,0,0,0,1,1,0,101.919998,1,90,0,0,0,0,3,0,0,0,0,0,0,0,0,0,0,1,0
3,0,0,1,0.24,4,0,0,0,0,0,1,100.0,0,93,0,0,0,0,1,1,0,1,0,0,0,0,0,0,0,0,0
4,0,1,0,0.095,4,0,0,0,1,0,0,93.090004,1,87,0,0,0,0,5,0,0,0,0,0,0,0,0,1,0,0,0
3,0,0,0,0.2,4,0,0,0,1,1,0,117.699997,0,93,0,0,0,0,4,0,0,0,0,0,0,0,0,0,1,0,0
4,0,1,0,0.5,4,0,0,0,1,0,0,93.600006,0,87,0,0,0,0,4,0,0,0,0,0,0,0,0,0,1,0,0
3,0,0,0,0.35,4,1,0,1,1,0,0,91.799988,0,83,0,0,0,0,2,0,0,0,0,0,0,0,0,0,0,0,1
3,0,1,0,0.195,4,0,0,0,1,0,0,117.299995,0,95,0,0,0,0,2,0,0,0,0,0,0,0,0,0,0,0,1
3,0,0,0,0.597,4,0,0,1,1,0,0,76.5,1,86,0,0,0,0,2,0,0,0,0,0,0,0,0,0,0,0,1
3,0,1,0,1.3,4,1,0,0,1,0,0,102.000008,0,96,0,0,0,0,2,0,0,0,0,0,0,0,0,0,0,0,1
3,0,0,0,2.8,4,0,0,0,1,1,0,104.0,0,91,0,0,0,0,3,1,0,0,0,0,0,0,0,0,0,1,0
3,0,1,0,0.178,4,0,0,0,1,0,0,98.800011,0,91,0,0,0,0,3,0,0,0,0,0,0,0,0,0,0,1,0
4,0,1,0,1.67,4,0,0,0,1,0,0,105.800003,0,90,0,0,0,0,8,0,0,0,0,0,1,0,0,0,0,0,0
3,0,0,0,0.7,4,0,0,0,1,1,0,93.0,0,82,0,0,0,0,10,0,0,0,1,0,0,0,0,0,0,0,0
3,0,1,0,0.29500000000000004,4,0,0,0,1,0,0,93.5,0,91,0,0,0,0,5,1,0,0,0,0,0,0,0,1,0,0,0
3,0,0,0,1.9,4,0,0,0,0,1,0,91.799988,0,86,0,0,1,0,2,0,0,0,0,0,0,0,0,0,0,0,1
4,0,0,0,0.22000000000000003,4,0,0,0,1,1,0,104.500008,0,94,0,0,0,0,6,1,0,0,0,0,0,0,1,0,0,0,0
3,0,0,0,0.215,4,0,0,0,1,0,0,76.5,1,87,1,0,0,0,2,1,0,0,0,0,0,0,0,0,0,0,1
3,0,0,0,5.2,4,0,0,0,1,1,0,110.210007,0,97,0,0,0,0,4,0,0,0,0,0,0,0,0,0,1,0,0
4,0,1,0,12.0,4,1,0,0,1,0,0,111.320007,0,92,0,0,0,0,10,0,0,0,1,0,0,0,0,0,0,0,0
3,0,0,0,1.15,4,0,0,0,1,1,0,85.599991,0,86,0,0,0,0,4,0,0,0,0,0,0,0,0,0,1,0,0
3,0,1,0,0.3,4,0,0,0,1,0,0,82.490005,0,87,0,0,0,0,6,0,0,0,0,0,0,0,1,0,0,0,0
3,0,0,0,1.9,4,0,0,0,0,1,0,91.799988,0,85,0,0,1,0,2,0,0,0,0,0,0,0,0,0,0,0,1
3,0,1,0,0.15,4,0,0,0,1,0,0,88.400002,0,88,0,0,0,0,3,0,0,0,0,0,0,0,0,0,0,1,0
2,0,0,1,0.794,4,0,0,0,0,0,1,78.0,0,88,0,0,0,0,2,0,0,0,0,0,0,0,0,0,0,0,1
3,0,0,0,1.6199999999999999,4,0,0,0,1,1,0,102.000008,0,92,0,0,0,0,2,1,0,0,0,0,0,0,0,0,0,0,1
5,0,1,0,0.10700000000000001,4,0,0,0,1,0,0,102.000008,1,88,0,0,0,0,4,0,0,0,0,0,0,0,0,0,1,0,0
4,0,0,0,1.15,4,1,0,0,1,1,0,114.400002,0,93,0,0,0,0,4,1,0,0,0,0,0,0,0,0,1,0,0
3,0,1,0,0.25,4,0,0,0,1,0,0,106.999992,1,93,0,0,0,0,4,0,0,0,0,0,0,0,0,0,1,0,0
4,0,0,0,1.95,4,0,0,0,0,1,0,120.000008,0,92,0,0,0,0,2,0,0,0,0,0,0,0,0,0,0,0,1
3,0,0,0,0.4,4,0,0,0,1,1,0,99.959999,0,91,0,0,0,0,2,0,0,0,0,0,0,0,0,0,0,0,1
3,0,1,0,0.28500000000000003,4,0,0,0,1,0,0,112.999992,0,92,0,0,0,0,6,0,0,0,0,0,0,0,1,0,0,0,0
3,0,1,0,0.85,4,0,0,0,1,0,0,102.000008,1,94,0,0,0,0,2,0,0,0,0,0,0,0,0,0,0,0,1
3,0,1,0,0.35,4,0,0,0,1,0,0,93.600006,0,90,0,0,0,0,3,1,0,0,0,0,0,0,0,0,0,1,0
3,0,0,0,0.466,4,0,0,0,1,1,0,104.860001,1,91,0,0,0,0,4,0,0,0,0,0,0,0,0,0,1,0,0
3,0,1,0,0.2,4,0,0,0,1,0,0,97.749992,0,92,0,0,0,0,7,1,0,0,0,0,0,1,0,0,0,0,0
2,0,1,0,0.65,4,0,0,0,1,0,0,89.279999,0,92,0,0,0,0,9,0,0,0,0,1,0,0,0,0,0,0,0
3,0,0,0,0.178,4,0,0,0,1,1,0,102.000008,1,93,0,0,0,0,2,0,0,0,0,0,0,0,0,0,0,0,1
3,0,1,0,0.3,4,0,0,0,1,0,0,115.499992,0,94,0,0,0,0,5,0,0,0,0,0,0,0,0,1,0,0,0
3,0,1,0,0.348,4,0,0,0,1,0,0,101.919998,1,91,0,0,0,0,3,0,0,0,0,0,0,0,0,0,0,1,0
2,0,1,0,0.75,4,0,0,0,1,0,0,88.330002,0,85,0,0,0,0,8,0,0,0,0,0,1,0,0,0,0,0,0
5,0,1,0,4.449,4,0,0,0,1,0,0,110.000008,0,87,0,0,0,0,3,1,0,0,0,0,0,0,0,0,0,1,0
2,0,1,0,0.15,4,0,0,0,0,0,0,80.25,1,88,0,0,0,0,3,1,1,0,0,0,0,0,0,0,0,1,0
3,0,0,1,0.36,4,0,0,0,0,0,1,85.599991,0,89,0,0,0,0,4,0,0,0,0,0,0,0,0,0,1,0,0
3,0,0,0,2.164,4,0,0,0,0,1,0,116.280006,0,96,0,0,1,0,2,0,0,0,0,0,0,0,0,0,0,0,1
3,1,1,0,1.0,4,0,0,0,0,0,0,106.999992,0,93,0,0,0,0,4,0,0,0,0,0,0,0,0,0,1,0,0
5,0,0,0,0.41500000000000004,4,0,0,0,1,1,0,102.830002,0,86,0,0,0,0,8,0,0,0,0,0,1,0,0,0,0,0,0
3,0,1,0,0.625,4,1,0,0,0,0,0,106.999992,0,92,0,0,1,0,4,1,0,0,0,0,0,0,0,0,1,0,0
3,0,0,0,0.425,4,0,0,0,1,1,0,81.600006,0,87,0,0,0,0,2,1,0,0,0,0,0,0,0,0,0,0,1
3,0,0,0,0.305,4,0,0,0,1,1,0,104.500008,0,91,0,0,0,0,5,0,0,0,0,0,0,0,0,1,0,0,0
4,0,1,0,1.05,4,0,0,0,1,0,0,97.18,0,91,0,0,0,0,7,0,0,0,0,0,0,1,0,0,0,0,0
3,0,1,0,0.12,4,0,0,0,1,0,0,110.000008,0,94,0,0,0,0,5,0,0,0,0,0,0,0,0,1,0,0,0
3,0,1,0,11.0,4,1,0,0,1,0,0,114.400002,0,87,0,0,0,0,3,0,0,0,0,0,0,0,0,0,0,1,0
3,0,0,0,0.975,4,0,0,0,1,1,0,83.199997,0,88,0,0,0,0,3,0,0,0,0,0,0,0,0,0,0,1,0
2,0,0,0,0.16,4,0,1,0,0,0,1,78.0,0,88,0,0,0,0,2,1,0,0,0,0,0,0,0,0,0,0,1
4,1,0,0,3.9850000000000003,4,0,0,0,0,1,0,112.320007,0,91,0,0,0,0,9,0,0,0,0,1,0,0,0,0,0,0,0
3,0,1,0,2.7,4,0,0,0,1,0,0,96.800011,0,92,0,0,0,0,9,0,0,0,0,1,0,0,0,0,0,0,0
4,0,0,0,2.0,4,0,0,0,1,1,0,99.0,0,92,0,0,0,0,6,0,0,0,0,0,0,0,1,0,0,0,0
4,0,1,0,2.0,4,0,0,0,1,0,0,102.830002,0,91,0,0,0,0,7,0,0,0,0,0,0,1,0,0,0,0,0
3,0,0,0,7.0,4,0,0,0,1,1,0,111.180008,0,95,0,0,0,0,2,0,0,0,0,0,0,0,0,0,0,0,1
3,0,0,0,0.2,4,0,0,0,1,1,0,85.680008,0,87,0,0,0,0,2,0,0,0,0,0,0,0,0,0,0,0,1
3,0,0,0,0.5309999999999999,4,0,0,0,0,0,1,99.199989,0,93,0,0,1,0,10,0,0,0,1,0,0,0,0,0,0,0,0
3,0,1,0,1.282,4,0,0,0,1,0,0,78.0,0,85,0,0,0,0,3,0,0,0,0,0,0,0,0,0,0,1,0
3,0,0,0,0.5549999999999999,4,0,0,0,0,0,1,80.5,0,87,0,0,1,0,7,1,0,0,0,0,0,1,0,0,0,0,0
3,0,1,0,0.874,4,0,0,0,1,0,0,78.0,1,87,0,0,0,0,3,0,0,0,0,0,0,0,0,0,0,1,0
2,0,1,0,1.378,4,0,0,0,1,0,0,83.199997,0,90,0,0,0,0,2,0,0,0,0,0,0,0,0,0,0,0,1
3,0,0,0,0.2,4,0,0,0,0,0,0,76.5,0,86,1,1,0,0,2,0,0,0,0,0,0,0,0,0,0,0,1
